,키워드,"PC
 검색량","MB
 검색량","전체
 검색량",속성,"지식인
글개수
","카페
 글개수","인플
 글개수","블로그
 글개수",1탭,2탭,3탭,4탭,5탭,6탭,7탭,8탭,9탭,10탭,접촉지점,"탭순서
갱신일",파워링크,브랜드컨텐츠,가격비교,네플스,클립,,관련문서,,,,,,,,,,인기글7,,인기글3,,스마트블록,뉴스,,웹문서,,동영상,,이미지,확인일,자리상단하단
고유번호,,,,,,,,,,,,,,,,,,,,,,,,,,클립(본문),클립(댓글),카페(본문),카페(댓글1),댓글 2,댓글 3,블로그(본문),블로그(댓글),지식인(본문),지식인(댓글),지식인(댓글2),지식인(댓글3),본문,댓글,본문,댓글,,본문,댓글,본문,댓글,본문,댓글,,,
2,70대아빠선물,10,30,40,-,0,4,0,4,네이버플러스 스토어,선물샵,인기글,파워링크,네이버 클립,이미지,웹문서,,,,5,260728,,,,,,,,,,,,,,,,,,,,,,,,,,,,,,
3,80대할머니선물,290,"1,530","1,820",-,0,6,0,1,파워링크,네이버플러스 스토어,선물샵,함께 많이 찾는,인기글,네이버 클립,웹문서,,,,5,,,,,,,,,,,,,,,,,,,,,,,,,,,,,,,
4,80대할머니생신선물,20,160,180,-,1,8,2,9,파워링크,네이버플러스 스토어,선물샵,함께 많이 찾는,관련문서,네이버 클립,관련문서,이미지,웹문서,,5,,,,,,,,,,,,,,,,,,,,,,,,,,,,,,,
5,부모님어버이날선물,5,5,10,-,0,6,0,6,파워링크,네이버플러스 스토어,선물샵,함께 많이 찾는,육아 주제 네이버 메이트,동영상,관련문서,관련문서,뉴스,이미지,5,,,,,,,,,,,,,,,,,,,,,,,,,,,,,,,
6,허리협착증에좋은운동,70,"1,020","1,090",-,3,5,3,5,파워링크,브랜드 콘텐츠,관련문서,네이버 클립,건강 주제 네이버 메이트,이미지,함께 많이 찾는,관련문서,웹문서,,4,,,유료마킹필,,,,,,,,,,,,노출성공,노출성공,,,,,,,,,,,,,,,
7,허리온열기,20,70,90,-,0,2,0,3,파워링크,네이버 가격비교,네이버플러스 스토어,함께 많이 찾는,상품리뷰 인기글,웹문서,,,,,5,,,,,,,,,,,,,,,,,,,,,,,,,,,,,,,
8,충전식찜질기,30,50,80,-,0,0,0,0,파워링크,네이버 가격비교,네이버플러스 스토어,함께 많이 찾는,웹문서,,,,,,5,,,,,,,,,,,,,,,,,,,,,,,,,,,,,,,
9,허리디스크파열,120,"1,040","1,160",-,3,4,3,6,파워링크,브랜드 콘텐츠,건강 주제 네이버 메이트,이미지,함께 많이 찾는,관련문서,뉴스,웹문서,,,2,,,유료마킹필,,,,,,,,,,,,,,,,,,,,,,,,,,,,
10,허리아플때,300,"2,360","2,660",-,3,8,3,2,파워링크,건강·의학 브랜드 콘텐츠,네이버 클립,네이버 가격비교,네이버플러스 스토어,함께 많이 찾는,관련문서,이미지,웹문서,,2,,,유료마킹필,,,,,,,,,,,,,,,,,,,,,,,,,,,,
11,허리디스크 찜질,,420,460,-,2,6,2,6,파워링크,AI 브리핑,건강 주제 네이버 메이트,관련문서,네이버 가격비교,네이버플러스 스토어,이미지,함께 많이 찾는,관련문서,웹문서,4,,,,,,,,,,,,,,,노출성공,,,,,,,,,,,,,,,,
12,허리온열찜질기,130,830,960,-,0,2,2,2,파워링크,네이버 가격비교,네이버플러스 스토어,함께 많이 찾는,네이버 클립,상품리뷰 인기글,웹문서,,,,5,,,,,,,,,,,,,,,,,,,,,,,,,,,,,,,
13,허리염좌,270,"1,830","2,100",-,5,4,5,4,파워링크,AI 브리핑,건강 주제 네이버 메이트,인플루언서서비스 홈 바로가기,이미지,함께 많이 찾는,관련문서,네이버 가격비교,네이버플러스 스토어,웹문서,2,,,,,,,,,,,,,,,,,,,,,,,,,,,,,,,
14,허리가 너무 아파요,100,"1,550","1,650",-,3,8,3,4,파워링크,건강·의학 브랜드 콘텐츠,관련문서,건강 주제 네이버 메이트,함께 많이 찾는,관련문서,이미지,웹문서,,,2,,,유료마킹필,,,,,,,,,,,,,,,,,,,,,,,,,,,,
15,허리협착증시술비용,30,460,490,-,1,8,1,6,파워링크,관련문서,건강 주제 네이버 메이트,함께 많이 찾는,관련문서,이미지,웹문서,,,,3,,,,,,,,,,,,,,,노출성공,,,,,,,,,,,,,,,,
16,허리통증운동,150,620,770,-,3,4,3,6,파워링크,AI 브리핑,건강 주제 네이버 메이트,네이버 클립,브랜드 콘텐츠,관련문서,인플루언서서비스 홈 바로가기,네이버 가격비교,네이버플러스 스토어,이미지,4,,,유료마킹필,,,,,,,,,,,,,,,,,,,,,,,,,,,,
17,허리디스크도수치료,140,580,720,-,5,5,5,5,AI 브리핑,네이버 가격비교,네이버플러스 스토어,건강 주제 네이버 메이트,브랜드 콘텐츠,관련문서,함께 많이 찾는,관련문서,파워링크,이미지,3,,,유료마킹필,,,,,,,,,,,,,,,,,,,,,,,,,,,,
18,허리통증한의원,120,400,520,-,2,5,2,5,파워링크,브랜드 콘텐츠,관련문서,건강 주제 네이버 메이트,뉴스,함께 많이 찾는,관련문서,이미지,웹문서, ,3,,,유료마킹필,,,,,,,,,,,,,,,,,,,,,,,,,,,,
19,허리통증복대,20,160,180,-,0,3,0,1,파워링크,네이버 가격비교,네이버플러스 스토어,함께 많이 찾는,건강 주제 네이버 메이트,인기글,웹문서,,,,4,,,,,,,,,,,,,,,,,,,,,,,,,,,,,,,
20,허리통증완화방법,40,70,110,-,2,4,2,6,AI 브리핑,건강 주제 네이버 메이트,브랜드 콘텐츠,파워링크,네이버 클립,인플루언서서비스 홈 바로가기,네이버 가격비교,네이버플러스 스토어,함께 많이 찾는,관련문서,4,,,유료마킹필,,,,,,,,,,,,,,,,,,,,,,,,,,,,
21,허리파스,80,450,530,-,3,3,3,8,파워링크,네이버 가격비교,네이버플러스 스토어,함께 많이 찾는,네이버 클립,관련문서,인플루언서서비스 홈 바로가기,관련문서,이미지,웹문서,4,,,,,,,,,,,,,,,,,,,,,,,,,,,,,,,
22,허리통증파스,110,530,640,-,5,5,5,4,파워링크,AI 브리핑,건강 주제 네이버 메이트,관련문서,브랜드 콘텐츠,네이버 클립,네이버 가격비교,네이버플러스 스토어,이미지,뉴스,4,,,유료마킹필,,,,,,,,,,,,,,,,,,,,,,,,,,,,
23,허리근육통,160,"1,540","1,700",-,2,5,2,6,브랜드 콘텐츠,인플루언서서비스 홈 바로가기,네이버 클립,파워링크,이미지,함께 많이 찾는,관련문서,웹문서,,,2,,,유료마킹필,,,,,,,,,,,,,,,,,,,,,,,,,,,,
24,허리보호대홈쇼핑,10,180,190,-,1,3,1,6,파워링크,네이버 가격비교,네이버플러스 스토어,함께 많이 찾는,동영상,관련문서,관련문서,이미지,웹문서,,5,,,,,,,,,,,,,,,,,,,,,,,,,,,,,,,
25,허리삐끗했을때,"1,360","16,700","18,060",-,3,5,3,7,파워링크,브랜드 콘텐츠,관련문서,건강 주제 네이버 메이트,인플루언서서비스 홈 바로가기,네이버 가격비교,네이버플러스 스토어,이미지,함께 많이 찾는,관련문서,2,,,유료마킹필,,,,,,,,,,,,노출성공,,,,,,,,,,,,,,,,
26,70대아버지선물,30,170,200,-,3,8,3,6,네이버플러스 스토어,선물샵,관련문서,관련문서,파워링크,동영상,이미지,웹문서,,,5,,,,,,,,,,,,,,,,,,,,,,,,,,,,,,,
27,70대아빠생일선물,20,110,130,-,3,6,3,7,네이버플러스 스토어,선물샵,관련문서,파워링크,동영상,함께 많이 찾는,관련문서,이미지,웹문서,,5,,,,,,,,,,,,,,,,,,,,,,,,,,,,,,,
28,80대할아버지생신선물,10,40,50,-,1,11,2,6,네이버플러스 스토어,선물샵,파워링크,관련문서,함께 많이 찾는,관련문서,이미지,웹문서,,,5,,,,,,,,,,,,,,,,,,,,,,,,,,,,,,,
29,80대할아버지선물,40,390,430,-,0,6,1,1,네이버플러스 스토어,선물샵,인기글,파워링크,네이버 클립,이미지,지식iN,웹문서,,,5,,,,,,,,,,,,,,,,,,,,,,,,,,,,,,,
30,어버이날할머니선물,5,5,10,-,2,6,2,8,네이버플러스 스토어,선물샵,관련문서,관련문서,파워링크,이미지,웹문서,,,,5,,,,,,,,,,,,,,,,,,,,,,,,,,,,,,,
31,허리통증,"2,070","17,000","19,070",-,3,5,3,4,파워링크,AI 브리핑,건강 소식,함께 찾는 질병,건강·의학 브랜드 콘텐츠,네이버 클립,네이버 가격비교,네이버플러스 스토어,뉴스,함께 많이 찾는,2,,,유료마킹필,,,,,,,,,,,,노출성공,,,,,,,,,,,,,,,,
32,허리통증 병원,410,"3,420","3,830",-,1,5,1,6,파워링크,건강 주제 네이버 메이트,건강·의학 브랜드 콘텐츠,뉴스,함께 많이 찾는,관련문서,이미지,웹문서,,,3,,,유료마킹필,,,,,,,,,,,,,,,,,,,,,,,,,,,,
33,허리통증 스트레칭,450,"3,270","3,720",-,2,5,2,5,파워링크,AI 브리핑,건강 주제 네이버 메이트,네이버 클립,네이버 가격비교,네이버플러스 스토어,이미지,함께 많이 찾는,관련문서,웹문서,4,,,,,,,,,,,,,,,,,,,,,,,,,,,,,,,
34,오른쪽허리통증,290,"2,660","2,950",-,5,4,6,5,파워링크,건강 주제 네이버 메이트,브랜드 콘텐츠,이미지,뉴스,함께 많이 찾는,관련문서,웹문서,,,2,,,유료마킹필,,,,,,,,,,,,,,,,,,,,,,,,,,,,
35,임산부 허리통증,300,"2,840","3,140",-,1,7,3,7,AI 브리핑,건강 주제 네이버 메이트,네이버 클립,육아·결혼 브랜드 콘텐츠,인플루언서서비스 홈 바로가기,파워링크,네이버 가격비교,네이버플러스 스토어,이미지,함께 많이 찾는,2,,,유료마킹필,,,,,,,,,,,,,,,,,,,,,,,,,,,,
36,허리통증 주사,220,"1,680","1,900",-,2,5,2,7,파워링크,건강·의학 브랜드 콘텐츠,네이버 클립,건강 주제 네이버 메이트,함께 많이 찾는,관련문서,이미지,뉴스,웹문서,,3,,,유료마킹필,,,,,,,,,,,,,,,,,,,,,,,,,,,,
37,요추추간판탈출증,400,"1,240","1,640",-,1,3,1,6,파워링크,AI 브리핑,함께 찾는 질병,브랜드 콘텐츠,네이버 가격비교,네이버플러스 스토어,함께 많이 찾는,관련문서,이미지,웹문서,2,,,유료마킹필,,,,,,,,,,,,,,,,,,,,,,,,,,,,
38,척추압박골절,440,"2,030","2,470",-,3,4,3,7,파워링크,AI 브리핑,건강 소식,지식iN 의사 답변,함께 찾는 질병,건강·의학 브랜드 콘텐츠,인플루언서서비스 홈 바로가기,네이버 가격비교,네이버플러스 스토어,이미지,2,,,유료마킹필,,,,,,,,,,,,,,,,,,,,,,,,,,,,
39,허리아플때병원,240,"2,050","2,290",-,2,8,2,6,파워링크,브랜드 콘텐츠,네이버 클립,함께 많이 찾는,관련문서,이미지,웹문서,,,,3,,,유료마킹필,,,,,,,,,,,,,,,,,,,,,,,,,,,,
40,허리디스크원인,290,"1,970","2,260",-,3,3,3,6,파워링크,AI 브리핑,함께 찾는 질병,건강·의학 브랜드 콘텐츠,네이버 클립,함께 많이 찾는,관련문서,이미지,웹문서,,2,,,유료마킹필,,,,,,,,,,,,,,,,,,,,,,,,,,,,
41,척추유합술,460,"1,560","2,020",-,0,2,0,5,파워링크,건강 주제 네이버 메이트,인플루언서서비스 홈 바로가기,건강·의학 브랜드 콘텐츠,이미지,함께 많이 찾는,관련문서,웹문서,,,3,,,유료마킹필,,,,,,,,,,,,,,,,,,,,,,,,,,,,
42,허리디스크병원,260,"1,530","1,790",-,2,3,2,6,파워링크,건강 주제 네이버 메이트,건강·의학 브랜드 콘텐츠,이미지,함께 많이 찾는,관련문서,웹문서,,,,3,,,유료마킹필,,,,,,,,,,,,노출성공,,,,,,,,,,,,,,,,
43,허리신경성형술,270,"1,790","2,060",-,2,4,2,7,파워링크,건강·의학 브랜드 콘텐츠,건강 주제 네이버 메이트,네이버 클립,인플루언서서비스 홈 바로가기,함께 많이 찾는,관련문서,이미지,웹문서,,3,,,유료마킹필,,,,,,,,,,,,,,,,,,,,,,,,,,,,
44,오른쪽엉덩이통증,200,"1,810","2,010",-,5,5,5,5,파워링크,건강 주제 네이버 메이트,네이버 클립,브랜드 콘텐츠,이미지,함께 많이 찾는,관련문서,웹문서,,,2,,,유료마킹필,,,,,,,,,,,,,,,,,,,,,,,,,,,,
45,허리통증 약,200,"1,410","1,610",-,2,4,3,7,파워링크,관련문서,건강 주제 네이버 메이트,인플루언서서비스 홈 바로가기,네이버 가격비교,네이버플러스 스토어,이미지,함께 많이 찾는,관련문서,웹문서,4,,,,,,,,,,,,,,,,,,,,,,,,,,,,,,,
46,갑자기 허리통증,160,"1,830","1,990",-,2,5,2,4,AI 브리핑,네이버 가격비교,네이버플러스 스토어,건강 주제 네이버 메이트,파워링크,네이버 클립,이미지,함께 많이 찾는,관련문서,웹문서,2,,,,,,,,,,,,,,,,,,,,,,,,,,,,,,,
47,허리통증 다리 저림,230,"1,380","1,610",-,2,5,2,5,파워링크,브랜드 콘텐츠,네이버 클립,건강 주제 네이버 메이트,이미지,함께 많이 찾는,관련문서,네이버 가격비교,네이버플러스 스토어,뉴스,2,,,유료마킹필,,,,,,,,,,,,,,,,,,,,,,,,,,,,
48,허리통증 타이레놀,60,520,580,-,3,5,3,7,AI 브리핑,건강 주제 네이버 메이트,파워링크,네이버 클립,함께 많이 찾는,관련문서,이미지,웹문서,,,4,,,,,,,,,,,,,,,,,,,,,,,,,,,,,,,
49,허리통증원인,190,830,"1,020",-,3,12,3,6,파워링크,AI 브리핑,건강 소식,함께 찾는 질병,관련 경험 카페글,네이버 클립,허리통증원인' 브랜드 콘텐츠,이미지,뉴스,함께 많이 찾는,2,,,유료마킹필,,,,,,,,,,,,,,,,,,,,,,,,,,,,
50,척추신경차단술,120,700,820,-,2,4,2,6,파워링크,건강·의학 브랜드 콘텐츠,네이버 클립,건강 주제 네이버 메이트,이미지,함께 많이 찾는,관련문서,웹문서,,,3,,,유료마킹필,,,,,,,,,,,,,,,,,,,,,,,,,,,,
51,하지방사통,150,660,810,-,2,5,2,6,파워링크,AI 브리핑,건강 주제 네이버 메이트,관련문서,네이버 클립,인플루언서서비스 홈 바로가기,이미지,관련문서,웹문서,,2,,,,,,,,,,,,,,,,,,,,,,,,,,,,,,,
52,허리근육통증,40,330,370,-,3,4,3,7,파워링크,브랜드 콘텐츠,네이버 클립,이미지,함께 많이 찾는,관련문서,웹문서,,,,2,,,유료마킹필,,,,,,,,,,,,,,,,,,,,,,,,,,,,
53,허리디스크재활운동,70,380,450,-,3,4,3,5,파워링크,건강 주제 네이버 메이트,네이버 클립,브랜드 콘텐츠,관련문서,인플루언서서비스 홈 바로가기,네이버 가격비교,네이버플러스 스토어,이미지,함께 많이 찾는,4,,,유료마킹필,,,,,,,,,,,,,,,,,,,,,,,,,,,,
54,온열패드,110,280,390,-,0,4,0,2,네이버 가격비교,네이버플러스 스토어,파워링크,함께 많이 찾는,네이버 클립,상품리뷰 인기글,웹문서,,,,4,,,,,,,,,,,,,,,,,,,,,,,,,,,,,,,
55,온열찜질,80,320,400,-,0,3,0,3,파워링크,네이버 가격비교,네이버플러스 스토어,함께 많이 찾는,건강 주제 네이버 메이트,상품리뷰 인기글,웹문서,,,,4,,,,,,,,,,,,,,,,,,,,,,,,,,,,,,,
56,디스크병원,60,350,410,-,2,6,2,5,파워링크,관련문서,브랜드 콘텐츠,이미지,함께 많이 찾는,관련문서,웹문서,,,,3,,,유료마킹필,,,,,,,,,,,,,,,,,,,,,,,,,,,,
57,척추관협착증치료방법,80,340,420,-,4,3,4,6,파워링크,AI 브리핑,건강 소식하단 정보 열고 닫기 버튼,진료 관련 통계하단 정보 열고 닫기 버튼,함께 찾는 질병,건강·의학 브랜드 콘텐츠,네이버 클립,함께 많이 찾는,관련문서,이미지,3,,,유료마킹필,,,,,,,,,,,,,,,,,,,,,,,,,,,,
58,척추협착증치료,70,290,360,-,3,6,3,7,파워링크,AI 브리핑,건강 소식하단 정보 열고 닫기 버튼,진료 관련 통계하단 정보 열고 닫기 버튼,함께 찾는 질병,척추협착증 환자를 위한 운동 방법과 주의사항,척추협착증치료' 브랜드 콘텐츠,네이버 클립,이미지,뉴스,3,,,유료마킹필,,,,,,,,,,,,,,,,,,,,,,,,,,,,
59,고주파수핵감압술,100,420,520,-,1,1,1,3,파워링크,AI 브리핑,함께 찾는 질병,관련문서,함께 많이 찾는,관련문서,이미지,웹문서,,,3,,,,,,,,,,,,,,,,,,,,,,,,,,,,,,,
60,척추관협착증수술비용,20,210,230,-,0,6,0,4,파워링크,브랜드 콘텐츠,이미지,함께 많이 찾는,관련문서,웹문서,,,,,3,,,유료마킹필,,,,,,,,,,,,,,,,,,,,,,,,,,,,
61,한의원찜질팩,20,200,220,-,0,0,0,0,파워링크,네이버 가격비교,네이버플러스 스토어,함께 많이 찾는,네이버 클립,웹문서,,,,,5,,,,,,,,,,,,,,,,,,,,,,,,,,,,,,,
62,협착증증상,80,330,410,-,2,5,2,4,파워링크,건강 주제 네이버 메이트,브랜드 콘텐츠,이미지,뉴스,함께 많이 찾는,관련문서,웹문서,,,2,,,유료마킹필,,,,,,,,,,,,,,,,,,,,,,,,,,,,
63,척추체성형술,200,300,500,-,2,0,2,5,파워링크,AI 브리핑,건강 주제 네이버 메이트,함께 많이 찾는,관련문서,이미지,웹문서,,,,3,,,,,,,,,,,,,,,,,,,,,,,,,,,,,,,
64,요추협착증,110,410,520,-,3,5,3,7,파워링크,AI 브리핑,건강 주제 네이버 메이트,브랜드 콘텐츠,이미지,함께 많이 찾는,관련문서,웹문서,,,2,,,유료마킹필,,,,,,,,,,,,,,,,,,,,,,,,,,,,
65,허리디스크명의,70,340,410,-,2,6,2,8,브랜드 콘텐츠,관련문서,이미지,네이버 클립,함께 많이 찾는,관련문서,뉴스,웹문서,,,3,,,유료마킹필,,,,,,,,,,,,,,,,,,,,,,,,,,,,
66,척추관절병원,80,300,380,-,0,3,0,1,파워링크,함께 많이 찾는,건강·의학 인기글,웹문서,,,,,,,3,,,,,,,,,,,,,,,,,,,,,,,,,,,,,,,
67,척추재활병원,40,310,350,-,2,3,2,5,파워링크,브랜드 콘텐츠,이미지,뉴스,함께 많이 찾는,관련문서,웹문서,,,,3,,,유료마킹필,,,,,,,,,,,,,,,,,,,,,,,,,,,,
68,허리디스크추나요법,60,330,390,-,5,5,5,5,파워링크,브랜드 콘텐츠,관련문서,건강 주제 네이버 메이트,함께 많이 찾는,관련문서,이미지,웹문서,,,3,,,유료마킹필,,,,,,,,,,,,,,,,,,,,,,,,,,,,
69,척추관협착증명의,90,250,340,-,1,5,1,5,파워링크,건강 주제 네이버 메이트,관련문서,브랜드 콘텐츠,함께 많이 찾는,관련문서,이미지,웹문서,,,3,,,유료마킹필,,,,,,,,,,,,,,,,,,,,,,,,,,,,
70,부산허리디스크,100,150,250,-,2,5,2,3,파워링크,브랜드 콘텐츠,동영상,이미지,뉴스,함께 많이 찾는,관련문서,웹문서,,,3,,,유료마킹필,,,,,,,,,,,,,,,,,,,,,,,,,,,,
71,허리통증에 좋은 운동,50,250,300,-,3,5,3,6,AI 브리핑,건강 주제 네이버 메이트,네이버 클립,관련문서,파워링크,이미지,뉴스,함께 많이 찾는,관련문서,웹문서,4,,,,,,,,,,,,,,,,,,,,,,,,,,,,,,,
72,고주파수핵성형술,70,150,220,-,0,2,0,4,관련문서,함께 많이 찾는,이미지,네이버 클립,웹문서,,,,,,3,,,,,,,,,,,,,,,,,,,,,,,,,,,,,,,
73,충전식온수찜질기,10,110,120,-,0,2,0,8,파워링크,네이버 가격비교,네이버플러스 스토어,함께 많이 찾는,동영상,관련문서,관련문서,이미지,웹문서,,5,,,,,,,,,,,,,,,,,,,,,,,,,,,,,,,
74,허리디스크정형외과,40,290,330,-,2,5,2,6,AI 브리핑,건강 주제 네이버 메이트,파워링크,뉴스,함께 많이 찾는,관련문서,이미지,웹문서,,,3,,,,,,,,,,,,,,,,,,,,,,,,,,,,,,,
75,허리디스크진단,40,260,300,-,2,5,2,6,파워링크,AI 브리핑,함께 찾는 질병,이미지,함께 많이 찾는,관련문서,웹문서,,,,2,,,,,,,,,,,,,,,,,,,,,,,,,,,,,,,
76,척추신경성형술,80,430,510,-,2,3,2,4,파워링크,건강·의학 브랜드 콘텐츠,건강 주제 네이버 메이트,이미지,함께 많이 찾는,관련문서,웹문서,,,,3,,,유료마킹필,,,,,,,,,,,,,,,,,,,,,,,,,,,,
77,요추관협착증,30,140,170,-,3,3,3,6,AI 브리핑,파워링크,이미지,함께 많이 찾는,관련문서,웹문서,,,,,2,,,,,,,,,,,,,,,,,,,,,,,,,,,,,,,
78,무중력감압치료,60,110,170,-,1,0,1,4,파워링크,AI 브리핑,건강 주제 네이버 메이트,관련문서,이미지,함께 많이 찾는,관련문서,웹문서,,,3,,,,,,,,,,,,,,,,,,,,,,,,,,,,,,,
79,디스크시술,70,260,330,-,2,5,2,7,파워링크,건강 주제 네이버 메이트,네이버 클립,건강·의학 브랜드 콘텐츠,네이버 가격비교,네이버플러스 스토어,이미지,뉴스,함께 많이 찾는,관련문서,3,,,유료마킹필,,,,,,,,,,,,,,,,,,,,,,,,,,,,
80,척추압박골절치료,30,130,160,-,3,4,3,7,파워링크,AI 브리핑,건강 소식,함께 찾는 질병,브랜드 콘텐츠,함께 많이 찾는,관련문서,이미지,웹문서,,3,,,유료마킹필,,,,,,,,,,,,,,,,,,,,,,,,,,,,
81,서울허리디스크병원,40,290,330,-,2,4,2,4,파워링크,관련문서,브랜드 콘텐츠,동영상,뉴스,함께 많이 찾는,관련문서,이미지,웹문서,,3,,,유료마킹필,,,,,,,,,,,,노출성공,,,,,,,,,,,,,,,,
82,생리통온열찜질기,30,330,360,-,1,4,1,11,파워링크,네이버 가격비교,네이버플러스 스토어,함께 많이 찾는,건강 주제 네이버 메이트,관련문서,동영상,관련문서,이미지,웹문서,5,,,,,,,,,,,,,,,,,,,,,,,,,,,,,,,
83,추나요법비용,50,220,270,-,2,5,2,5,파워링크,브랜드 콘텐츠,이미지,함께 많이 찾는,관련문서,웹문서,,,,,3,,,유료마킹필,,,,,,,,,,,,,,,,,,,,,,,,,,,,
84,한일의료기온열찜질기,20,120,140,-,0,0,0,10,파워링크,네이버 가격비교,네이버플러스 스토어,함께 많이 찾는,관련문서,관련문서,이미지,웹문서,,,5,,,,,,,,,,,,,,,,,,,,,,,,,,,,,,,
85,강남척추관절병원,30,180,210,-,2,4,2,6,파워링크,관련문서,동영상,뉴스,함께 많이 찾는,관련문서,최신 콘텐츠노출기준,이미지,웹문서,,3,,,,,,,,,,,,,,,,,,,,,,,,,,,,,,,
86,허리 온열 마사지기,5,20,25,-,2,4,2,9,파워링크,네이버 가격비교,네이버플러스 스토어,동영상,관련문서,관련문서,이미지,웹문서,,,5,,,,,,,,,,,,,,,,,,,,,,,,,,,,,,,
87,디스크제거술,60,180,240,-,0,2,0,3,AI 브리핑,건강 주제 네이버 메이트,관련문서,파워링크,이미지,함께 많이 찾는,관련문서,웹문서,,,3,,,,,,,,,,,,,,,,,,,,,,,,,,,,,,,
88,척추인대재건술,60,310,370,-,2,4,2,4,AI 브리핑,건강 주제 네이버 메이트,관련문서,파워링크,네이버 클립,이미지,함께 많이 찾는,관련문서,웹문서,,3,,,,,,,,,,,,,,,,,,,,,,,,,,,,,,,
89,척추내시경수술,50,120,170,-,2,3,2,5,파워링크,브랜드 콘텐츠,이미지,뉴스,함께 많이 찾는,관련문서,웹문서,,,,3,,,유료마킹필,,,,,,,,,,,,,,,,,,,,,,,,,,,,
90,원적외선온열찜질기,10,50,60,-,2,2,2,9,파워링크,네이버 가격비교,네이버플러스 스토어,함께 많이 찾는,동영상,관련문서,관련문서,이미지,웹문서,,5,,,,,,,,,,,,,,,,,,,,,,,,,,,,,,,
91,허리잘보는병원,10,150,160,-,2,13,2,3,파워링크,건강 주제 네이버 메이트,관련문서,함께 많이 찾는,관련문서,이미지,웹문서,,,,3,,,,,,,,,,,,,,,,,,,,,,,,,,,,,,,
92,허리 통증 위치,20,130,150,-,2,4,2,4,AI 브리핑,건강 주제 네이버 메이트,파워링크,이미지,함께 많이 찾는,관련문서,웹문서,,,,2,,,,,,,,,,,,,,,,,,,,,,,,,,,,,,,
93,고관절찌릿,40,210,250,-,0,3,0,7,AI 브리핑,건강 주제 네이버 메이트,파워링크,이미지,함께 많이 찾는,관련문서,웹문서,,,,2,,,,,,,,,,,,,,,,,,,,,,,,,,,,,,,
94,척추교정스트레칭,20,280,300,-,2,3,2,10,파워링크,AI 브리핑,건강 주제 네이버 메이트,관련문서,네이버 가격비교,네이버플러스 스토어,이미지,함께 많이 찾는,관련문서,취미/스포츠 상담,4,,,,,,,,,,,,,,,,,,,,,,,,,,,,,,,
95,허리전기찜질기,10,30,40,-,0,5,0,10,파워링크,네이버 가격비교,네이버플러스 스토어,함께 많이 찾는,동영상,관련문서,관련문서,이미지,웹문서,,5,,,,,,,,,,,,,,,,,,,,,,,,,,,,,,,
96,제스파찜질기,30,50,80,-,0,0,0,1,파워링크,네이버 가격비교,네이버플러스 스토어,함께 많이 찾는,네이버 클립,웹문서,,,,,5,,,,,,,,,,,,,,,,,,,,,,,,,,,,,,,
97,무선찜질기,10,50,60,-,0,0,0,0,파워링크,네이버 가격비교,네이버플러스 스토어,함께 많이 찾는,웹문서,,,,,,5,,,,,,,,,,,,,,,,,,,,,,,,,,,,,,,
98,충전식온열찜질기,10,20,30,-,0,3,0,10,파워링크,네이버 가격비교,네이버플러스 스토어,함께 많이 찾는,관련문서,관련문서,이미지,웹문서,,,5,,,,,,,,,,,,,,,,,,,,,,,,,,,,,,,
99,허리협착증에좋은음식,10,110,120,-,2,4,2,9,파워링크,AI 브리핑,관련문서,네이버 가격비교,네이버플러스 스토어,함께 많이 찾는,관련문서,이미지,웹문서,,4,,,,,,,,,,,,,,,,,,,,,,,,,,,,,,,
100,유명한척추병원,10,90,100,-,2,5,2,6,파워링크,관련문서,브랜드 콘텐츠,이미지,함께 많이 찾는,관련문서,웹문서,,,,3,,,유료마킹필,,,,,,,,,,,,,,,,,,,,,,,,,,,,
101,발열복대,10,50,60,-,0,0,0,1,파워링크,네이버 가격비교,네이버플러스 스토어,함께 많이 찾는,웹문서,,,,,,5,,,,,,,,,,,,,,,,,,,,,,,,,,,,,,,
102,게르마늄찜질기,5,50,55,-,0,3,0,4,파워링크,네이버 가격비교,네이버플러스 스토어,함께 많이 찾는,동영상,관련문서,관련문서,이미지,웹문서,,5,,,,,,,,,,,,,,,,,,,,,,,,,,,,,,,
103,온열허리복대,5,30,35,-,0,0,0,1,파워링크,네이버 가격비교,네이버플러스 스토어,웹문서,,,,,,,5,,,,,,,,,,,,,,,,,,,,,,,,,,,,,,,
104,허리디스크한약,20,90,110,-,2,3,2,4,AI 브리핑,건강 주제 네이버 메이트,관련문서,파워링크,이미지,함께 많이 찾는,관련문서,웹문서,,,4,,,,,,,,,,,,,,,,,,,,,,,,,,,,,,,
105,허리디스크비수술치료,20,60,80,-,2,4,2,7,파워링크,건강 주제 네이버 메이트,네이버 클립,브랜드 콘텐츠,이미지,함께 많이 찾는,관련문서,웹문서,,,3,,,유료마킹필,,,,,,,,,,,,,,,,,,,,,,,,,,,,
106,허리 온열패드,5,30,35,-,0,0,0,0,파워링크,네이버 가격비교,네이버플러스 스토어,함께 많이 찾는,웹문서,,,,,,5,,,,,,,,,,,,,,,,,,,,,,,,,,,,,,,
107,요추염좌,470,"2,260","2,730",-,5,10,5,6,파워링크,AI 브리핑,지식iN 의사 답변,함께 찾는 질병,관련 경험 카페글,인플루언서서비스 홈 바로가기,이미지,함께 많이 찾는,관련문서,웹문서,2,,,,,,,,,,,,,,,,,,,,,,,,,,,,,,,
108,요추골절,170,540,710,-,3,3,3,4,파워링크,건강 주제 네이버 메이트,브랜드 콘텐츠,함께 많이 찾는,관련문서,네이버 가격비교,네이버플러스 스토어,이미지,뉴스,웹문서,2,,,유료마킹필,,,,,,,,,,,,,,,,,,,,,,,,,,,,
109,요추압박골절,220,520,740,-,2,5,2,4,파워링크,AI 브리핑,관련문서,건강 주제 네이버 메이트,함께 많이 찾는,관련문서,이미지,웹문서,,,2,,,,,,,,,,,,,,,,,,,,,,,,,,,,,,,
110,요추의자,80,250,330,-,0,0,0,1,파워링크,네이버 가격비교,네이버플러스 스토어,함께 많이 찾는,웹문서,,,,,,4,,,,,,,,,,,,,,,,,,,,,,,,,,,,,,,
111,적외선온열기,30,190,220,-,0,0,0,0,파워링크,네이버 가격비교,네이버플러스 스토어,함께 많이 찾는,웹문서,,,,,,4,,,,,,,,,,,,,,,,,,,,,,,,,,,,,,,
112,디스크의자,100,270,370,-,0,5,0,2,파워링크,네이버 가격비교,네이버플러스 스토어,함께 많이 찾는,인기글,웹문서,,,,,4,,,,,,,,,,,,,,,,,,,,,,,,,,,,,,,
113,허리마사지기추천,30,230,260,-,3,5,5,9,브랜드검색,파워링크,네이버 가격비교,네이버플러스 스토어,함께 많이 찾는,동영상,관련문서,브랜드 콘텐츠,관련문서,이미지,5,,,유료마킹필,,,,,,,,,,,,,,,,,,,,,,,,,,,,
114,핫팩파우치,90,210,300,-,0,0,0,0,파워링크,네이버 가격비교,네이버플러스 스토어,함께 많이 찾는,웹문서,,,,,,관련없음,,,,,,,,,,,,,,,,,,,,,,,,,,,,,,,
115,충돌증후군,120,250,370,-,2,2,2,6,파워링크,건강 주제 네이버 메이트,네이버 클립,브랜드 콘텐츠,이미지,뉴스,함께 많이 찾는,관련문서,웹문서,,2,,,유료마킹필,,,,,,,,,,,,,,,,,,,,,,,,,,,,
116,척추질환,140,260,400,-,2,5,2,4,파워링크,건강 주제 네이버 메이트,네이버 클립,건강·의학 브랜드 콘텐츠,이미지,함께 많이 찾는,관련문서,웹문서,,,2,,,유료마킹필,,,,,,,,,,,,,,,,,,,,,,,,,,,,
117,청주도수치료,100,750,850,-,0,3,0,7,파워링크,동영상,이미지,뉴스,함께 많이 찾는,관련문서,웹문서,,,,3,,,,,,,,,,,,,,,,,,,,,,,,,,,,,,,
118,척추교정의자,50,200,250,-,0,0,0,2,파워링크,네이버 가격비교,네이버플러스 스토어,함께 많이 찾는,인플루언서서비스 홈 바로가기,이미지,웹문서,,,,4,,,,,,,,,,,,,,,,,,,,,,,,,,,,,,,
119,협착증신경치료,30,380,410,-,2,4,2,4,파워링크,건강 주제 네이버 메이트,브랜드 콘텐츠,뉴스,함께 많이 찾는,관련문서,이미지,웹문서,,,3,,,유료마킹필,,,,,,,,,,,,,,,,,,,,,,,,,,,,
120,한일의료기전기요,20,130,150,-,0,5,0,5,파워링크,네이버 가격비교,네이버플러스 스토어,함께 많이 찾는,관련문서,동영상,관련문서,이미지,웹문서,,5,,,,,,,,,,,,,,,,,,,,,,,,,,,,,,,
121,천안척추병원,130,200,330,-,2,4,2,4,파워링크,관련문서,브랜드 콘텐츠,동영상,이미지,뉴스,함께 많이 찾는,관련문서,웹문서,,3,,,유료마킹필,,,,,,,,,,,,,,,,,,,,,,,,,,,,
122,척추측만증병원,50,560,610,-,2,5,2,6,파워링크,브랜드 콘텐츠,함께 많이 찾는,관련문서,이미지,웹문서,,,,,3,,,유료마킹필,,,,,,,,,,,,,,,,,,,,,,,,,,,,
123,휴대용찜질기,10,80,90,-,0,0,0,0,파워링크,네이버 가격비교,네이버플러스 스토어,함께 많이 찾는,웹문서,,,,,,5,,,,,,,,,,,,,,,,,,,,,,,,,,,,,,,
124,요추1번,130,540,670,-,3,5,3,7,AI 브리핑,건강 주제 네이버 메이트,관련문서,파워링크,이미지,관련문서,웹문서,,,,1,,,,,,,,,,,,,,,,,,,,,,,,,,,,,,,
125,척추주사,70,440,510,-,1,3,1,6,파워링크,AI 브리핑,건강 주제 네이버 메이트,관련문서,이미지,함께 많이 찾는,관련문서,웹문서,,,3,,,,,,,,,,,,,,,,,,,,,,,,,,,,,,,
126,가족선물,60,220,280,-,0,6,0,1,파워링크,네이버플러스 스토어,선물샵,함께 많이 찾는,네이버 클립,이미지,육아·결혼 인기글,웹문서,,,1,,,,,,,,,,,,,,,,,,,,,,,,,,,,,,,
127,추나요법한의원,40,350,390,-,2,7,2,6,파워링크,브랜드 콘텐츠,관련문서,이미지,함께 많이 찾는,관련문서,웹문서,,,,3,,,유료마킹필,,,,,,,,,,,,,,,,,,,,,,,,,,,,
128,추나한의원,90,410,500,-,2,6,2,6,파워링크,브랜드 콘텐츠,이미지,함께 많이 찾는,관련문서,웹문서,,,,,3,,,유료마킹필,,,,,,,,,,,,,,,,,,,,,,,,,,,,
129,청주허리병원,60,260,320,-,2,5,2,9,파워링크,동영상,푸드 주제 네이버 메이트,뉴스,함께 많이 찾는,관련문서,이미지,웹문서,,,3,,,,,,,,,,,,,,,,,,,,,,,,,,,,,,,
130,요추협착증운동,20,80,100,-,3,3,3,5,파워링크,AI 브리핑,건강 주제 네이버 메이트,함께 많이 찾는,관련문서,이미지,웹문서,,,,4,,,,,,,,,,,,,,,,,,,,,,,,,,,,,,,
131,척추고정술,150,230,380,-,1,1,1,2,파워링크,AI 브리핑,네이버 가격비교,네이버플러스 스토어,건강 주제 네이버 메이트,관련문서,이미지,함께 많이 찾는,관련문서,웹문서,3,,,,,,,,,,,,,,,,,,,,,,,,,,,,,,,
132,요추디스크,110,340,450,-,2,3,2,7,파워링크,AI 브리핑,건강 주제 네이버 메이트,네이버 가격비교,네이버플러스 스토어,이미지,함께 많이 찾는,관련문서,웹문서,,2,,,,,,,,,,,,,,,,,,,,,,,,,,,,,,,
133,50대남자생일선물,370,"1,570","1,940",-,0,5,0,3,파워링크,네이버플러스 스토어,선물샵,함께 많이 찾는,뷰티 주제 네이버 메이트,네이버 클립,인기글,이미지,웹문서,,5,,,,,,,,,,,,,,,,,,,,,,,,,,,,,,,
134,50대남자선물,670,"3,410","4,080",-,0,5,0,2,파워링크,네이버플러스 스토어,선물샵,함께 많이 찾는,뷰티 주제 네이버 메이트,네이버 클립,인기글,웹문서,,,5,,,,,,,,,,,,,,,,,,,,,,,,,,,,,,,
135,50대선물,140,530,670,-,0,6,0,1,파워링크,네이버플러스 스토어,선물샵,함께 많이 찾는,뷰티 주제 네이버 메이트,네이버 클립,패션·미용 인기글,이미지,웹문서,,5,,,,,,,,,,,,,,,,,,,,,,,,,,,,,,,
136,50대아버지생신선물,50,190,240,-,3,8,3,7,파워링크,네이버플러스 스토어,선물샵,함께 많이 찾는,관련문서,동영상,관련문서,이미지,웹문서,,5,,,,,,,,,,,,,,,,,,,,,,,,,,,,,,,
137,50대아빠생일선물,310,"1,600","1,910",-,0,4,0,3,파워링크,네이버플러스 스토어,선물샵,함께 많이 찾는,네이버 클립,인기글,지식iN,웹문서,,,5,,,,,,,,,,,,,,,,,,,,,,,,,,,,,,,
138,50대아빠선물,70,500,570,-,0,4,0,4,네이버플러스 스토어,선물샵,함께 많이 찾는,인기글,파워링크,네이버 클립,지식iN,웹문서,,,5,,,,,,,,,,,,,,,,,,,,,,,,,,,,,,,
139,50대아빠선물추천,5,20,25,-,3,6,3,8,네이버플러스 스토어,선물샵,함께 많이 찾는,관련문서,관련문서,파워링크,네이버 클립,이미지,웹문서,,5,,,,,,,,,,,,,,,,,,,,,,,,,,,,,,,
140,50대엄마생신선물,330,"1,670","2,000",-,0,5,0,2,파워링크,네이버플러스 스토어,선물샵,함께 많이 찾는,인기글,웹문서,,,,,5,,,,,,,,,,,,,,,,,,,,,,,,,,,,,,,
141,50대엄마생일선물,90,260,350,-,0,4,0,2,파워링크,네이버플러스 스토어,선물샵,함께 많이 찾는,인기글,웹문서,,,,,5,,,,,,,,,,,,,,,,,,,,,,,,,,,,,,,
142,5월선물,5,5,10,-,3,3,3,5,파워링크,네이버 가격비교,네이버플러스 스토어,관련문서,관련문서,이미지,웹문서,,,,5,,,,,,,,,,,,,,,,,,,,,,,,,,,,,,,
143,60대남자생일선물,170,860,"1,030",-,0,5,0,3,파워링크,네이버플러스 스토어,선물샵,함께 많이 찾는,상품리뷰 인기글,네이버 클립,이미지,웹문서,,,5,,,,,,,,,,,,,,,,,,,,,,,,,,,,,,,
144,60대남자선물,510,"2,460","2,970",-,0,4,0,2,파워링크,네이버플러스 스토어,선물샵,함께 많이 찾는,네이버 클립,상품리뷰 인기글,이미지,웹문서,,,5,,,,,,,,,,,,,,,,,,,,,,,,,,,,,,,
145,60대생일선물,40,250,290,-,0,6,0,2,파워링크,네이버플러스 스토어,선물샵,함께 많이 찾는,인기글,웹문서,,,,,5,,,,,,,,,,,,,,,,,,,,,,,,,,,,,,,
146,60대아버지생신선물,190,580,770,-,0,4,0,4,파워링크,네이버플러스 스토어,선물샵,함께 많이 찾는,인기글,웹문서,,,,,5,,,,,,,,,,,,,,,,,,,,,,,,,,,,,,,
147,60대선물,140,490,630,-,0,4,0,2,파워링크,네이버플러스 스토어,선물샵,함께 많이 찾는,네이버 클립,패션·미용 인기글,이미지,웹문서,,,5,,,,,,,,,,,,,,,,,,,,,,,,,,,,,,,
148,60대아빠생일선물,260,"1,160","1,420",-,0,5,0,3,파워링크,네이버플러스 스토어,선물샵,함께 많이 찾는,인기글,이미지,웹문서,,,,5,,,,,,,,,,,,,,,,,,,,,,,,,,,,,,,
149,60대아빠선물,100,450,550,-,0,4,0,4,파워링크,네이버플러스 스토어,선물샵,함께 많이 찾는,인기글,네이버 클립,이미지,웹문서,,,5,,,,,,,,,,,,,,,,,,,,,,,,,,,,,,,
150,60대어머니선물,20,30,50,-,3,7,3,7,파워링크,네이버플러스 스토어,선물샵,함께 많이 찾는,관련문서,동영상,관련문서,이미지,웹문서,,5,,,,,,,,,,,,,,,,,,,,,,,,,,,,,,,
151,60대엄마생신선물,150,480,630,-,0,3,0,5,파워링크,네이버플러스 스토어,선물샵,함께 많이 찾는,네이버 클립,인기글,웹문서,,,,5,,,,,,,,,,,,,,,,,,,,,,,,,,,,,,,
152,60대엄마생일선물,220,830,"1,050",-,0,6,0,3,파워링크,네이버플러스 스토어,선물샵,함께 많이 찾는,상품리뷰 인기글,네이버 클립,이미지,웹문서,,,5,,,,,,,,,,,,,,,,,,,,,,,,,,,,,,,
153,60대여성생일선물,60,260,320,-,3,5,3,5,파워링크,네이버플러스 스토어,선물샵,함께 많이 찾는,관련문서,동영상,관련문서,이미지,웹문서,,5,,,,,,,,,,,,,,,,,,,,,,,,,,,,,,,
154,60대여자생일선물,30,100,130,-,2,8,2,4,파워링크,네이버플러스 스토어,선물샵,함께 많이 찾는,관련문서,네이버 클립,관련문서,이미지,웹문서,,5,,,,,,,,,,,,,,,,,,,,,,,,,,,,,,,
155,60대여자선물,120,320,440,-,0,5,0,3,파워링크,네이버플러스 스토어,선물샵,함께 많이 찾는,패션 주제 네이버 메이트,네이버 클립,패션·미용 인기글,이미지,웹문서,,5,,,,,,,,,,,,,,,,,,,,,,,,,,,,,,,
156,70대남자선물,180,930,"1,110",-,0,5,0,3,파워링크,네이버 가격비교,네이버플러스 스토어,함께 많이 찾는,네이버 클립,인기글,이미지,웹문서,,,5,,,,,,,,,,,,,,,,,,,,,,,,,,,,,,,
157,70대선물,70,290,360,-,0,0,0,0,파워링크,네이버플러스 스토어,선물샵,함께 많이 찾는,이미지,웹문서,,,,,5,,,,,,,,,,,,,,,,,,,,,,,,,,,,,,,
158,70대아버지생신선물,70,250,320,-,3,7,3,7,파워링크,네이버플러스 스토어,선물샵,함께 많이 찾는,관련문서,동영상,관련문서,이미지,웹문서,,5,,,,,,,,,,,,,,,,,,,,,,,,,,,,,,,
159,70대여성선물,130,980,"1,110",-,0,5,0,4,파워링크,네이버플러스 스토어,선물샵,함께 많이 찾는,인기글,웹문서,,,,,5,,,,,,,,,,,,,,,,,,,,,,,,,,,,,,,
160,70대할머니선물,70,440,510,-,0,5,0,2,파워링크,네이버 가격비교,네이버플러스 스토어,함께 많이 찾는,인기글,지식iN,웹문서,,,,5,,,,,,,,,,,,,,,,,,,,,,,,,,,,,,,
161,90세할머니선물,10,140,150,-,0,6,0,5,파워링크,네이버 가격비교,네이버플러스 스토어,함께 많이 찾는,관련문서,동영상,관련문서,웹문서,,,5,,,,,,,,,,,,,,,,,,,,,,,,,,,,,,,
162,가정의달선물,10,5,15,-,0,2,0,4,파워링크,네이버플러스 스토어,선물샵,네이버 클립,인기글,웹문서,,,,,5,,,,,,,,,,,,,,,,,,,,,,,,,,,,,,,
163,허리복대추천,50,430,480,-,0,4,0,3,파워링크,네이버 가격비교,네이버플러스 스토어,함께 많이 찾는,인플루언서서비스 홈 바로가기,상품리뷰 인기글,웹문서,,,,4,,,,,,,,,,,,,,,,,,,,,,,,,,,,,,,
164,한일찜질기,10,170,180,-,0,0,0,0,파워링크,네이버 가격비교,네이버플러스 스토어,함께 많이 찾는,웹문서,,,,,,5,,,,,,,,,,,,,,,,,,,,,,,,,,,,,,,
165,한일의료기허리찜질기,10,20,30,-,0,0,0,7,파워링크,AI 브리핑,건강 주제 네이버 메이트,네이버 가격비교,네이버플러스 스토어,관련문서,관련문서,이미지,웹문서,,5,,,,,,,,,,,,,,,,,,,,,,,,,,,,,,,
166,한일의료기찜질기,60,380,440,-,0,0,0,8,파워링크,네이버 가격비교,네이버플러스 스토어,함께 많이 찾는,동영상,관련문서,관련문서,이미지,웹문서,,5,,,,,,,,,,,,,,,,,,,,,,,,,,,,,,,
167,한일온열찜질기,10,200,210,-,0,1,0,9,파워링크,네이버 가격비교,네이버플러스 스토어,함께 많이 찾는,관련문서,관련문서,이미지,웹문서,,,5,,,,,,,,,,,,,,,,,,,,,,,,,,,,,,,
168,원적외선찜질기효과,10,40,50,-,1,6,1,8,AI 브리핑,건강 주제 네이버 메이트,관련문서,파워링크,관련문서,네이버 가격비교,네이버플러스 스토어,이미지,웹문서,,4,,,,,,,,,,,,,,,,,,,,,,,,,,,,,,,
169,원적외선패치,130,"2,590","2,720",-,0,0,0,0,파워링크,네이버 가격비교,네이버플러스 스토어,함께 많이 찾는,네이버 클립,웹문서,,,,,4,,,,,,,,,,,,,,,,,,,,,,,,,,,,,,,
170,원적외선찜질기,360,"3,560","3,920",-,2,5,2,6,파워링크,네이버 가격비교,네이버플러스 스토어,함께 많이 찾는,네이버 클립,관련문서,관련문서,이미지,웹문서,,5,,,,,,,,,,,,,,,,,,,,,,,,,,,,,,,
171,허리삐끗했을때한의원,50,130,180,-,3,7,3,6,AI 브리핑,관련문서,건강 주제 네이버 메이트,파워링크,함께 많이 찾는,관련문서,이미지,웹문서,,,3,,,,,,,,,,,,,,,노출성공,,,,,,,,,,,,,,,,
172,허리삐끗했을때파스,60,300,360,-,4,5,4,7,AI 브리핑,건강 주제 네이버 메이트,관련문서,파워링크,함께 많이 찾는,관련문서,이미지,웹문서,,,4,,,,,,,,,,,,,,,노출성공,노출성공,,,,,,,,,,,,,,,
173,허리삐끗했을때찜질,90,610,700,-,3,4,5,7,AI 브리핑,건강 주제 네이버 메이트,관련문서,파워링크,이미지,함께 많이 찾는,관련문서,웹문서,,,4,,,,,,,,,,,,,,,,,,,,,,,,,,,,,,,
174,허리삐끗했을때증상,50,180,230,-,2,5,2,7,AI 브리핑,건강 주제 네이버 메이트,파워링크,함께 많이 찾는,관련문서,이미지,웹문서,,,,2,,,,,,,,,,,,,,,,,,,,,,,,,,,,,,,
175,허리삐끗했을때주사,10,90,100,-,6,3,6,5,파워링크,함께 많이 찾는,관련문서,이미지,웹문서,,,,,,3,,,,,,,,,,,,,,,,,,,,,,,,,,,,,,,
176,허리삐끗했을때자세,70,550,620,-,3,4,3,7,AI 브리핑,건강 주제 네이버 메이트,관련문서,파워링크,이미지,함께 많이 찾는,관련문서,웹문서,,,2,,,,,,,,,,,,,,,,,,,,,,,,,,,,,,,
177,허리복대효과,60,480,540,-,3,5,3,6,AI 브리핑,건강 주제 네이버 메이트,동영상,관련문서,네이버 가격비교,네이버플러스 스토어,이미지,파워링크,함께 많이 찾는,관련문서,4,,,,,,,,,,,,,,,,,,,,,,,,,,,,,,,
178,허리삐끗병원,70,490,560,-,2,5,2,6,AI 브리핑,건강 주제 네이버 메이트,파워링크,함께 많이 찾는,관련문서,이미지,웹문서,,,,3,,,,,,,,,,,,,,,,,,,,,,,,,,,,,,,
179,허리삐끗한의원,40,140,180,-,5,6,5,5,AI 브리핑,관련문서,건강 주제 네이버 메이트,파워링크,함께 많이 찾는,관련문서,이미지,웹문서,,,3,,,,,,,,,,,,,,,,,,,,,,,,,,,,,,,
180,허리삐끗했을때병원,210,"1,110","1,320",-,5,5,5,6,AI 브리핑,건강 주제 네이버 메이트,파워링크,네이버 클립,함께 많이 찾는,관련문서,이미지,웹문서,,,3,,,,,,,,,,,,,,,,,,,,,,,,,,,,,,,
181,허리삐끗했을때병원어디로,30,190,220,-,3,8,3,4,AI 브리핑,건강 주제 네이버 메이트,관련문서,파워링크,함께 많이 찾는,관련문서,웹문서,,,,3,,,,,,,,,,,,,,,,,,,,,,,,,,,,,,,
182,허리삐끗했을때약,100,710,810,-,3,4,3,8,AI 브리핑,건강 주제 네이버 메이트,파워링크,이미지,함께 많이 찾는,관련문서,웹문서,,,,3,,,,,,,,,,,,,,,,,,,,,,,,,,,,,,,
183,허리삐끗했을때운동,60,430,490,-,2,5,4,7,AI 브리핑,건강 주제 네이버 메이트,관련문서,파워링크,이미지,함께 많이 찾는,관련문서,웹문서,,,4,,,,,,,,,,,,,,,,,,,,,,,,,,,,,,,
184,허리뼈통증,10,220,230,-,2,5,2,6,AI 브리핑,파워링크,이미지,함께 많이 찾는,관련문서,웹문서,,,,,2,,,,,,,,,,,,,,,노출성공,,,,,,,,,,,,,,,,
185,허리부위별통증,20,140,160,-,0,4,0,3,AI 브리핑,건강 주제 네이버 메이트,관련문서,파워링크,이미지,관련문서,웹문서,,,,2,,,,,,,,,,,,,,,,,,,,,,,,,,,,,,,
186,허리복대,"1,370","9,160","10,530",-,0,1,0,4,네이버 가격비교,네이버플러스 스토어,파워링크,함께 많이 찾는,네이버 클립,상품리뷰 인기글,웹문서,,,,4,,,,,,,,,,,,,,,,,,,,,,,,,,,,,,,
187,허리보호의자,120,460,580,-,0,0,0,2,파워링크,네이버 가격비교,네이버플러스 스토어,함께 많이 찾는,네이버 클립,웹문서,,,,,4,,,,,,,,,,,,,,,,,,,,,,,,,,,,,,,
188,허리보호대추천,150,870,"1,020",-,0,2,0,3,파워링크,네이버 가격비교,네이버플러스 스토어,함께 많이 찾는,네이버 클립,인플루언서서비스 홈 바로가기,상품리뷰 인기글,웹문서,,,4,,,,,,,,,,,,,,,,,,,,,,,,,,,,,,,
189,허리보호대가격,5,210,215,-,1,3,1,11,파워링크,네이버 가격비교,네이버플러스 스토어,함께 많이 찾는,동영상,관련문서,관련문서,이미지,웹문서,,5,,,,,,,,,,,,,,,,,,,,,,,,,,,,,,,
190,허리보호대,"3,080","16,100","19,180",-,0,4,0,1,브랜드검색,파워링크,네이버 가격비교,네이버플러스 스토어,함께 많이 찾는,상품리뷰 인기글,웹문서,,,,4,,,,,,,,,,,,,,,,,,,,,,,,,,,,,,,
191,허리보호,10,80,90,-,0,0,0,0,파워링크,네이버 가격비교,네이버플러스 스토어,함께 많이 찾는,네이버 클립,웹문서,,,,,3,,,,,,,,,,,,,,,,,,,,,,,,,,,,,,,
192,허리보조기,380,"1,560","1,940",-,0,2,0,3,파워링크,네이버 가격비교,네이버플러스 스토어,함께 많이 찾는,건강·의학 인기글,웹문서,,,,,4,,,,,,,,,,,,,,,,,,,,,,,,,,,,,,,
193,허리병원,180,"1,960","2,140",-,2,5,2,4,파워링크,건강 주제 네이버 메이트,네이버 클립,브랜드 콘텐츠,이미지,함께 많이 찾는,관련문서,웹문서,,,3,,,유료마킹필,,,,,,,,,,,,,,,,,,,,,,,,,,,,
194,허리베개,"1,000","6,850","7,850",-,0,0,0,0,파워링크,네이버 가격비교,네이버플러스 스토어,함께 많이 찾는,네이버 클립,지금 볼만한 브랜드,인플루언서서비스 홈 바로가기,웹문서,,,4,,,,,,,,,,,,,,,,,,,,,,,,,,,,,,,
195,허리방석,330,860,"1,190",-,0,2,0,3,파워링크,네이버 가격비교,네이버플러스 스토어,네이버 클립,함께 많이 찾는,인기글,웹문서,,,,4,,,,,,,,,,,,,,,,,,,,,,,,,,,,,,,
196,허리방사통,100,380,480,-,2,6,2,6,AI 브리핑,건강 주제 네이버 메이트,파워링크,이미지,함께 많이 찾는,관련문서,웹문서,,,,2,,,,,,,,,,,,,,,,,,,,,,,,,,,,,,,
197,허리받침의자,60,190,250,-,0,0,0,0,네이버 가격비교,네이버플러스 스토어,파워링크,함께 많이 찾는,이미지,웹문서,,,,,4,,,,,,,,,,,,,,,,,,,,,,,,,,,,,,,
198,허리받침대,380,890,"1,270",-,0,3,0,1,파워링크,네이버 가격비교,네이버플러스 스토어,함께 많이 찾는,이미지,건강·의학 인기글,웹문서,,,,4,,,,,,,,,,,,,,,,,,,,,,,,,,,,,,,
199,허리받침,110,270,380,-,0,0,0,0,파워링크,네이버 가격비교,네이버플러스 스토어,함께 많이 찾는,웹문서,,,,,,4,,,,,,,,,,,,,,,,,,,,,,,,,,,,,,,
200,허리밑통증,40,240,280,-,2,4,2,5,AI 브리핑,건강 주제 네이버 메이트,파워링크,이미지,뉴스,함께 많이 찾는,관련문서,웹문서,,,2,,,,,,,,,,,,,,,,,,,,,,,,,,,,,,,
201,허리물리치료기,20,170,190,-,1,5,1,4,파워링크,네이버 가격비교,네이버플러스 스토어,함께 많이 찾는,건강 주제 네이버 메이트,동영상,관련문서,관련문서,이미지,웹문서,4,,,,,,,,,,,,,,,,,,,,,,,,,,,,,,,
202,허리물리치료,130,980,"1,110",-,2,7,2,7,파워링크,AI 브리핑,건강 주제 네이버 메이트,브랜드 콘텐츠,인플루언서서비스 홈 바로가기,네이버 가격비교,네이버플러스 스토어,이미지,함께 많이 찾는,관련문서,3,,,유료마킹필,,,,,,,,,,,,,,,,,,,,,,,,,,,,
203,허리매트리스,110,580,690,-,0,3,0,1,파워링크,네이버 가격비교,네이버플러스 스토어,함께 많이 찾는,네이버 클립,상품리뷰 인기글,웹문서,,,,3,,,,,,,,,,,,,,,,,,,,,,,,,,,,,,,
204,허리마사지기계,30,120,150,-,1,3,1,9,파워링크,네이버 가격비교,네이버플러스 스토어,함께 많이 찾는,동영상,관련문서,브랜드 콘텐츠,관련문서,이미지,웹문서,4,,,유료마킹필,,,,,,,,,,,,노출성공,,,,,,,,,,,,,,,,
205,허리디스크회복기간,30,140,170,-,3,5,3,6,AI 브리핑,건강 주제 네이버 메이트,관련문서,파워링크,이미지,함께 많이 찾는,관련문서,웹문서,,,2,,,,,,,,,,,,,,,노출성공,,,,,,,,,,,,,,,,
206,허리디스크환자운동,20,60,80,-,2,5,2,6,AI 브리핑,건강 주제 네이버 메이트,관련문서,파워링크,네이버 가격비교,네이버플러스 스토어,이미지,함께 많이 찾는,관련문서,웹문서,4,,,,,,,,,,,,,,,노출성공,,,,,,,,,,,,,,,,
207,허리디스크협착증증상,30,290,320,-,2,5,2,4,파워링크,AI 브리핑,건강 주제 네이버 메이트,함께 많이 찾는,관련문서,이미지,웹문서,,,,2,,,,,,,,,,,,,,,,,,,,,,,,,,,,,,,
208,허리디스크협착증,270,"2,760","3,030",-,2,5,2,6,파워링크,건강·의학 브랜드 콘텐츠,네이버 클립,건강 주제 네이버 메이트,네이버 가격비교,네이버플러스 스토어,함께 많이 찾는,관련문서,이미지,웹문서,2,,,유료마킹필,,,,,,,,,,,,,,,,,,,,,,,,,,,,
209,허리디스크허벅지통증,50,160,210,-,5,4,5,5,AI 브리핑,건강 주제 네이버 메이트,관련문서,파워링크,함께 많이 찾는,관련문서,이미지,웹문서,,,2,,,,,,,,,,,,,,,,,,,,,,,,,,,,,,,
210,허리디스크허리보호대,10,60,70,-,2,3,2,9,네이버 가격비교,네이버플러스 스토어,함께 많이 찾는,건강 주제 네이버 메이트,관련문서,동영상,관련문서,파워링크,이미지,웹문서,4,,,,,,,,,,,,,,,,,,,,,,,,,,,,,,,
211,허리디스크허리베개,30,450,480,-,0,6,0,1,파워링크,네이버 가격비교,네이버플러스 스토어,함께 많이 찾는,인기글,웹문서,,,,,4,,,,,,,,,,,,,,,,,,,,,,,,,,,,,,,
212,허리디스크한의원침효과,5,5,10,-,4,5,4,7,관련문서,파워링크,관련문서,웹문서,,,,,,,3,,,,,,,,,,,,,,,노출성공,,,,,,,,,,,,,,,,
213,허리디스크한의원침,10,100,110,-,3,4,3,8,AI 브리핑,건강 주제 네이버 메이트,관련문서,파워링크,함께 많이 찾는,관련문서,이미지,웹문서,,,3,,,,,,,,,,,,,,,,,,,,,,,,,,,,,,,
214,허리디스크한의원,130,530,660,-,2,6,2,7,파워링크,브랜드 콘텐츠,관련문서,건강 주제 네이버 메이트,네이버 클립,함께 많이 찾는,관련문서,이미지,웹문서,,3,,,유료마킹필,,,,,,,,,,,,,,,,,,,,,,,,,,,,
215,허리디스크필라테스,110,540,650,-,2,7,2,5,AI 브리핑,관련문서,네이버 클립,건강 주제 네이버 메이트,파워링크,이미지,네이버 가격비교,네이버플러스 스토어,함께 많이 찾는,관련문서,4,,,,,,,,,,,,,,,노출성공,,,,,,,,,,,,,,,,
216,허리디스크프롤로주사,70,280,350,-,2,7,2,5,AI 브리핑,건강 주제 네이버 메이트,관련문서,파워링크,이미지,함께 많이 찾는,관련문서,웹문서,,,4,,,,,,,,,,,,,,,노출성공,,,,,,,,,,,,,,,,
217,허리디스크파열회복기간,20,140,160,-,2,4,2,8,AI 브리핑,건강 주제 네이버 메이트,관련문서,파워링크,함께 많이 찾는,관련문서,이미지,웹문서,,,2,,,,,,,,,,,,,,,,,,,,,,,,,,,,,,,
218,허리디스크파열증상,30,690,720,-,2,5,2,7,AI 브리핑,건강 주제 네이버 메이트,파워링크,함께 많이 찾는,관련문서,이미지,웹문서,,,,2,,,,,,,,,,,,,,,,,,,,,,,,,,,,,,,
219,허리디스크통증,170,740,910,-,2,5,2,6,파워링크,건강 주제 네이버 메이트,네이버 클립,브랜드 콘텐츠,인플루언서서비스 홈 바로가기,이미지,함께 많이 찾는,관련문서,웹문서,,2,,,유료마킹필,,,,,,,,,,,,,,,,,,,,,,,,,,,,
220,허리디스크터짐증상,220,"3,640","3,860",-,3,4,3,6,AI 브리핑,건강 주제 네이버 메이트,함께 많이 찾는,관련문서,파워링크,이미지,웹문서,,,,2,,,,,,,,,,,,,,,,,,,,,,,,,,,,,,,
221,허리디스크터짐,170,"1,280","1,450",-,3,5,3,6,AI 브리핑,건강 주제 네이버 메이트,파워링크,네이버 클립,함께 많이 찾는,관련문서,이미지,웹문서,,,2,,,,,,,,,,,,,,,,,,,,,,,,,,,,,,,
222,허리디스크터지면증상,90,"1,120","1,210",-,3,5,3,6,AI 브리핑,건강 주제 네이버 메이트,파워링크,함께 많이 찾는,관련문서,이미지,웹문서,,,,2,,,,,,,,,,,,,,,,,,,,,,,,,,,,,,,
223,허리디스크터지면,210,"2,940","3,150",-,3,5,3,6,파워링크,브랜드 콘텐츠,네이버 클립,건강 주제 네이버 메이트,함께 많이 찾는,관련문서,이미지,웹문서,,,2,,,유료마킹필,,,,,,,,,,,,,,,,,,,,,,,,,,,,
224,허리디스크터졌을때,50,430,480,-,4,4,4,5,AI 브리핑,네이버 가격비교,네이버플러스 스토어,건강 주제 네이버 메이트,관련문서,함께 많이 찾는,관련문서,파워링크,이미지,웹문서,3,,,,,,,,,,,,,,,,,,,,,,,,,,,,,,,
225,허리디스크탈출,20,200,220,-,3,4,3,4,AI 브리핑,건강 주제 네이버 메이트,관련문서,파워링크,네이버 가격비교,네이버플러스 스토어,이미지,뉴스,함께 많이 찾는,관련문서,2,,,,,,,,,,,,,,,,,,,,,,,,,,,,,,,
226,허리디스크쿠션,130,510,640,-,0,3,0,4,파워링크,네이버 가격비교,네이버플러스 스토어,함께 많이 찾는,인기글,웹문서,,,,,4,,,,,,,,,,,,,,,,,,,,,,,,,,,,,,,
227,허리디스크침치료,70,430,500,-,4,4,4,7,AI 브리핑,건강 주제 네이버 메이트,관련문서,파워링크,함께 많이 찾는,관련문서,이미지,네이버 가격비교,네이버플러스 스토어,웹문서,3,,,,,,,,,,,,,,,,,,,,,,,,,,,,,,,
228,허리디스크침대,260,670,930,-,0,4,0,1,파워링크,네이버 가격비교,네이버플러스 스토어,네이버 클립,함께 많이 찾는,인기글,웹문서,,,,4,,,,,,,,,,,,,,,,,,,,,,,,,,,,,,,
229,허리디스크치료법,40,300,340,-,3,5,3,7,파워링크,AI 브리핑,함께 찾는 질병,브랜드 콘텐츠,이미지,뉴스,함께 많이 찾는,관련문서,웹문서,,3,,,유료마킹필,,,,,,,,,,,,,,,,,,,,,,,,,,,,
230,허리디스크치료방법,20,60,80,-,3,4,3,6,파워링크,AI 브리핑,함께 찾는 질병,브랜드 콘텐츠,이미지,관련문서,웹문서,,,,3,,,유료마킹필,,,,,,,,,,,,,,,,,,,,,,,,,,,,
231,허리디스크치료기간,20,90,110,-,2,4,2,4,AI 브리핑,건강 주제 네이버 메이트,관련문서,파워링크,함께 많이 찾는,관련문서,이미지,웹문서,,,3,,,,,,,,,,,,,,,노출성공,,,,,,,,,,,,,,,,
232,허리디스크치료,660,"5,260","5,920",-,3,5,3,7,파워링크,AI 브리핑,함께 찾는 질병,건강·의학 브랜드 콘텐츠,네이버 클립,인플루언서서비스 홈 바로가기,네이버 가격비교,네이버플러스 스토어,함께 많이 찾는,관련문서,3,,,유료마킹필,,,,,,,,,,,,노출성공,노출성공,노출성공,,,,,,,,,,,,,,
233,허리디스크 초기증상,330,"1,670","2,000",-,5,4,5,7,파워링크,건강·의학 브랜드 콘텐츠,함께 많이 찾는,관련문서,이미지,웹문서,,,,,2,,,유료마킹필,,,,,,,,,,,,노출성공,,,,,,,,,,,,,,,,
234,허리디스크초기,220,"2,220","2,440",-,2,6,2,6,파워링크,AI 브리핑,네이버 가격비교,네이버플러스 스토어,건강 주제 네이버 메이트,브랜드 콘텐츠,이미지,함께 많이 찾는,관련문서,웹문서,2,,,유료마킹필,,,,,,,,,,,,,,,,,,,,,,,,,,,,
235,허리디스크척추관협착증,20,80,100,-,3,4,3,4,AI 브리핑,건강 주제 네이버 메이트,브랜드 콘텐츠,파워링크,이미지,함께 많이 찾는,관련문서,웹문서,,,2,,,유료마킹필,,,,,,,,,,,,,,,,,,,,,,,,,,,,
236,허리디스크진통제,30,220,250,-,3,7,3,5,AI 브리핑,건강 주제 네이버 메이트,관련문서,파워링크,이미지,함께 많이 찾는,관련문서,웹문서,,,3,,,,,,,,,,,,,,,,,,,,,,,,,,,,,,,
237,허리디스크진료과,20,140,160,-,2,4,2,3,AI 브리핑,건강 주제 네이버 메이트,관련문서,파워링크,관련문서,이미지,웹문서,,,,3,,,,,,,,,,,,,,,,,,,,,,,,,,,,,,,
238,허리디스크증세,370,"4,530","4,900",-,3,5,3,8,파워링크,AI 브리핑,함께 찾는 질병,건강·의학 브랜드 콘텐츠,네이버 클립,함께 많이 찾는,관련문서,이미지,웹문서,,2,,,유료마킹필,,,,,,,,,,,,,,,,,,,,,,,,,,,,
239,허리디스크증상완화방법,5,5,10,-,5,5,5,5,AI 브리핑,건강 주제 네이버 메이트,파워링크,관련문서,관련문서,이미지,웹문서,,,,4,,,,,,,,,,,,,,,노출성공,,,,,,,,,,,,,,,,
240,허리디스크증상완화,5,30,35,-,2,2,2,6,AI 브리핑,건강 주제 네이버 메이트,파워링크,관련문서,함께 많이 찾는,관련문서,이미지,웹문서,,,4,,,,,,,,,,,,,,,,,,,,,,,,,,,,,,,
241,허리디스크증상엉덩이통증,5,10,15,-,6,5,6,5,AI 브리핑,건강 주제 네이버 메이트,파워링크,관련문서,이미지,웹문서,,,,,2,,,,,,,,,,,,,,,노출성공,,,,,,,,,,,,,,,,
242,허리디스크 증상,"1,720","16,700","18,420",-,3,4,3,6,파워링크,AI 브리핑,함께 찾는 질병,건강·의학 브랜드 콘텐츠,인플루언서서비스 홈 바로가기,이미지,함께 많이 찾는,관련문서,웹문서,,2,,,유료마킹필,,,,,,,,,,,,,,,,,,,,,,,,,,,,
243,허리디스크주사통증,5,110,115,-,4,3,4,6,관련문서,파워링크,함께 많이 찾는,관련문서,이미지,웹문서,,,,,3,,,,,,,,,,,,,,,,,,,,,,,,,,,,,,,
244,허리디스크주사후통증,5,50,55,-,3,7,3,5,관련문서,파워링크,함께 많이 찾는,관련문서,이미지,웹문서,,,,,3,,,,,,,,,,,,,,,,,,,,,,,,,,,,,,,
245,허리디스크주사치료통증,5,60,65,-,3,4,3,6,파워링크,함께 많이 찾는,관련문서,이미지,웹문서,,,,,,3,,,,,,,,,,,,,,,,,,,,,,,,,,,,,,,
246,허리디스크주사치료후기,10,170,180,-,3,8,3,7,파워링크,AI 브리핑,건강 주제 네이버 메이트,동영상,관련문서,함께 많이 찾는,관련문서,이미지,웹문서,,3,,,,,,,,,,,,,,,,,,,,,,,,,,,,,,,
247,허리디스크주사치료,150,"1,180","1,330",-,4,4,4,6,파워링크,브랜드 콘텐츠,네이버 클립,건강 주제 네이버 메이트,네이버 가격비교,네이버플러스 스토어,함께 많이 찾는,관련문서,이미지,웹문서,3,,,유료마킹필,,,,,,,,,,,,,,,,,,,,,,,,,,,,
248,허리디스크주사아픈가요,5,30,35,-,5,5,5,4,AI 브리핑,파워링크,건강 주제 네이버 메이트,관련문서,관련문서,이미지,웹문서,,,,3,,,,,,,,,,,,,,,,,,,,,,,,,,,,,,,
249,허리디스크주사가격,5,100,105,-,1,7,1,5,AI 브리핑,관련문서,파워링크,함께 많이 찾는,관련문서,이미지,웹문서,,,,3,,,,,,,,,,,,,,,,,,,,,,,,,,,,,,,
250,허리디스크 좋은 자세,20,250,270,-,2,5,2,8,AI 브리핑,건강 주제 네이버 메이트,네이버 클립,관련문서,파워링크,이미지,함께 많이 찾는,관련문서,웹문서,,4,,,,,,,,,,,,,,,,,,,,,,,,,,,,,,,
251,허리디스크 좋은 운동,40,450,490,-,2,8,2,6,AI 브리핑,건강 주제 네이버 메이트,파워링크,네이버 클립,이미지,네이버 가격비교,네이버플러스 스토어,함께 많이 찾는,관련문서,웹문서,4,,,,,,,,,,,,,,,,,,,,,,,,,,,,,,,
252,허리디스크 전조증상,30,220,250,-,3,5,4,5,AI 브리핑,건강 주제 네이버 메이트,관련문서,파워링크,이미지,함께 많이 찾는,관련문서,웹문서,,,2,,,,,,,,,,,,,,,,,,,,,,,,,,,,,,,
253,허리디스크잘때자세,5,140,145,-,3,5,3,6,AI 브리핑,건강 주제 네이버 메이트,파워링크,관련문서,이미지,함께 많이 찾는,관련문서,웹문서,,,4,,,,,,,,,,,,,,,,,,,,,,,,,,,,,,,
254,허리디스크잘하는병원,5,20,25,-,1,12,1,4,파워링크,건강 주제 네이버 메이트,관련문서,함께 많이 찾는,관련문서,이미지,웹문서,,,,3,,,,,,,,,,,,,,,,,,,,,,,,,,,,,,,
255,허리디스크재활병원,5,50,55,-,2,5,2,5,파워링크,함께 많이 찾는,관련문서,이미지,웹문서,,,,,,3,,,,,,,,,,,,,,,,,,,,,,,,,,,,,,,
256,허리디스크재활,40,220,260,-,2,5,2,5,파워링크,AI 브리핑,건강 주제 네이버 메이트,네이버 가격비교,네이버플러스 스토어,이미지,함께 많이 찾는,관련문서,웹문서,,3,,,,,,,,,,,,,,,,,,,,,,,,,,,,,,,
257,허리디스크자세,100,420,520,-,3,4,3,6,AI 브리핑,건강 주제 네이버 메이트,관련문서,파워링크,이미지,함께 많이 찾는,관련문서,뉴스,웹문서,,4,,,,,,,,,,,,,,,,,,,,,,,,,,,,,,,
258,허리디스크자는자세,5,130,135,-,3,5,3,5,AI 브리핑,건강 주제 네이버 메이트,관련문서,파워링크,이미지,함께 많이 찾는,관련문서,웹문서,,,4,,,,,,,,,,,,,,,,,,,,,,,,,,,,,,,
259,허리디스크자가치료,40,30,70,-,3,3,3,4,AI 브리핑,건강 주제 네이버 메이트,파워링크,관련문서,네이버 가격비교,네이버플러스 스토어,관련문서,이미지,웹문서,,2,,,,,,,,,,,,,,,,,,,,,,,,,,,,,,,
260,허리디스크자연치유기간,5,60,65,-,3,5,3,4,관련문서,파워링크,관련문서,이미지,웹문서,,,,,,2,,,,,,,,,,,,,,,,,,,,,,,,,,,,,,,
261,허리디스크자가진단,40,280,320,-,2,3,2,6,AI 브리핑,건강 주제 네이버 메이트,관련문서,파워링크,네이버 클립,이미지,함께 많이 찾는,관련문서,웹문서,,2,,,,,,,,,,,,,,,,,,,,,,,,,,,,,,,
262,허리디스크의자추천,70,320,390,-,2,6,2,8,파워링크,네이버 가격비교,네이버플러스 스토어,함께 많이 찾는,동영상,관련문서,관련문서,이미지,웹문서,,4,,,,,,,,,,,,,,,,,,,,,,,,,,,,,,,
263,허리디스크 의자,560,"1,460","2,020",-,0,4,0,1,파워링크,네이버 가격비교,네이버플러스 스토어,네이버 클립,함께 많이 찾는,인플루언서서비스 홈 바로가기,건강·의학 인기글,웹문서,,,4,,,,,,,,,,,,,,,,,,,,,,,,,,,,,,,
264,허리디스크운동화추천,5,40,45,-,2,5,3,8,AI 브리핑,파워링크,관련문서,동영상,네이버 가격비교,네이버플러스 스토어,관련문서,이미지,웹문서,,4,,,,,,,,,,,,,,,,,,,,,,,,,,,,,,,
265,허리디스크운동화,20,160,180,-,2,5,3,7,파워링크,네이버 가격비교,네이버플러스 스토어,관련문서,함께 많이 찾는,관련문서,이미지,웹문서,,,4,,,,,,,,,,,,,,,,,,,,,,,,,,,,,,,
266,허리디스크운동추천,200,"1,740","1,940",-,3,9,4,5,AI 브리핑,건강 주제 네이버 메이트,관련문서,파워링크,네이버 클립,네이버 가격비교,네이버플러스 스토어,이미지,뉴스,함께 많이 찾는,4,,,,,,,,,,,,,,,,,,,,,,,,,,,,,,,
267,허리디스크운동기구,20,120,140,-,1,5,2,8,파워링크,네이버 가격비교,네이버플러스 스토어,함께 많이 찾는,동영상,관련문서,뉴스,관련문서,이미지,웹문서,4,,,,,,,,,,,,,,,,,,,,,,,,,,,,,,,
268,허리디스크운동,730,"3,740","4,470",-,2,5,2,6,파워링크,AI 브리핑,건강 주제 네이버 메이트,네이버 클립,브랜드 콘텐츠,관련문서,인플루언서서비스 홈 바로가기,네이버 가격비교,네이버플러스 스토어,함께 많이 찾는,4,,,유료마킹필,,,,,,,,,,,,,,,,,,,,,,,,,,,,
269,허리디스크요가,60,330,390,-,3,6,3,5,AI 브리핑,네이버 가격비교,네이버플러스 스토어,건강 주제 네이버 메이트,관련문서,파워링크,이미지,함께 많이 찾는,관련문서,웹문서,4,,,,,,,,,,,,,,,,,,,,,,,,,,,,,,,
270,허리디스크완치,30,340,370,-,3,7,3,6,AI 브리핑,건강 주제 네이버 메이트,관련문서,파워링크,함께 많이 찾는,관련문서,이미지,웹문서,,,2,,,,,,,,,,,,,,,,,,,,,,,,,,,,,,,
271,허리디스크완치기간,5,20,25,-,1,3,1,5,AI 브리핑,파워링크,건강 주제 네이버 메이트,관련문서,함께 많이 찾는,관련문서,이미지,웹문서,,,2,,,,,,,,,,,,,,,,,,,,,,,,,,,,,,,
272,허리디스크염증,20,370,390,-,3,3,3,5,AI 브리핑,건강 주제 네이버 메이트,관련문서,파워링크,이미지,함께 많이 찾는,관련문서,웹문서,,,2,,,,,,,,,,,,,,,,,,,,,,,,,,,,,,,
273,허리디스크엑스레이,130,660,790,-,3,10,3,3,AI 브리핑,건강 주제 네이버 메이트,관련문서,파워링크,이미지,함께 많이 찾는,관련문서,웹문서,,,3,,,,,,,,,,,,,,,,,,,,,,,,,,,,,,,
274,허리디스크에좋은자세,90,610,700,-,2,5,2,6,AI 브리핑,건강 주제 네이버 메이트,파워링크,네이버 클립,네이버 가격비교,네이버플러스 스토어,이미지,함께 많이 찾는,관련문서,웹문서,4,,,,,,,,,,,,,,,,,,,,,,,,,,,,,,,
275,허리디스크에좋은의자,30,140,170,-,3,4,3,7,파워링크,네이버 가격비교,네이버플러스 스토어,함께 많이 찾는,동영상,관련문서,뉴스,관련문서,이미지,웹문서,4,,,,,,,,,,,,,,,,,,,,,,,,,,,,,,,
276,허리디스크에좋은음식,110,940,"1,050",-,3,8,3,5,파워링크,AI 브리핑,건강 주제 네이버 메이트,브랜드 콘텐츠,이미지,함께 많이 찾는,관련문서,네이버 가격비교,네이버플러스 스토어,웹문서,4,,,유료마킹필,,,,,,,,,,,,,,,,,,,,,,,,,,,,
277,허리디스크에좋은운동,260,"1,650","1,910",-,2,6,2,7,파워링크,건강 주제 네이버 메이트,네이버 클립,브랜드 콘텐츠,네이버 가격비교,네이버플러스 스토어,이미지,함께 많이 찾는,관련문서,웹문서,4,,,유료마킹필,,,,,,,,,,,,,,,,,,,,,,,,,,,,
278,허리디스크엎드리기,10,170,180,-,2,3,2,6,AI 브리핑,파워링크,건강 주제 네이버 메이트,관련문서,함께 많이 찾는,관련문서,이미지,웹문서,,,2,,,,,,,,,,,,,,,,,,,,,,,,,,,,,,,
279,허리디스크엉덩이통증,60,380,440,-,5,3,5,6,AI 브리핑,네이버 가격비교,네이버플러스 스토어,건강 주제 네이버 메이트,이미지,파워링크,함께 많이 찾는,관련문서,웹문서,,3,,,,,,,,,,,,,,,,,,,,,,,,,,,,,,,
280,허리디스크약물치료,20,140,160,-,4,4,4,6,AI 브리핑,건강 주제 네이버 메이트,관련문서,파워링크,네이버 클립,네이버 가격비교,네이버플러스 스토어,함께 많이 찾는,관련문서,이미지,3,,,,,,,,,,,,,,,,,,,,,,,,,,,,,,,
281,허리디스크약,70,580,650,-,6,4,6,3,AI 브리핑,건강 주제 네이버 메이트,관련문서,네이버 가격비교,네이버플러스 스토어,이미지,파워링크,함께 많이 찾는,관련문서,웹문서,3,,,,,,,,,,,,,,,,,,,,,,,,,,,,,,,
282,허리디스크신경차단술,190,940,"1,130",-,2,7,2,6,AI 브리핑,건강 주제 네이버 메이트,파워링크,네이버 클립,이미지,함께 많이 찾는,관련문서,웹문서,,,3,,,,,,,,,,,,,,,,,,,,,,,,,,,,,,,
283,허리디스크신경주사,120,"1,020","1,140",-,3,4,3,6,AI 브리핑,브랜드 콘텐츠,건강 주제 네이버 메이트,파워링크,네이버 클립,함께 많이 찾는,관련문서,이미지,웹문서,,3,,,유료마킹필,,,,,,,,,,,,,,,,,,,,,,,,,,,,
284,허리디스크시술후회복기간,10,120,130,-,3,7,3,6,AI 브리핑,건강 주제 네이버 메이트,관련문서,파워링크,함께 많이 찾는,관련문서,이미지,웹문서,,,3,,,,,,,,,,,,,,,,,,,,,,,,,,,,,,,
285,허리디스크시술종류,120,800,920,-,2,6,2,6,AI 브리핑,건강 주제 네이버 메이트,관련문서,파워링크,함께 많이 찾는,관련문서,이미지,웹문서,,,3,,,,,,,,,,,,,,,,,,,,,,,,,,,,,,,
286,허리디스크시술입원,5,40,45,-,4,5,4,5,관련문서,파워링크,함께 많이 찾는,관련문서,이미지,웹문서,,,,,3,,,,,,,,,,,,,,,,,,,,,,,,,,,,,,,
287,허리디스크시술비용,120,990,"1,110",-,1,9,1,4,파워링크,관련문서,브랜드 콘텐츠,함께 많이 찾는,관련문서,이미지,웹문서,,,,3,,,유료마킹필,,,,,,,,,,,,,,,,,,,,,,,,,,,,
288,허리디스크시술,370,"1,990","2,360",-,3,7,3,5,파워링크,브랜드 콘텐츠,관련문서,네이버 클립,건강 주제 네이버 메이트,뉴스,함께 많이 찾는,관련문서,이미지,네이버 가격비교,3,,,유료마킹필,,,,,,,,,,,,,,,,,,,,,,,,,,,,
289,허리디스크스트레칭운동,5,50,55,-,2,8,2,5,AI 브리핑,건강 주제 네이버 메이트,파워링크,관련문서,이미지,함께 많이 찾는,관련문서,웹문서,,,4,,,,,,,,,,,,,,,,,,,,,,,,,,,,,,,
290,허리디스크스트레칭,180,"1,040","1,220",-,2,7,2,4,AI 브리핑,건강 주제 네이버 메이트,네이버 클립,관련문서,네이버 가격비교,네이버플러스 스토어,이미지,파워링크,함께 많이 찾는,관련문서,4,,,,,,,,,,,,,,,,,,,,,,,,,,,,,,,
291,허리디스크수술후회복기간,230,"1,690","1,920",-,3,6,3,5,AI 브리핑,네이버 가격비교,네이버플러스 스토어,건강 주제 네이버 메이트,관련문서,파워링크,함께 많이 찾는,관련문서,이미지,웹문서,3,,,,,,,,,,,,,,,,,,,,,,,,,,,,,,,
292,허리디스크수술후운동,10,200,210,-,3,4,3,5,AI 브리핑,건강 주제 네이버 메이트,관련문서,파워링크,이미지,함께 많이 찾는,관련문서,웹문서,,,3,,,,,,,,,,,,,,,,,,,,,,,,,,,,,,,
293,허리디스크수술후기,50,240,290,-,3,7,3,5,AI 브리핑,건강 주제 네이버 메이트,관련문서,파워링크,동영상,함께 많이 찾는,관련문서,이미지,웹문서,,3,,,,,,,,,,,,,,,,,,,,,,,,,,,,,,,
294,허리디스크수술잘하는병원,70,230,300,-,3,7,3,4,파워링크,관련문서,브랜드 콘텐츠,건강 주제 네이버 메이트,함께 많이 찾는,관련문서,이미지,웹문서,,,3,,,유료마킹필,,,,,,,,,,,,,,,,,,,,,,,,,,,,
295,허리디스크수술시간,30,140,170,-,3,4,3,5,AI 브리핑,건강 주제 네이버 메이트,파워링크,관련문서,이미지,웹문서,,,,,3,,,,,,,,,,,,,,,,,,,,,,,,,,,,,,,
296,허리디스크수술비용,200,"1,030","1,230",-,0,10,0,6,파워링크,건강·의학 브랜드 콘텐츠,함께 많이 찾는,관련문서,이미지,웹문서,,,,,3,,,유료마킹필,,,,,,,,,,,,,,,,,,,,,,,,,,,,
297,허리디스크수술비,220,"2,390","2,610",-,2,5,2,6,AI 브리핑,네이버 가격비교,네이버플러스 스토어,건강 주제 네이버 메이트,네이버 클립,함께 많이 찾는,관련문서,파워링크,이미지,웹문서,3,,,,,,,,,,,,,,,,,,,,,,,,,,,,,,,
298,허리디스크수술방법,60,220,280,-,2,4,2,5,AI 브리핑,건강 주제 네이버 메이트,파워링크,함께 많이 찾는,관련문서,이미지,웹문서,,,,3,,,,,,,,,,,,,,,,,,,,,,,,,,,,,,,
299,허리디스크수술,680,"4,100","4,780",-,3,5,3,6,파워링크,건강·의학 브랜드 콘텐츠,네이버 클립,건강 주제 네이버 메이트,네이버 가격비교,네이버플러스 스토어,이미지,함께 많이 찾는,관련문서,웹문서,3,,,유료마킹필,,,,,,,,,,,,,,,,,,,,,,,,,,,,
300,허리디스크수면자세,30,300,330,-,2,4,3,6,AI 브리핑,건강 주제 네이버 메이트,관련문서,파워링크,이미지,함께 많이 찾는,관련문서,웹문서,,,4,,,,,,,,,,,,,,,,,,,,,,,,,,,,,,,
301,허리디스크복대,170,900,"1,070",-,0,3,0,1,네이버 가격비교,네이버플러스 스토어,파워링크,인기글,웹문서,,,,,,4,,,,,,,,,,,,,,,,,,,,,,,,,,,,,,,
302,허리디스크복근운동,30,130,160,-,3,4,3,8,AI 브리핑,네이버 가격비교,네이버플러스 스토어,건강 주제 네이버 메이트,관련문서,파워링크,함께 많이 찾는,관련문서,이미지,웹문서,4,,,,,,,,,,,,,,,,,,,,,,,,,,,,,,,
303,허리디스크보호대,80,440,520,-,0,4,0,1,파워링크,네이버 가격비교,네이버플러스 스토어,네이버 클립,함께 많이 찾는,건강·의학 인기글,웹문서,,,,4,,,,,,,,,,,,,,,,,,,,,,,,,,,,,,,
304,허리디스크방석,260,870,"1,130",-,0,2,0,5,파워링크,네이버 가격비교,네이버플러스 스토어,함께 많이 찾는,인기글,웹문서,,,,,4,,,,,,,,,,,,,,,,,,,,,,,,,,,,,,,
305,허리디스크방사통운동,10,140,150,-,2,5,2,5,AI 브리핑,건강 주제 네이버 메이트,관련문서,함께 많이 찾는,관련문서,이미지,웹문서,,,,4,,,,,,,,,,,,,,,,,,,,,,,,,,,,,,,
306,허리디스크방사통,360,"2,000","2,360",-,3,7,3,5,AI 브리핑,네이버 가격비교,네이버플러스 스토어,건강 주제 네이버 메이트,파워링크,이미지,함께 많이 찾는,관련문서,웹문서,,2,,,,,,,,,,,,,,,,,,,,,,,,,,,,,,,
307,허리디스크 물리치료,130,590,720,-,2,4,2,5,파워링크,AI 브리핑,건강 주제 네이버 메이트,네이버 클립,네이버 가격비교,네이버플러스 스토어,함께 많이 찾는,관련문서,이미지,웹문서,3,,,,,,,,,,,,,,,,,,,,,,,,,,,,,,,
308,허리디스크매트리스,410,"1,340","1,750",-,0,3,0,1,네이버 가격비교,네이버플러스 스토어,파워링크,네이버 클립,함께 많이 찾는,인플루언서서비스 홈 바로가기,인기글,웹문서,,,4,,,,,,,,,,,,,,,,,,,,,,,,,,,,,,,
309,허리디스크마사지기,20,190,210,-,2,5,3,8,네이버 가격비교,네이버플러스 스토어,함께 많이 찾는,동영상,관련문서,관련문서,파워링크,웹문서,,,4,,,,,,,,,,,,,,,,,,,,,,,,,,,,,,,
310,허리디스크마사지,70,390,460,-,3,6,3,6,파워링크,AI 브리핑,건강 주제 네이버 메이트,관련문서,네이버 가격비교,네이버플러스 스토어,이미지,함께 많이 찾는,관련문서,웹문서,4,,,,,,,,,,,,,,,,,,,,,,,,,,,,,,,
311,허리디스크돌출,30,250,280,-,2,5,2,7,AI 브리핑,건강 주제 네이버 메이트,파워링크,이미지,함께 많이 찾는,관련문서,웹문서,,,,2,,,,,,,,,,,,,,,,,,,,,,,,,,,,,,,
312,허리디스크뜻,10,240,250,-,1,3,1,10,AI 브리핑,함께 찾는 질병,이미지,함께 많이 찾는,관련문서,웹문서,,,,,1,,,,,,,,,,,,,,,,,,,,,,,,,,,,,,,
313,허리디스크 다리통증,120,660,780,-,5,5,5,5,AI 브리핑,건강 주제 네이버 메이트,관련문서,파워링크,이미지,함께 많이 찾는,관련문서,웹문서,,,2,,,,,,,,,,,,,,,,,,,,,,,,,,,,,,,
314,허리디스크다리저림치료,40,30,70,-,5,5,5,4,AI 브리핑,건강 주제 네이버 메이트,파워링크,관련문서,관련문서,이미지,웹문서,,,,3,,,,,,,,,,,,,,,,,,,,,,,,,,,,,,,
315,허리디스크다리저림,290,"1,600","1,890",-,6,4,6,6,파워링크,건강 주제 네이버 메이트,네이버 클립,브랜드 콘텐츠,관련문서,함께 많이 찾는,관련문서,이미지,뉴스,웹문서,2,,,유료마킹필,,,,,,,,,,,,,,,,,,,,,,,,,,,,
316,허리디스크눕는자세,70,300,370,-,5,5,5,6,AI 브리핑,건강 주제 네이버 메이트,관련문서,파워링크,이미지,함께 많이 찾는,관련문서,웹문서,,,4,,,,,,,,,,,,,,,,,,,,,,,,,,,,,,,
317,허리디스크내시경수술,30,150,180,-,2,3,2,7,AI 브리핑,건강 주제 네이버 메이트,파워링크,이미지,함께 많이 찾는,관련문서,웹문서,,,,3,,,,,,,,,,,,,,,,,,,,,,,,,,,,,,,
318,허리디스크꼬리뼈주사,5,60,65,-,3,4,3,6,관련문서,파워링크,함께 많이 찾는,관련문서,이미지,웹문서,,,,,3,,,,,,,,,,,,,,,,,,,,,,,,,,,,,,,
319,허리디스크검사,90,520,610,-,3,3,3,7,파워링크,AI 브리핑,건강 주제 네이버 메이트,브랜드 콘텐츠,네이버 가격비교,네이버플러스 스토어,이미지,함께 많이 찾는,관련문서,웹문서,3,,,유료마킹필,,,,,,,,,,,,,,,,,,,,,,,,,,,,
320,허리디스크견인치료,70,320,390,-,3,5,3,3,파워링크,AI 브리핑,건강 주제 네이버 메이트,관련문서,네이버 가격비교,네이버플러스 스토어,함께 많이 찾는,관련문서,이미지,웹문서,3,,,,,,,,,,,,,,,,,,,,,,,,,,,,,,,
321,허리디스크근력운동,20,50,70,-,3,6,3,4,관련문서,파워링크,네이버 가격비교,네이버플러스 스토어,함께 많이 찾는,관련문서,이미지,웹문서,,,4,,,,,,,,,,,,,,,,,,,,,,,,,,,,,,,
322,허리디스크걷기운동,50,400,450,-,3,5,3,6,AI 브리핑,건강 주제 네이버 메이트,네이버 클립,관련문서,파워링크,네이버 가격비교,네이버플러스 스토어,이미지,함께 많이 찾는,관련문서,4,,,,,,,,,,,,,,,,,,,,,,,,,,,,,,,
323,허리디스크거꾸리,30,220,250,-,1,5,1,6,AI 브리핑,건강 주제 네이버 메이트,관련문서,네이버 가격비교,네이버플러스 스토어,함께 많이 찾는,관련문서,파워링크,이미지,웹문서,4,,,,,,,,,,,,,,,,,,,,,,,,,,,,,,,
324,허리디스크MRI,130,700,830,-,2,6,2,6,파워링크,AI 브리핑,건강 주제 네이버 메이트,브랜드 콘텐츠,관련문서,이미지,함께 많이 찾는,관련문서,웹문서,,3,,,유료마킹필,,,,,,,,,,,,,,,,,,,,,,,,,,,,
325,허리디스크 5번6번,60,320,380,-,3,5,3,9,AI 브리핑,건강 주제 네이버 메이트,네이버 클립,관련문서,파워링크,함께 많이 찾는,관련문서,이미지,웹문서,,2,,,,,,,,,,,,,,,,,,,,,,,,,,,,,,,
326,허리디스크,"2,470","12,400","14,870",-,3,5,3,4,파워링크,AI 브리핑,함께 찾는 질병,건강·의학 브랜드 콘텐츠,네이버 클립,네이버 가격비교,네이버플러스 스토어,이미지,함께 많이 찾는,관련문서,2,,,유료마킹필,,,,,,,,,,,,,,,,,,,,,,,,,,,,
327,허리도수치료비용,10,190,200,-,2,8,2,4,AI 브리핑,관련문서,파워링크,함께 많이 찾는,관련문서,이미지,웹문서,,,,3,,,,,,,,,,,,,,,,,,,,,,,,,,,,,,,
328,허리도수치료,80,480,560,-,4,4,4,6,파워링크,브랜드 콘텐츠,관련문서,건강 주제 네이버 메이트,네이버 가격비교,네이버플러스 스토어,함께 많이 찾는,관련문서,이미지,웹문서,3,,,유료마킹필,,,,,,,,,,,,,,,,,,,,,,,,,,,,
329,허리다리통증,20,360,380,-,5,5,5,4,파워링크,AI 브리핑,건강 주제 네이버 메이트,브랜드 콘텐츠,네이버 클립,인플루언서서비스 홈 바로가기,이미지,함께 많이 찾는,관련문서,웹문서,2,,,유료마킹필,,,,,,,,,,,,,,,,,,,,,,,,,,,,
330,허리나은병원,530,"2,420","2,950",-,0,1,0,3,관련문서,이미지,함께 많이 찾는,관련문서,웹문서,,,,,,3,,,,,,,,,,,,,,,,,,,,,,,,,,,,,,,
331,허리급성염좌,5,70,75,-,3,4,3,7,AI 브리핑,건강 주제 네이버 메이트,파워링크,함께 많이 찾는,관련문서,이미지,웹문서,,,,2,,,,,,,,,,,,,,,,,,,,,,,,,,,,,,,
332,허리근육파열,10,80,90,-,3,4,3,7,파워링크,관련문서,함께 많이 찾는,관련문서,이미지,웹문서,,,,,2,,,,,,,,,,,,,,,노출성공,,,,,,,,,,,,,,,,
333,허리근육통푸는법,20,160,180,-,2,3,3,7,관련문서,파워링크,이미지,함께 많이 찾는,관련문서,웹문서,,,,,4,,,,,,,,,,,,,,,노출성공,,,,,,,,,,,,,,,,
334,허리근육통파스,5,40,45,-,2,4,2,8,관련문서,네이버 가격비교,네이버플러스 스토어,함께 많이 찾는,관련문서,파워링크,이미지,웹문서,,,4,,,,,,,,,,,,,,,,,,,,,,,,,,,,,,,
335,허리근육주사,50,590,640,-,3,4,3,6,관련문서,파워링크,함께 많이 찾는,관련문서,네이버 클립,이미지,웹문서,,,,4,,,,,,,,,,,,,,,노출성공,노출성공,,,,,,,,,,,,,,,
336,허리근육운동,50,330,380,-,2,6,2,7,관련문서,인플루언서서비스 홈 바로가기,파워링크,네이버 클립,이미지,함께 많이 찾는,관련문서,웹문서,,,4,,,,,,,,,,,,,,,,,,,,,,,,,,,,,,,
337,허리근육경직,30,90,120,-,3,4,3,5,관련문서,파워링크,이미지,함께 많이 찾는,관련문서,웹문서,,,,,2,,,,,,,,,,,,,,,노출성공,,,,,,,,,,,,,,,,
338,허리근육강화운동,270,"2,680","2,950",-,2,4,2,5,파워링크,부위별 운동법 정보,네이버 클립,이미지,함께 많이 찾는,관련문서,네이버 가격비교,네이버플러스 스토어,웹문서,,4,,,,,,,,,,,,,,,,,,,,,,,,,,,,,,,
339,허리근력운동,60,390,450,-,3,3,3,6,네이버 클립,이미지,파워링크,네이버 가격비교,네이버플러스 스토어,함께 많이 찾는,관련문서,웹문서,,,4,,,,,,,,,,,,,,,노출성공,,,,,,,,,,,,,,,,
340,허리근력강화운동,50,310,360,-,2,4,2,5,파워링크,부위별 운동법 정보,인플루언서서비스 홈 바로가기,네이버 클립,네이버 가격비교,네이버플러스 스토어,이미지,함께 많이 찾는,관련문서,웹문서,4,,,,,,,,,,,,,,,,,,,,,,,,,,,,,,,
341,허리교정의자,230,630,860,-,0,2,0,3,파워링크,네이버 가격비교,네이버플러스 스토어,함께 많이 찾는,네이버 클립,건강·의학 인기글,웹문서,,,,4,,,,,,,,,,,,,,,,,,,,,,,,,,,,,,,
342,허리교정밴드,40,90,130,-,0,0,1,0,파워링크,네이버 가격비교,네이버플러스 스토어,함께 많이 찾는,인플루언서서비스 홈 바로가기,웹문서,,,,,4,,,,,,,,,,,,,,,,,,,,,,,,,,,,,,,
343,허리교정방석,60,180,240,-,0,0,0,0,파워링크,네이버 가격비교,네이버플러스 스토어,함께 많이 찾는,웹문서,,,,,,4,,,,,,,,,,,,,,,,,,,,,,,,,,,,,,,
344,허리교정기,260,"1,610","1,870",-,0,2,0,2,파워링크,네이버 가격비교,네이버플러스 스토어,함께 많이 찾는,건강·의학 인기글,웹문서,,,,,4,,,,,,,,,,,,,,,,,,,,,,,,,,,,,,,
345,허리골절,170,790,960,-,2,4,2,7,파워링크,건강 주제 네이버 메이트,인플루언서서비스 홈 바로가기,네이버 클립,건강·의학 브랜드 콘텐츠,네이버 가격비교,네이버플러스 스토어,이미지,함께 많이 찾는,관련문서,3,,,유료마킹필,,,,,,,,,,,,,,,,,,,,,,,,,,,,
346,허리골반통증,170,"1,380","1,550",-,3,2,3,7,파워링크,AI 브리핑,건강 주제 네이버 메이트,네이버 클립,브랜드 콘텐츠,관련문서,인플루언서서비스 홈 바로가기,이미지,함께 많이 찾는,관련문서,2,,,유료마킹필,,,,,,,,,,,,,,,,,,,,,,,,,,,,
347,허리견인치료,170,"1,900","2,070",-,2,4,2,6,파워링크,브랜드 콘텐츠,건강 주제 네이버 메이트,인플루언서서비스 홈 바로가기,네이버 가격비교,네이버플러스 스토어,이미지,함께 많이 찾는,관련문서,웹문서,3,,,유료마킹필,,,,,,,,,,,,,,,,,,,,,,,,,,,,
348,허리견인치료기,140,830,970,-,0,4,0,1,파워링크,네이버 가격비교,네이버플러스 스토어,함께 많이 찾는,건강·의학 인기글,웹문서,,,,,4,,,,,,,,,,,,,,,,,,,,,,,,,,,,,,,
349,허리견인기,370,"2,190","2,560",-,0,2,0,3,파워링크,네이버 가격비교,네이버플러스 스토어,함께 많이 찾는,인플루언서서비스 홈 바로가기,건강·의학 인기글,웹문서,,,,4,,,,,,,,,,,,,,,,,,,,,,,,,,,,,,,
350,허리강화운동,390,"2,940","3,330",-,3,4,3,5,파워링크,AI 브리핑,건강 주제 네이버 메이트,네이버 클립,부위별 운동법 정보,건강·의학 브랜드 콘텐츠,관련문서,인플루언서서비스 홈 바로가기,네이버 가격비교,네이버플러스 스토어,4,,,유료마킹필,,,,,,,,,,,,,,,,,,,,,,,,,,,,
351,허리가편한의자,80,190,270,-,1,5,1,10,파워링크,네이버 가격비교,네이버플러스 스토어,함께 많이 찾는,관련문서,관련문서,이미지,웹문서,,,4,,,,,,,,,,,,,,,,,,,,,,,,,,,,,,,
352,허리가아픈이유,90,"1,260","1,350",-,3,6,3,4,파워링크,건강 주제 네이버 메이트,네이버 클립,브랜드 콘텐츠,이미지,함께 많이 찾는,관련문서,웹문서,,,2,,,유료마킹필,,,,,,,,,,,,,,,,,,,,,,,,,,,,
353,허리가너무아파요,100,"1,550","1,650",-,3,8,3,4,파워링크,브랜드 콘텐츠,관련문서,건강 주제 네이버 메이트,함께 많이 찾는,관련문서,이미지,웹문서,,,2,,,유료마킹필,,,,,,,,,,,,노출성공,노출성공,,,,,,,,,,,,,,,
354,허리MRI비용,250,"1,890","2,140",-,2,7,2,5,파워링크,브랜드 콘텐츠,네이버 클립,함께 많이 찾는,관련문서,이미지,웹문서,,,,3,,,유료마킹필,,,,,,,,,,,,,,,,,,,,,,,,,,,,
355,허리MRI,180,900,"1,080",-,2,4,2,6,파워링크,브랜드 콘텐츠,건강 주제 네이버 메이트,네이버 클립,인플루언서서비스 홈 바로가기,이미지,함께 많이 찾는,관련문서,웹문서,,보류 ,,,유료마킹필,,,,,,,,,,,,,,,,,,,,,,,,,,,,
356,해운대정형외과,260,"1,570","1,830",-,1,4,1,5,파워링크,관련문서,동영상,뉴스,함께 많이 찾는,관련문서,웹문서,,,,3,,,,,,,,,,,,,,,,,,,,,,,,,,,,,,,
357,허리찜질기,400,"1,950","2,350",-,0,3,0,2,파워링크,네이버 가격비교,네이버플러스 스토어,함께 많이 찾는,네이버 클립,건강·의학 인기글,웹문서,,,,5,,,,,,,,,,,,,,,,,,,,,,,,,,,,,,,
358,급성 허리디스크 증상,40,410,450,-,2,4,2,5,AI 브리핑,건강 주제 네이버 메이트,파워링크,이미지,함께 많이 찾는,관련문서,웹문서,,,,2,,,,,,,,,,,,,,,,,,,,,,,,,,,,,,,
359,허리디스크 눕는자세,70,300,370,-,5,5,5,6,AI 브리핑,건강 주제 네이버 메이트,관련문서,파워링크,이미지,함께 많이 찾는,관련문서,웹문서,,,4,,,,,,,,,,,,,,,노출성공,,,,,,,,,,,,,,,,
360,퇴행성허리디스크,210,"1,680","1,890",-,2,4,2,5,파워링크,건강 주제 네이버 메이트,네이버 클립,브랜드 콘텐츠,관련문서,이미지,함께 많이 찾는,관련문서,웹문서,,2,,,유료마킹필,,,,,,,,,,,,,,,,,,,,,,,,,,,,
361,퇴행성허리디스크운동,30,70,100,-,3,4,3,4,관련문서,파워링크,함께 많이 찾는,관련문서,이미지,웹문서,,,,,4,,,,,,,,,,,,,,,,,,,,,,,,,,,,,,,
362,허리 신경차단술 주사,950,"1,130",-,3,5,3,6,AI 브리핑,건강 주제 네이버 메이트,관련문서,파워링크,네이버 클립,함께 많이 찾는,관련문서,이미지,웹문서,,3,,,,,,,,,,,,,,,,노출성공,,,,,,,,,,,,,,,,
363,효도선물,60,150,210,-,0,4,0,0,파워링크,네이버플러스 스토어,선물샵,함께 많이 찾는,상품리뷰 인기글,웹문서,,,,,🤔 보류,260807,,,,,,,,,,,,,,,,,,,,,,,,,,,,,,
364,황토찜질팩,330,"2,030","2,360",-,0,0,0,0,파워링크,네이버 가격비교,네이버플러스 스토어,함께 많이 찾는,웹문서,,,,,,4,,,,,,,,,,,,,,,노출성공,노출성공,,,,,,,,,,,,,,,
365,황토찜질기,60,210,270,-,0,0,0,0,네이버 가격비교,네이버플러스 스토어,파워링크,함께 많이 찾는,웹문서,,,,,,4,,,,,,,,,,,,,,,,,,,,,,,,,,,,,,,
366,황토찜질,20,180,200,-,0,0,0,0,파워링크,네이버 가격비교,네이버플러스 스토어,함께 많이 찾는,웹문서,,,,,,1,,,,,,,,,,,,,,,,,,,,,,,,,,,,,,,
367,황색인대제거술,90,560,650,-,2,0,4,5,파워링크,건강 주제 네이버 메이트,관련문서,이미지,함께 많이 찾는,관련문서,웹문서,,,,3,,,,,,,,,,,,,,,,,,,,,,,,,,,,,,,
368,환도선다통증,350,"5,190","5,540",-,2,7,4,6,AI 브리핑,네이버 가격비교,네이버플러스 스토어,건강 주제 네이버 메이트,네이버 클립,이미지,함께 많이 찾는,관련문서,파워링크,웹문서,2,,,,,,,,,,,,,,,,,,,,,,,,,,,,,,,
369,환도선다방석,170,590,760,-,0,2,0,5,파워링크,네이버 가격비교,네이버플러스 스토어,함께 많이 찾는,육아·결혼 인기글,웹문서,,,,,4,,,,,,,,,,,,,,,,,,,,,,,,,,,,,,,
370,화이팅한의원,120,540,660,-,0,3,0,1,파워링크,관련문서,이미지,함께 많이 찾는,관련문서,웹문서,,,,,3,,,,,,,,,,,,,,,,,,,,,,,,,,,,,,,
371,화양동정형외과,50,60,110,-,0,1,0,4,파워링크,관련문서,동영상,함께 많이 찾는,관련문서,웹문서,,,,,3,,,,,,,,,,,,,,,,,,,,,,,,,,,,,,,
372,화명한의원,150,200,350,-,1,9,1,4,파워링크,관련문서,건강·의학 브랜드 콘텐츠,함께 많이 찾는,관련문서,이미지,웹문서,,,,3,,,,,,,,,,,,,,,,,,,,,,,,,,,,,,,
373,화명동정형외과,290,"1,600","1,890",-,0,5,0,1,파워링크,함께 많이 찾는,건강·의학 인기글,웹문서,,,,,,,3,,,,,,,,,,,,,,,,,,,,,,,,,,,,,,,
374,화곡역한의원,360,"1,580","1,940",-,0,3,0,7,파워링크,관련문서,함께 많이 찾는,관련문서,최신 콘텐츠노출기준,웹문서,,,,,3,,,,,,,,,,,,,,,,,,,,,,,,,,,,,,,
375,화곡역정형외과,290,"1,370","1,660",-,0,4,0,7,파워링크,관련문서,동영상,함께 많이 찾는,관련문서,웹문서,,,,,3,,,,,,,,,,,,,,,,,,,,,,,,,,,,,,,
376,화곡동한의원,300,210,510,-,1,5,1,6,파워링크,관련문서,최신 콘텐츠노출기준,동영상,함께 많이 찾는,관련문서,웹문서,,,,3,,,,,,,,,,,,,,,,,,,,,,,,,,,,,,,
377,화곡동정형외과,220,460,680,-,0,3,0,4,파워링크,동영상,함께 많이 찾는,관련문서,웹문서,,,,,,3,,,,,,,,,,,,,,,,,,,,,,,,,,,,,,,
378,화곡도수치료,5,120,125,-,0,2,0,5,파워링크,인기글,웹문서,,,,,,,,3,,,,,,,,,,,,,,,,,,,,,,,,,,,,,,,
379,홍대한의원,240,880,"1,120",-,0,6,0,6,파워링크,관련문서,동영상,함께 많이 찾는,관련문서,웹문서,,,,,3,,,,,,,,,,,,,,,,,,,,,,,,,,,,,,,
380,홈쇼핑안마기,30,430,460,-,0,0,0,0,파워링크,네이버 가격비교,네이버플러스 스토어,함께 많이 찾는,웹문서,,,,,,4,,,,,,,,,,,,,,,,,,,,,,,,,,,,,,,
381,홈사우나,140,580,720,-,0,0,0,0,파워링크,네이버 가격비교,네이버플러스 스토어,함께 많이 찾는,네이버 클립,웹문서,,,,,4,,,,,,,,,,,,,,,,,,,,,,,,,,,,,,,
382,호평동정형외과,120,"1,150","1,270",-,1,4,1,5,파워링크,관련문서,동영상,함께 많이 찾는,관련문서,웹문서,,,,,3,,,,,,,,,,,,,,,,,,,,,,,,,,,,,,,
383,호수앤마취통증의학과,30,250,280,-,0,0,0,3,관련문서,함께 많이 찾는,관련문서,이미지,웹문서,,,,,,3,,,,,,,,,,,,,,,,,,,,,,,,,,,,,,,
384,호계동정형외과,250,480,730,-,1,3,1,6,파워링크,관련문서,동영상,함께 많이 찾는,관련문서,웹문서,,,,,3,,,,,,,,,,,,,,,,,,,,,,,,,,,,,,,
385,호계동병원,10,100,110,-,0,4,0,3,파워링크,함께 많이 찾는,인기글,웹문서,,,,,,,3,,,,,,,,,,,,,,,,,,,,,,,,,,,,,,,
386,협착증통증,20,540,560,-,2,5,2,5,파워링크,브랜드 콘텐츠,네이버 클립,건강 주제 네이버 메이트,이미지,네이버 가격비교,네이버플러스 스토어,함께 많이 찾는,관련문서,웹문서,2,,,,,,,,,,,,,,,,,,,,,,,,,,,,,,,
387,협착증치료,110,"1,300","1,410",-,2,5,2,5,파워링크,건강·의학 브랜드 콘텐츠,네이버 클립,건강 주제 네이버 메이트,함께 많이 찾는,관련문서,이미지,웹문서,,,3,,,,,,,,,,,,,,,,,,,,,,,,,,,,,,,
388,협착증증세,5,160,165,-,2,4,2,6,파워링크,AI 브리핑,건강 주제 네이버 메이트,네이버 클립,이미지,함께 많이 찾는,관련문서,웹문서,,,2,,,,,,,,,,,,,,,,,,,,,,,,,,,,,,,
389,협착증이란,50,660,710,-,2,4,2,5,파워링크,건강 주제 네이버 메이트,네이버 클립,이미지,뉴스,함께 많이 찾는,관련문서,웹문서,,,1,,,,,,,,,,,,,,,,,,,,,,,,,,,,,,,
390,협착증원인,5,110,115,-,2,2,2,7,파워링크,AI 브리핑,건강 주제 네이버 메이트,이미지,함께 많이 찾는,관련문서,웹문서,,,,2,,,,,,,,,,,,,,,,,,,,,,,,,,,,,,,
391,협착증운동,130,"1,110","1,240",-,3,5,3,5,파워링크,건강 주제 네이버 메이트,네이버 클립,브랜드 콘텐츠,이미지,네이버 가격비교,네이버플러스 스토어,함께 많이 찾는,관련문서,웹문서,3,,,,,,,,,,,,,,,,,,,,,,,,,,,,,,,
392,협착증에좋은음식,10,210,220,-,1,5,1,6,파워링크,AI 브리핑,관련문서,네이버 가격비교,네이버플러스 스토어,이미지,함께 많이 찾는,관련문서,웹문서,,1,,,,,,,,,,,,,,,,,,,,,,,,,,,,,,,
393,협착증에좋은운동,50,840,890,-,3,5,3,6,파워링크,건강 주제 네이버 메이트,네이버 클립,건강·의학 브랜드 콘텐츠,이미지,네이버 가격비교,네이버플러스 스토어,함께 많이 찾는,관련문서,웹문서,3,,,,,,,,,,,,,,,,,,,,,,,,,,,,,,,
394,협착증시술,40,140,180,-,2,4,2,5,파워링크,건강 주제 네이버 메이트,브랜드 콘텐츠,이미지,함께 많이 찾는,관련문서,웹문서,,,,3,,,,,,,,,,,,,,,,,,,,,,,,,,,,,,,
395,협착증수술,60,390,450,-,1,5,1,6,파워링크,건강 주제 네이버 메이트,브랜드 콘텐츠,뉴스,함께 많이 찾는,관련문서,이미지,웹문서,,,3,,,,,,,,,,,,,,,,,,,,,,,,,,,,,,,
396,협착증디스크차이,20,170,190,-,4,3,4,7,AI 브리핑,건강 주제 네이버 메이트,파워링크,이미지,뉴스,함께 많이 찾는,관련문서,웹문서,,,1,,,,,,,,,,,,,,,,,,,,,,,,,,,,,,,
397,협착증,"1,220","8,160","9,380",-,2,4,2,5,파워링크,건강·의학 브랜드 콘텐츠,건강 주제 네이버 메이트,네이버 클립,인플루언서서비스 홈 바로가기,이미지,네이버 가격비교,네이버플러스 스토어,뉴스,함께 많이 찾는,2,,,,,,,,,,,,,,,,,,,,,,,,,,,,,,,
398,현미찜질팩,20,200,220,-,0,2,0,5,파워링크,네이버 가격비교,네이버플러스 스토어,함께 많이 찾는,상품리뷰 인기글,웹문서,,,,,4,,,,,,,,,,,,,,,,,,,,,,,,,,,,,,,
399,헬스허리보호대,170,700,870,-,0,2,0,5,파워링크,네이버 가격비교,네이버플러스 스토어,함께 많이 찾는,네이버 클립,관련문서,관련문서,이미지,웹문서,,4,,,,,,,,,,,,,,,,,,,,,,,,,,,,,,,
400,헬스허리벨트,210,920,"1,130",-,0,1,0,6,파워링크,네이버 가격비교,네이버플러스 스토어,함께 많이 찾는,네이버 클립,패션 주제 네이버 메이트,인기글,웹문서,,,4,,,,,,,,,,,,,,,,,,,,,,,,,,,,,,,
401,헬스코르셋,30,260,290,-,0,0,0,0,파워링크,네이버 가격비교,네이버플러스 스토어,함께 많이 찾는,네이버 클립,인플루언서서비스 홈 바로가기,웹문서,,,,4,,,,,,,,,,,,,,,,,,,,,,,,,,,,,,,
402,헬스복압벨트,380,380,760,-,0,0,0,0,파워링크,네이버 가격비교,네이버플러스 스토어,함께 많이 찾는,패션 주제 네이버 메이트,웹문서,,,,,4,,,,,,,,,,,,,,,,,,,,,,,,,,,,,,,
403,헬스복대,20,170,190,-,0,0,0,1,파워링크,네이버 가격비교,네이버플러스 스토어,함께 많이 찾는,최신 콘텐츠노출기준,웹문서,,,,,4,,,,,,,,,,,,,,,,,,,,,,,,,,,,,,,
404,헬스보호대,90,270,360,-,0,0,0,0,파워링크,네이버 가격비교,네이버플러스 스토어,함께 많이 찾는,웹문서,,,,,,🤔 보류,,,,,,,,,,,,,,,,,,,,,,,,,,,,,,,
405,헬스벨트추천,50,270,320,-,0,2,0,5,파워링크,네이버 가격비교,네이버플러스 스토어,함께 많이 찾는,인기글,웹문서,,,,,5,,,,,,,,,,,,,,,,,,,,,,,,,,,,,,,
406,헬스벨트,730,"3,190","3,920",-,0,1,0,5,파워링크,네이버 가격비교,네이버플러스 스토어,웹문서,함께 많이 찾는,스포츠 인기글,,,,,4,,,,,,,,,,,,,,,,,,,,,,,,,,,,,,,
407,헬스밸트,30,180,210,-,0,0,0,1,파워링크,네이버 가격비교,네이버플러스 스토어,웹문서,,,,,,,4,,,,,,,,,,,,,,,,,,,,,,,,,,,,,,,
408,헬스리프팅벨트,30,170,200,-,0,3,0,7,네이버 가격비교,네이버플러스 스토어,파워링크,함께 많이 찾는,관련문서,관련문서,이미지,웹문서,,,4,,,,,,,,,,,,,,,,,,,,,,,,,,,,,,,
409,허브찜질팩,70,410,480,-,0,0,0,0,파워링크,네이버 가격비교,네이버플러스 스토어,함께 많이 찾는,네이버 클립,웹문서,,,,,4,,,,,,,,,,,,,,,,,,,,,,,,,,,,,,,
410,허리휘어짐,10,250,260,-,1,2,1,4,AI 브리핑,건강 주제 네이버 메이트,관련문서,이미지,파워링크,함께 많이 찾는,관련문서,웹문서,,,2,,,,,,,,,,,,,,,,,,,,,,,,,,,,,,,
411,허리협착증치료방법,50,500,550,-,2,5,2,4,파워링크,건강 주제 네이버 메이트,뉴스,함께 많이 찾는,관련문서,이미지,웹문서,,,,3,,,,,,,,,,,,,,,,,,,,,,,,,,,,,,,
412,허리협착증치료,300,"3,940","4,240",-,2,5,2,6,파워링크,건강·의학 브랜드 콘텐츠,네이버 클립,건강 주제 네이버 메이트,네이버 가격비교,네이버플러스 스토어,뉴스,함께 많이 찾는,관련문서,이미지,3,,,,,,,,,,,,,,,,,,,,,,,,,,,,,,,
413,허리협착증증세,360,"4,540","4,900",-,2,5,2,4,파워링크,건강·의학 브랜드 콘텐츠,네이버 클립,건강 주제 네이버 메이트,이미지,함께 많이 찾는,관련문서,웹문서,,,2,,,,,,,,,,,,,,,,,,,,,,,,,,,,,,,
414,허리협착증증상,50,170,220,-,2,5,2,4,파워링크,건강·의학 브랜드 콘텐츠,네이버 클립,건강 주제 네이버 메이트,이미지,함께 많이 찾는,관련문서,웹문서,,,2,,,,,,,,,,,,,,,,,,,,,,,,,,,,,,,
415,허리협착증원인,60,470,530,-,2,4,2,5,AI 브리핑,건강 주제 네이버 메이트,파워링크,이미지,뉴스,함께 많이 찾는,관련문서,웹문서,,,2,,,,,,,,,,,,,,,,,,,,,,,,,,,,,,,
416,허리협착증운동추천,10,190,200,-,2,4,2,5,파워링크,AI 브리핑,건강 주제 네이버 메이트,동영상,관련문서,네이버 가격비교,네이버플러스 스토어,뉴스,함께 많이 찾는,관련문서,4,,,,,,,,,,,,,,,,,,,,,,,,,,,,,,,
417,허리협착증운동,340,"3,590","3,930",-,2,5,2,6,파워링크,브랜드 콘텐츠,건강 주제 네이버 메이트,네이버 클립,이미지,뉴스,함께 많이 찾는,관련문서,웹문서,,4,,,,,,,,,,,,,,,,,,,,,,,,,,,,,,,
418,허리협착증시술,130,970,"1,100",-,2,5,2,5,파워링크,브랜드 콘텐츠,건강 주제 네이버 메이트,뉴스,함께 많이 찾는,관련문서,이미지,웹문서,,,3,,,,,,,,,,,,,,,,,,,,,,,,,,,,,,,
419,허리협착증수술비용,40,200,240,-,3,8,3,5,파워링크,AI 브리핑,건강 주제 네이버 메이트,관련문서,브랜드 콘텐츠,함께 많이 찾는,관련문서,이미지,웹문서,,3,,,,,,,,,,,,,,,,,,,,,,,,,,,,,,,
420,허리협착증수술,110,530,640,-,2,5,2,5,파워링크,브랜드 콘텐츠,네이버 클립,건강 주제 네이버 메이트,뉴스,함께 많이 찾는,관련문서,이미지,네이버 가격비교,네이버플러스 스토어,3,,,,,,,,,,,,,,,,,,,,,,,,,,,,,,,
421,허리협착증병원,10,110,120,-,2,4,2,4,파워링크,건강 주제 네이버 메이트,이미지,뉴스,함께 많이 찾는,관련문서,웹문서,,,,3,,,,,,,,,,,,,,,,,,,,,,,,,,,,,,,
422,허리협착증다리저림,30,200,230,-,3,4,3,6,AI 브리핑,건강 주제 네이버 메이트,파워링크,함께 많이 찾는,관련문서,이미지,웹문서,,,,2,,,,,,,,,,,,,,,,,,,,,,,,,,,,,,,
423,허리협착증,"1,710","17,600","19,310",-,2,3,2,5,파워링크,건강·의학 브랜드 콘텐츠,네이버 클립,네이버 가격비교,네이버플러스 스토어,이미지,뉴스,함께 많이 찾는,관련문서,웹문서,2,,,,,,,,,,,,,,,,,,,,,,,,,,,,,,,
424,허리협착,110,400,510,-,2,3,2,5,AI 브리핑,건강 주제 네이버 메이트,파워링크,네이버 가격비교,네이버플러스 스토어,이미지,뉴스,함께 많이 찾는,관련문서,웹문서,2,,,,,,,,,,,,,,,,,,,,,,,,,,,,,,,
425,허리한의원,90,700,790,-,2,7,2,6,파워링크,관련문서,브랜드 콘텐츠,네이버 클립,이미지,함께 많이 찾는,관련문서,웹문서,,,3,,,,,,,,,,,,,,,,,,,,,,,,,,,,,,,
426,허리프롤로주사,30,160,190,-,2,6,2,7,AI 브리핑,관련문서,건강 주제 네이버 메이트,파워링크,함께 많이 찾는,관련문서,이미지,웹문서,,,3,,,,,,,,,,,,,,,,,,,,,,,,,,,,,,,
427,허리편한병원,400,"2,190","2,590",-,1,4,1,3,관련문서,파워링크,네이버 가격비교,네이버플러스 스토어,이미지,함께 많이 찾는,관련문서,웹문서,,,3,,,,,,,,,,,,,,,,,,,,,,,,,,,,,,,
428,허리펴는기구,20,110,130,-,0,0,0,0,네이버 가격비교,네이버플러스 스토어,건강 주제 네이버 메이트,파워링크,함께 많이 찾는,웹문서,,,,,4,,,,,,,,,,,,,,,,,,,,,,,,,,,,,,,
429,허리파스추천,30,300,330,-,0,2,0,5,네이버 가격비교,네이버플러스 스토어,함께 많이 찾는,인기글,파워링크,웹문서,,,,,4,,,,,,,,,,,,,,,,,,,,,,,,,,,,,,,
430,허리파스붙이는위치,10,160,170,-,4,5,4,5,AI 브리핑,파워링크,건강 주제 네이버 메이트,관련문서,이미지,함께 많이 찾는,관련문서,웹문서,,,1,,,,,,,,,,,,,,,,,,,,,,,,,,,,,,,
431,허리파스붙이는법,5,150,155,-,3,3,3,8,파워링크,AI 브리핑,건강 주제 네이버 메이트,관련문서,이미지,함께 많이 찾는,관련문서,웹문서,,,1,,,,,,,,,,,,,,,,,,,,,,,,,,,,,,,
432,허리통증필라테스,20,90,110,-,3,5,3,6,AI 브리핑,건강 주제 네이버 메이트,관련문서,파워링크,네이버 가격비교,네이버플러스 스토어,이미지,뉴스,함께 많이 찾는,관련문서,3,,,,,,,,,,,,,,,,,,,,,,,,,,,,,,,
433,허리통증파스추천,30,170,200,-,3,5,3,9,파워링크,AI 브리핑,건강 주제 네이버 메이트,관련문서,동영상,네이버 가격비교,네이버플러스 스토어,함께 많이 찾는,관련문서,이미지,4,,,,,,,,,,,,,,,,,,,,,,,,,,,,,,,
434,허리통증토퍼,20,100,120,-,0,4,0,5,파워링크,AI 브리핑,건강 주제 네이버 메이트,네이버 가격비교,네이버플러스 스토어,함께 많이 찾는,인기글,웹문서,,,4,,,,,,,,,,,,,,,,,,,,,,,,,,,,,,,
435,허리통증타이레놀,60,520,580,-,3,5,3,7,AI 브리핑,건강 주제 네이버 메이트,파워링크,네이버 클립,함께 많이 찾는,관련문서,이미지,웹문서,,,3,,,,,,,,,,,,,,,,,,,,,,,,,,,,,,,
436,허리통증치료,50,230,280,-,4,12,4,5,파워링크,AI 브리핑,건강 소식,함께 찾는 질병,관련 경험 카페글,허리통증치료' 브랜드 콘텐츠,네이버 가격비교,네이버플러스 스토어,이미지,함께 많이 찾는,3,,,,,,,,,,,,,,,,,,,,,,,,,,,,,,,
437,허리통증찜질,10,260,270,-,2,4,2,6,AI 브리핑,건강 주제 네이버 메이트,파워링크,네이버 클립,네이버 가격비교,네이버플러스 스토어,이미지,함께 많이 찾는,관련문서,웹문서,4,,,,,,,,,,,,,,,,,,,,,,,,,,,,,,,
438,허리통증진통제,40,360,400,-,3,5,3,7,AI 브리핑,건강 주제 네이버 메이트,관련문서,이미지,파워링크,함께 많이 찾는,관련문서,웹문서,,,3,,,,,,,,,,,,,,,,,,,,,,,,,,,,,,,
439,허리통증주사치료종류,10,210,220,-,3,4,3,7,파워링크,AI 브리핑,건강 주제 네이버 메이트,함께 많이 찾는,관련문서,이미지,웹문서,,,,1,,,,,,,,,,,,,,,,,,,,,,,,,,,,,,,
440,허리통증주사치료,80,630,710,-,2,4,2,6,AI 브리핑,건강 주제 네이버 메이트,파워링크,네이버 클립,함께 많이 찾는,관련문서,이미지,뉴스,웹문서,,3,,,,,,,,,,,,,,,,,,,,,,,,,,,,,,,
441,허리통증주사실비,5,120,125,-,2,7,3,8,AI 브리핑,건강 주제 네이버 메이트,관련문서,파워링크,함께 많이 찾는,관련문서,이미지,웹문서,,,3,,,,,,,,,,,,,,,,,,,,,,,,,,,,,,,
442,허리통증주사비용,10,220,230,-,3,4,4,7,AI 브리핑,건강 주제 네이버 메이트,파워링크,함께 많이 찾는,관련문서,이미지,웹문서,,,,3,,,,,,,,,,,,,,,,,,,,,,,,,,,,,,,
443,허리통증주사,220,"1,680","1,900",-,2,5,2,7,파워링크,건강·의학 브랜드 콘텐츠,네이버 클립,건강 주제 네이버 메이트,함께 많이 찾는,관련문서,이미지,뉴스,웹문서,,3,,,,,,,,,,,,,,,,,,,,,,,,,,,,,,,
444,허리통증정형외과,60,290,350,-,2,5,2,5,AI 브리핑,건강 주제 네이버 메이트,파워링크,함께 많이 찾는,관련문서,이미지,웹문서,,,,3,,,,,,,,,,,,,,,,,,,,,,,,,,,,,,,
445,허리통증이유,10,100,110,-,2,4,2,5,AI 브리핑,건강 주제 네이버 메이트,파워링크,이미지,함께 많이 찾는,관련문서,웹문서,,,,2,,,,,,,,,,,,,,,,,,,,,,,,,,,,,,,
446,허리통증의학과,20,140,160,-,3,4,3,4,파워링크,AI 브리핑,건강 주제 네이버 메이트,함께 많이 찾는,관련문서,이미지,웹문서,,,,3,,,,,,,,,,,,,,,,,,,,,,,,,,,,,,,
447,허리통증위치,20,130,150,-,2,4,2,4,AI 브리핑,건강 주제 네이버 메이트,파워링크,이미지,함께 많이 찾는,관련문서,웹문서,,,,2,,,,,,,,,,,,,,,,,,,,,,,,,,,,,,,
448,허리통증완화스트레칭,20,110,130,-,3,4,3,5,AI 브리핑,건강 주제 네이버 메이트,네이버 클립,파워링크,네이버 가격비교,네이버플러스 스토어,이미지,함께 많이 찾는,관련문서,웹문서,3,,,,,,,,,,,,,,,,,,,,,,,,,,,,,,,
449,허리통증영양제,50,110,160,-,3,8,3,4,파워링크,AI 브리핑,건강 주제 네이버 메이트,관련문서,네이버 가격비교,네이버플러스 스토어,함께 많이 찾는,관련문서,이미지,웹문서,4,,,,,,,,,,,,,,,,,,,,,,,,,,,,,,,
450,허리통증에좋은음식,30,230,260,-,3,6,3,5,AI 브리핑,건강 주제 네이버 메이트,관련문서,파워링크,네이버 가격비교,네이버플러스 스토어,이미지,함께 많이 찾는,관련문서,웹문서,1,,,,,,,,,,,,,,,,,,,,,,,,,,,,,,,
451,허리통증에좋은운동,50,250,300,-,3,5,3,6,AI 브리핑,건강 주제 네이버 메이트,네이버 클립,관련문서,파워링크,이미지,뉴스,함께 많이 찾는,관련문서,웹문서,3,,,,,,,,,,,,,,,,,,,,,,,,,,,,,,,
452,허리통증약국약,30,440,470,-,3,5,4,8,AI 브리핑,건강 주제 네이버 메이트,관련문서,파워링크,이미지,함께 많이 찾는,관련문서,웹문서,,,3,,,,,,,,,,,,,,,,,,,,,,,,,,,,,,,
453,허리통증약,200,"1,410","1,610",-,2,4,3,7,파워링크,관련문서,건강 주제 네이버 메이트,인플루언서서비스 홈 바로가기,네이버 가격비교,네이버플러스 스토어,이미지,함께 많이 찾는,관련문서,웹문서,3,,,,,,,,,,,,,,,,,,,,,,,,,,,,,,,
454,허리통증스트레칭,450,"3,270","3,720",-,2,5,2,5,파워링크,AI 브리핑,건강 주제 네이버 메이트,네이버 클립,네이버 가격비교,네이버플러스 스토어,이미지,함께 많이 찾는,관련문서,웹문서,3,,,,,,,,,,,,,,,,,,,,,,,,,,,,,,,
455,허리통증소염진통제,20,150,170,-,4,3,4,5,AI 브리핑,건강 주제 네이버 메이트,관련문서,파워링크,함께 많이 찾는,관련문서,이미지,웹문서,,,3,,,,,,,,,,,,,,,,,,,,,,,,,,,,,,,
456,허리통증부위,10,120,130,-,3,4,3,2,AI 브리핑,건강 주제 네이버 메이트,파워링크,이미지,함께 많이 찾는,관련문서,웹문서,,,,2,,,,,,,,,,,,,,,,,,,,,,,,,,,,,,,
457,허리통증병원어디로,10,120,130,-,3,9,3,3,파워링크,AI 브리핑,건강 주제 네이버 메이트,관련문서,이미지,웹문서,,,,,3,,,,,,,,,,,,,,,,,,,,,,,,,,,,,,,
458,허리통증병원어디,20,90,110,-,3,8,3,2,파워링크,관련문서,이미지,웹문서,,,,,,,3,,,,,,,,,,,,,,,,,,,,,,,,,,,,,,,
459,허리통증병원,410,"3,420","3,830",-,1,5,1,6,파워링크,건강 주제 네이버 메이트,건강·의학 브랜드 콘텐츠,뉴스,함께 많이 찾는,관련문서,이미지,웹문서,,,3,,,,,,,,,,,,,,,,,,,,,,,,,,,,,,,
460,허리통증방석,40,80,120,-,0,4,0,3,파워링크,네이버 가격비교,네이버플러스 스토어,함께 많이 찾는,건강 주제 네이버 메이트,인기글,웹문서,,,,4,,,,,,,,,,,,,,,,,,,,,,,,,,,,,,,
461,허리통증물리치료,40,180,220,-,2,4,2,6,AI 브리핑,건강 주제 네이버 메이트,파워링크,네이버 가격비교,네이버플러스 스토어,함께 많이 찾는,관련문서,이미지,웹문서,,3,,,,,,,,,,,,,,,,,,,,,,,,,,,,,,,
462,허리통증매트리스,60,100,160,-,1,8,1,7,파워링크,네이버 가격비교,네이버플러스 스토어,브랜드 콘텐츠,관련문서,함께 많이 찾는,관련문서,이미지,웹문서,,4,,,,,,,,,,,,,,,,,,,,,,,,,,,,,,,
463,허리통증도수치료,30,110,140,-,3,4,3,5,AI 브리핑,건강 주제 네이버 메이트,관련문서,파워링크,뉴스,함께 많이 찾는,관련문서,이미지,웹문서,,3,,,,,,,,,,,,,,,,,,,,,,,,,,,,,,,
464,허리통증다리저림원인,10,170,180,-,2,5,2,6,파워링크,AI 브리핑,건강 주제 네이버 메이트,함께 많이 찾는,관련문서,이미지,웹문서,,,,2,,,,,,,,,,,,,,,,,,,,,,,,,,,,,,,
465,허리통증다리저림,230,"1,380","1,610",-,2,5,2,5,파워링크,브랜드 콘텐츠,네이버 클립,건강 주제 네이버 메이트,이미지,함께 많이 찾는,관련문서,네이버 가격비교,네이버플러스 스토어,뉴스,2,,,,,,,,,,,,,,,,,,,,,,,,,,,,,,,
466,허리통증근육이완제,30,180,210,-,4,4,4,7,AI 브리핑,건강 주제 네이버 메이트,관련문서,파워링크,함께 많이 찾는,관련문서,이미지,웹문서,,,3,,,,,,,,,,,,,,,,,,,,,,,,,,,,,,,
467,허리통증걷기,20,160,180,-,3,3,3,5,AI 브리핑,건강 주제 네이버 메이트,관련문서,파워링크,이미지,함께 많이 찾는,관련문서,웹문서,,,3,,,,,,,,,,,,,,,,,,,,,,,,,,,,,,,
468,허리토퍼,30,170,200,-,0,0,0,0,파워링크,네이버 가격비교,네이버플러스 스토어,함께 많이 찾는,웹문서,,,,,,4,,,,,,,,,,,,,,,,,,,,,,,,,,,,,,,
469,허리쿠션,"1,460","3,920","5,380",-,0,3,0,4,파워링크,네이버 가격비교,네이버플러스 스토어,함께 많이 찾는,네이버 클립,지금 볼만한 브랜드,인플루언서서비스 홈 바로가기,인기글,웹문서,,4,,,,,,,,,,,,,,,,,,,,,,,,,,,,,,,
470,허리코어운동,170,"1,000","1,170",-,3,4,3,3,파워링크,AI 브리핑,건강 주제 네이버 메이트,관련문서,네이버 클립,인플루언서서비스 홈 바로가기,이미지,네이버 가격비교,네이버플러스 스토어,함께 많이 찾는,1,,,,,,,,,,,,,,,,,,,,,,,,,,,,,,,
471,허리코어강화운동,30,110,140,-,3,4,3,4,AI 브리핑,파워링크,건강 주제 네이버 메이트,네이버 클립,관련문서,이미지,네이버 가격비교,네이버플러스 스토어,함께 많이 찾는,관련문서,1,,,,,,,,,,,,,,,,,,,,,,,,,,,,,,,
472,허리코르셋,80,620,700,-,0,0,0,0,파워링크,네이버 가격비교,네이버플러스 스토어,함께 많이 찾는,웹문서,,,,,,4,,,,,,,,,,,,,,,,,,,,,,,,,,,,,,,
473,허리침대,50,290,340,-,0,3,0,1,파워링크,네이버 가격비교,네이버플러스 스토어,함께 많이 찾는,네이버 클립,인테리어·DIY 인기글,웹문서,,,,1,,,,,,,,,,,,,,,,,,,,,,,,,,,,,,,
474,허리치료기,30,220,250,-,0,0,0,0,파워링크,네이버 가격비교,네이버플러스 스토어,함께 많이 찾는,웹문서,,,,,,4,,,,,,,,,,,,,,,,,,,,,,,,,,,,,,,
475,허리치료,50,330,380,-,2,5,2,7,파워링크,건강 주제 네이버 메이트,브랜드 콘텐츠,네이버 가격비교,네이버플러스 스토어,이미지,함께 많이 찾는,관련문서,웹문서,,3,,,,,,,,,,,,,,,,,,,,,,,,,,,,,,,
476,허리측만증,70,630,700,-,2,4,2,4,파워링크,AI 브리핑,네이버 가격비교,네이버플러스 스토어,건강 주제 네이버 메이트,브랜드 콘텐츠,인플루언서서비스 홈 바로가기,이미지,함께 많이 찾는,관련문서,2,,,,,,,,,,,,,,,,,,,,,,,,,,,,,,,
477,허리척추병원,20,90,110,-,0,3,0,1,파워링크,함께 많이 찾는,건강·의학 인기글,웹문서,,,,,,,3,,,,,,,,,,,,,,,,,,,,,,,,,,,,,,,
478,허리척추,40,160,200,-,2,5,2,5,파워링크,네이버 가격비교,네이버플러스 스토어,네이버 클립,이미지,함께 많이 찾는,관련문서,웹문서,,,2,,,,,,,,,,,,,,,,,,,,,,,,,,,,,,,
479,허리찜질팩,160,"1,130","1,290",-,0,2,0,2,파워링크,네이버 가격비교,네이버플러스 스토어,함께 많이 찾는,네이버 클립,건강·의학 인기글,웹문서,,,,4,,,,,,,,,,,,,,,,,,,,,,,,,,,,,,,
480,허리찜질매트,10,110,120,-,0,0,0,0,파워링크,네이버 가격비교,네이버플러스 스토어,함께 많이 찾는,웹문서,,,,,,4,,,,,,,,,,,,,,,,,,,,,,,,,,,,,,,
481,허리찜질,100,510,610,-,0,3,0,1,네이버 가격비교,네이버플러스 스토어,파워링크,함께 많이 찾는,네이버 클립,인플루언서서비스 홈 바로가기,건강·의학 인기글,웹문서,,,4,,,,,,,,,,,,,,,,,,,,,,,,,,,,,,,
482,허리지지대,170,630,800,-,0,3,0,2,파워링크,네이버 가격비교,네이버플러스 스토어,함께 많이 찾는,인기글,웹문서,,,,,4,,,,,,,,,,,,,,,,,,,,,,,,,,,,,,,
483,허리주사통증얼마나,5,100,105,-,3,4,3,9,파워링크,관련문서,함께 많이 찾는,관련문서,이미지,웹문서,,,,,3,,,,,,,,,,,,,,,,,,,,,,,,,,,,,,,
484,허리주사치료,110,"1,650","1,760",-,2,4,2,7,파워링크,건강 주제 네이버 메이트,네이버 클립,함께 많이 찾는,관련문서,이미지,뉴스,웹문서,,,3,,,,,,,,,,,,,,,,,,,,,,,,,,,,,,,
485,허리주사,170,"1,330","1,500",-,2,5,2,6,파워링크,건강 주제 네이버 메이트,네이버 클립,건강·의학 브랜드 콘텐츠,함께 많이 찾는,관련문서,이미지,네이버 가격비교,네이버플러스 스토어,웹문서,3,,,,,,,,,,,,,,,,,,,,,,,,,,,,,,,
486,허리전용베개,40,400,440,-,0,4,0,3,파워링크,네이버 가격비교,네이버플러스 스토어,함께 많이 찾는,인기글,네이버 클립,웹문서,,,,4,,,,,,,,,,,,,,,,,,,,,,,,,,,,,,,
487,허리저주파마사지기,90,490,580,-,3,5,3,8,네이버 가격비교,네이버플러스 스토어,파워링크,함께 많이 찾는,관련문서,관련문서,이미지,웹문서,,,4,,,,,,,,,,,,,,,,,,,,,,,,,,,,,,,
488,허리재활치료,10,190,200,-,2,5,2,6,파워링크,AI 브리핑,건강 주제 네이버 메이트,네이버 가격비교,네이버플러스 스토어,함께 많이 찾는,관련문서,이미지,뉴스,웹문서,3,,,,,,,,,,,,,,,,,,,,,,,,,,,,,,,
489,허리재활운동,40,260,300,-,2,5,2,4,파워링크,AI 브리핑,건강 주제 네이버 메이트,이미지,함께 많이 찾는,관련문서,네이버 가격비교,네이버플러스 스토어,웹문서,,1,,,,,,,,,,,,,,,,,,,,,,,,,,,,,,,
490,허리재활,20,90,110,-,2,5,2,6,파워링크,AI 브리핑,건강 주제 네이버 메이트,네이버 가격비교,네이버플러스 스토어,이미지,함께 많이 찾는,관련문서,웹문서,,3,,,,,,,,,,,,,,,,,,,,,,,,,,,,,,,
491,허리자세교정기,30,120,150,-,2,4,2,7,파워링크,네이버 가격비교,네이버플러스 스토어,함께 많이 찾는,동영상,관련문서,뉴스,관련문서,이미지,웹문서,4,,,,,,,,,,,,,,,,,,,,,,,,,,,,,,,
492,허리자세교정,40,120,160,-,3,3,3,4,네이버 가격비교,네이버플러스 스토어,관련문서,네이버 클립,인플루언서서비스 홈 바로가기,파워링크,함께 많이 찾는,관련문서,이미지,웹문서,1,,,,,,,,,,,,,,,,,,,,,,,,,,,,,,,
493,허리자세,20,90,110,-,1,6,1,5,AI 브리핑,건강 주제 네이버 메이트,네이버 클립,파워링크,이미지,함께 많이 찾는,관련문서,웹문서,,,1,,,,,,,,,,,,,,,,,,,,,,,,,,,,,,,
494,허리의자,420,"1,270","1,690",-,0,3,0,4,파워링크,네이버 가격비교,네이버플러스 스토어,함께 많이 찾는,네이버 클립,인기글,웹문서,,,,1,,,,,,,,,,,,,,,,,,,,,,,,,,,,,,,
495,허리의료기기,5,130,135,-,0,0,0,0,네이버 가격비교,네이버플러스 스토어,파워링크,함께 많이 찾는,웹문서,,,,,,4,,,,,,,,,,,,,,,,,,,,,,,,,,,,,,,
496,허리운동기구종류,10,180,190,-,2,4,4,9,파워링크,네이버 가격비교,네이버플러스 스토어,건강 주제 네이버 메이트,관련문서,관련문서,웹문서,,,,1,,,,,,,,,,,,,,,,,,,,,,,,,,,,,,,
497,허리운동기구,240,"1,700","1,940",-,0,0,0,0,파워링크,네이버 가격비교,네이버플러스 스토어,네이버 클립,함께 많이 찾는,건강 주제 네이버 메이트,이미지,웹문서,,,4,,,,,,,,,,,,,,,,,,,,,,,,,,,,,,,
498,허리운동,370,"2,570","2,940",-,2,5,2,5,파워링크,부위별 운동법 정보,네이버 클립,건강 주제 네이버 메이트,네이버 가격비교,네이버플러스 스토어,인플루언서서비스 홈 바로가기,이미지,함께 많이 찾는,관련문서,1,,,,,,,,,,,,,,,,,,,,,,,,,,,,,,,
499,허리왼쪽통증,20,260,280,-,4,5,4,5,AI 브리핑,건강 주제 네이버 메이트,관련문서,파워링크,이미지,함께 많이 찾는,관련문서,웹문서,,,2,,,,,,,,,,,,,,,,,,,,,,,,,,,,,,,
500,허리온찜질,20,100,120,-,3,5,3,5,파워링크,AI 브리핑,관련문서,네이버 가격비교,네이버플러스 스토어,함께 많이 찾는,관련문서,이미지,웹문서,,4,,,,,,,,,,,,,,,,,,,,,,,,,,,,,,,
501,허리옆구리통증,30,470,500,-,4,5,4,5,AI 브리핑,건강 주제 네이버 메이트,관련문서,파워링크,네이버 클립,이미지,뉴스,함께 많이 찾는,관련문서,웹문서,2,,,,,,,,,,,,,,,,,,,,,,,,,,,,,,,
502,허리영양제,70,330,400,-,0,6,0,1,파워링크,네이버 가격비교,네이버플러스 스토어,함께 많이 찾는,건강·의학 인기글,웹문서,,,,,1,,,,,,,,,,,,,,,,,,,,,,,,,,,,,,,
503,허리염증치료,20,120,140,-,2,5,2,5,AI 브리핑,건강 주제 네이버 메이트,관련문서,파워링크,함께 많이 찾는,관련문서,이미지,웹문서,,,3,,,,,,,,,,,,,,,,,,,,,,,,,,,,,,,
504,허리염증주사,60,370,430,-,3,5,3,6,AI 브리핑,네이버 가격비교,네이버플러스 스토어,건강 주제 네이버 메이트,관련문서,파워링크,이미지,함께 많이 찾는,관련문서,웹문서,3,,,,,,,,,,,,,,,,,,,,,,,,,,,,,,,
505,허리염좌회복기간,30,250,280,-,3,4,4,6,AI 브리핑,건강 주제 네이버 메이트,관련문서,파워링크,함께 많이 찾는,관련문서,이미지,웹문서,,,2,,,,,,,,,,,,,,,,,,,,,,,,,,,,,,,
506,허리염좌증상,50,440,490,-,5,4,5,3,AI 브리핑,건강 주제 네이버 메이트,파워링크,이미지,함께 많이 찾는,관련문서,웹문서,,,,2,,,,,,,,,,,,,,,,,,,,,,,,,,,,,,,
507,허리염좌뜻,20,200,220,-,7,4,7,5,AI 브리핑,건강 주제 네이버 메이트,관련문서,관련문서,이미지,웹문서,,,,,1,,,,,,,,,,,,,,,,,,,,,,,,,,,,,,,
508,허리에좋은토퍼,50,160,210,-,1,6,1,7,파워링크,네이버 가격비교,네이버플러스 스토어,함께 많이 찾는,동영상,관련문서,브랜드 콘텐츠,관련문서,이미지,웹문서,1,,,,,,,,,,,,,,,,,,,,,,,,,,,,,,,
509,허리에좋은침대,110,700,810,-,0,2,0,3,파워링크,네이버 가격비교,네이버플러스 스토어,함께 많이 찾는,네이버 클립,인플루언서서비스 홈 바로가기,건강·의학 인기글,웹문서,,,1,,,,,,,,,,,,,,,,,,,,,,,,,,,,,,,
510,허리에좋은자세,100,980,"1,080",-,2,6,2,5,AI 브리핑,건강 주제 네이버 메이트,네이버 클립,관련문서,파워링크,네이버 가격비교,네이버플러스 스토어,이미지,함께 많이 찾는,관련문서,1,,,,,,,,,,,,,,,,,,,,,,,,,,,,,,,
511,허리에좋은의자추천,50,110,160,-,1,4,2,7,파워링크,네이버 가격비교,네이버플러스 스토어,동영상,관련문서,뉴스,함께 많이 찾는,관련문서,이미지,웹문서,1,,,,,,,,,,,,,,,,,,,,,,,,,,,,,,,
512,허리에좋은의자,440,"1,110","1,550",-,0,4,0,3,파워링크,네이버 가격비교,네이버플러스 스토어,함께 많이 찾는,인플루언서서비스 홈 바로가기,인기글,웹문서,,,,1,,,,,,,,,,,,,,,,,,,,,,,,,,,,,,,
513,허리에좋은음식,200,"1,630","1,830",-,2,9,2,6,파워링크,관련문서,건강 주제 네이버 메이트,네이버 가격비교,네이버플러스 스토어,이미지,함께 많이 찾는,관련문서,웹문서,,1,,,,,,,,,,,,,,,,,,,,,,,,,,,,,,,
514,허리에좋은운동,270,"2,370","2,640",-,3,7,3,6,파워링크,건강 주제 네이버 메이트,부위별 운동법 정보,브랜드 콘텐츠,네이버 클립,인플루언서서비스 홈 바로가기,이미지,뉴스,함께 많이 찾는,관련문서,1,,,,,,,,,,,,,,,,,,,,,,,,,,,,,,,
515,허리에좋은스트레칭,30,190,220,-,2,5,2,6,AI 브리핑,건강 주제 네이버 메이트,파워링크,이미지,함께 많이 찾는,관련문서,웹문서,,,,2,,,,,,,,,,,,,,,,,,,,,,,,,,,,,,,
516,허리에좋은수면자세,10,170,180,-,3,4,3,3,AI 브리핑,건강 주제 네이버 메이트,관련문서,파워링크,네이버 가격비교,네이버플러스 스토어,이미지,함께 많이 찾는,관련문서,웹문서,2,,,,,,,,,,,,,,,,,,,,,,,,,,,,,,,
517,허리에,10,110,120,-,0,5,0,7,AI 브리핑,파워링크,건강 주제 네이버 메이트,네이버 클립,이미지,뉴스,함께 많이 찾는,관련문서,네이버 가격비교,네이버플러스 스토어,🤔 보류,,,,,,,,,,,,,,,,,,,,,,,,,,,,,,,
518,허리압박밴드,30,280,310,-,0,3,0,3,파워링크,네이버 가격비교,네이버플러스 스토어,함께 많이 찾는,상품리뷰 인기글,웹문서,,,,,4,,,,,,,,,,,,,,,,,,,,,,,,,,,,,,,
519,허리압박골절,160,950,"1,110",-,2,4,2,6,파워링크,AI 브리핑,건강 주제 네이버 메이트,네이버 클립,네이버 가격비교,네이버플러스 스토어,이미지,함께 많이 찾는,관련문서,웹문서,2,,,,,,,,,,,,,,,,,,,,,,,,,,,,,,,
520,허리안마기,270,"1,150","1,420",-,0,3,0,1,브랜드검색,파워링크,네이버 가격비교,네이버플러스 스토어,함께 많이 찾는,지금 볼만한 브랜드,상품리뷰 인기글,웹문서,,,4,,,,,,,,,,,,,,,,,,,,,,,,,,,,,,,
521,허리아플때한의원,60,110,170,-,2,7,2,5,관련문서,파워링크,함께 많이 찾는,관련문서,이미지,네이버 가격비교,네이버플러스 스토어,웹문서,,,3,,,,,,,,,,,,,,,,,,,,,,,,,,,,,,,
522,허리아플때파스,40,200,240,-,3,8,3,5,파워링크,관련문서,네이버 가격비교,네이버플러스 스토어,네이버 클립,이미지,함께 많이 찾는,관련문서,웹문서,,4,,,,,,,,,,,,,,,,,,,,,,,,,,,,,,,
523,허리아플때타이레놀,10,160,170,-,3,6,3,6,관련문서,함께 많이 찾는,관련문서,이미지,웹문서,,,,,,3,,,,,,,,,,,,,,,,,,,,,,,,,,,,,,,
524,허리아플때찜질,30,210,240,-,1,5,1,4,파워링크,네이버 가격비교,네이버플러스 스토어,함께 많이 찾는,관련문서,이미지,웹문서,,,,4,,,,,,,,,,,,,,,,,,,,,,,,,,,,,,,
525,허리아플때진통제,10,140,150,-,3,6,3,7,관련문서,파워링크,함께 많이 찾는,관련문서,이미지,웹문서,,,,,3,,,,,,,,,,,,,,,,,,,,,,,,,,,,,,,
526,허리아플때좋은자세,30,90,120,-,3,6,3,5,관련문서,파워링크,이미지,함께 많이 찾는,관련문서,웹문서,,,,,2,,,,,,,,,,,,,,,,,,,,,,,,,,,,,,,
527,허리아플때좋은운동,40,160,200,-,2,9,2,4,파워링크,네이버 가격비교,네이버플러스 스토어,이미지,함께 많이 찾는,관련문서,웹문서,,,,2,,,,,,,,,,,,,,,,,,,,,,,,,,,,,,,
528,허리아플때자세,110,930,"1,040",-,3,6,3,6,파워링크,이미지,네이버 클립,함께 많이 찾는,관련문서,웹문서,,,,,2,,,,,,,,,,,,,,,,,,,,,,,,,,,,,,,
529,허리아플때자는자세,80,230,310,-,2,7,2,6,파워링크,이미지,함께 많이 찾는,관련문서,웹문서,,,,,,2,,,,,,,,,,,,,,,,,,,,,,,,,,,,,,,
530,허리아플때운동,"1,070","14,900","15,970",-,3,5,3,3,파워링크,건강 주제 네이버 메이트,인플루언서서비스 홈 바로가기,네이버 클립,브랜드 콘텐츠,관련문서,네이버 가격비교,네이버플러스 스토어,이미지,함께 많이 찾는,2,,,,,,,,,,,,,,,,,,,,,,,,,,,,,,,
531,허리아플때약,130,690,820,-,3,7,5,5,관련문서,파워링크,이미지,함께 많이 찾는,관련문서,웹문서,,,,,3,,,,,,,,,,,,,,,,,,,,,,,,,,,,,,,
532,허리아플때앉는자세,60,140,200,-,3,6,3,6,관련문서,파워링크,이미지,함께 많이 찾는,관련문서,웹문서,,,,,2,,,,,,,,,,,,,,,,,,,,,,,,,,,,,,,
533,허리아플때스트레칭,180,940,"1,120",-,2,8,2,5,파워링크,브랜드 콘텐츠,관련문서,네이버 클립,이미지,함께 많이 찾는,관련문서,네이버 가격비교,네이버플러스 스토어,웹문서,2,,,,,,,,,,,,,,,,,,,,,,,,,,,,,,,
534,허리아플때수영,10,130,140,-,1,5,1,8,관련문서,파워링크,함께 많이 찾는,관련문서,이미지,웹문서,,,,,2,,,,,,,,,,,,,,,,,,,,,,,,,,,,,,,
535,허리아플때병원어디로,10,120,130,-,2,11,2,4,관련문서,파워링크,관련문서,이미지,웹문서,,,,,,3,,,,,,,,,,,,,,,,,,,,,,,,,,,,,,,
536,허리아플때병원어디,40,460,500,-,3,10,3,2,관련문서,파워링크,함께 많이 찾는,관련문서,이미지,웹문서,,,,,3,,,,,,,,,,,,,,,,,,,,,,,,,,,,,,,
537,허리아플때먹는약,50,130,180,-,3,7,3,5,관련문서,파워링크,네이버 가격비교,네이버플러스 스토어,이미지,함께 많이 찾는,관련문서,웹문서,,,3,,,,,,,,,,,,,,,,,,,,,,,,,,,,,,,
538,허리아플때마사지,10,120,130,-,3,5,3,7,관련문서,네이버 가격비교,네이버플러스 스토어,이미지,파워링크,함께 많이 찾는,관련문서,웹문서,,,4,,,,,,,,,,,,,,,,,,,,,,,,,,,,,,,
539,허리아플때눕는자세,100,"2,140","2,240",-,3,5,3,5,브랜드 콘텐츠,관련문서,파워링크,네이버 클립,함께 많이 찾는,관련문서,이미지,웹문서,,,2,,,,,,,,,,,,,,,,,,,,,,,,,,,,,,,
540,허리아플때눕는법,20,670,690,-,3,5,3,6,파워링크,관련문서,이미지,함께 많이 찾는,관련문서,웹문서,,,,,2,,,,,,,,,,,,,,,,,,,,,,,,,,,,,,,
541,허리아플때걷기운동,20,220,240,-,2,4,2,7,파워링크,함께 많이 찾는,관련문서,이미지,웹문서,,,,,,2,,,,,,,,,,,,,,,,,,,,,,,,,,,,,,,
542,허리아플때걷기,40,200,240,-,2,6,2,5,관련문서,파워링크,네이버 가격비교,네이버플러스 스토어,네이버 클립,함께 많이 찾는,관련문서,이미지,웹문서,,2,,,,,,,,,,,,,,,,,,,,,,,,,,,,,,,
543,허리아플때가는병원,10,110,120,-,2,8,2,6,관련문서,파워링크,함께 많이 찾는,관련문서,이미지,웹문서,,,,,3,,,,,,,,,,,,,,,,,,,,,,,,,,,,,,,
544,허리아프고다리저림,30,160,190,-,4,5,4,6,파워링크,함께 많이 찾는,관련문서,네이버 클립,이미지,웹문서,,,,,2,,,,,,,,,,,,,,,,,,,,,,,,,,,,,,,
545,허리아래통증,20,140,160,-,3,4,3,5,인플루언서서비스 홈 바로가기,파워링크,이미지,함께 많이 찾는,관련문서,웹문서,,,,,2,,,,,,,,,,,,,,,,,,,,,,,,,,,,,,,
546,허리신경차단주사,70,490,560,-,4,4,4,6,AI 브리핑,건강 주제 네이버 메이트,관련문서,파워링크,네이버 클립,함께 많이 찾는,관련문서,이미지,웹문서,,3,,,,,,,,,,,,,,,,,,,,,,,,,,,,,,,
547,허리신경차단술후기,30,130,160,-,0,12,0,7,AI 브리핑,건강 주제 네이버 메이트,관련문서,파워링크,동영상,함께 많이 찾는,관련문서,이미지,웹문서,,3,,,,,,,,,,,,,,,,,,,,,,,,,,,,,,,
548,허리신경차단술주사비용,10,120,130,-,0,9,1,8,파워링크,AI 브리핑,관련문서,함께 많이 찾는,관련문서,이미지,웹문서,,,,3,,,,,,,,,,,,,,,,,,,,,,,,,,,,,,,
549,허리신경차단술주사,180,950,"1,130",-,3,5,3,6,AI 브리핑,건강 주제 네이버 메이트,관련문서,파워링크,네이버 클립,함께 많이 찾는,관련문서,이미지,웹문서,,3,,,,,,,,,,,,,,,,,,,,,,,,,,,,,,,
550,허리신경차단술비용,80,450,530,-,0,8,1,8,AI 브리핑,관련문서,파워링크,함께 많이 찾는,관련문서,이미지,웹문서,,,,3,,,,,,,,,,,,,,,,,,,,,,,,,,,,,,,
551,허리신경차단술,420,"3,740","4,160",-,2,5,2,6,파워링크,브랜드 콘텐츠,관련문서,이미지,함께 많이 찾는,관련문서,웹문서,,,,3,,,,,,,,,,,,,,,,,,,,,,,,,,,,,,,
552,허리신경주사효과,40,650,690,-,2,5,2,9,AI 브리핑,건강 주제 네이버 메이트,파워링크,동영상,이미지,뉴스,함께 많이 찾는,관련문서,웹문서,,3,,,,,,,,,,,,,,,,,,,,,,,,,,,,,,,
553,허리신경주사통증,20,280,300,-,2,5,2,6,AI 브리핑,건강 주제 네이버 메이트,파워링크,네이버 클립,함께 많이 찾는,관련문서,이미지,웹문서,,,3,,,,,,,,,,,,,,,,,,,,,,,,,,,,,,,
554,허리신경주사비용,30,150,180,-,2,8,3,4,AI 브리핑,관련문서,파워링크,함께 많이 찾는,관련문서,이미지,웹문서,,,,3,,,,,,,,,,,,,,,,,,,,,,,,,,,,,,,
555,허리신경주사부작용,20,220,240,-,2,7,2,7,AI 브리핑,건강 주제 네이버 메이트,네이버 클립,이미지,함께 많이 찾는,관련문서,웹문서,,,,1,,,,,,,,,,,,,,,,,,,,,,,,,,,,,,,
556,허리신경주사가격,60,630,690,-,2,9,2,5,파워링크,AI 브리핑,관련문서,함께 많이 찾는,관련문서,이미지,웹문서,,,,3,,,,,,,,,,,,,,,,,,,,,,,,,,,,,,,
557,허리신경주사,280,"3,420","3,700",-,4,4,4,6,파워링크,브랜드 콘텐츠,네이버 클립,건강 주제 네이버 메이트,함께 많이 찾는,관련문서,이미지,웹문서,,,3,,,,,,,,,,,,,,,,,,,,,,,,,,,,,,,
558,허리신경성형술후기,20,330,350,-,1,6,1,5,AI 브리핑,건강 주제 네이버 메이트,관련문서,파워링크,동영상,함께 많이 찾는,관련문서,이미지,웹문서,,3,,,,,,,,,,,,,,,,,,,,,,,,,,,,,,,
559,허리신경성형술회복기간,5,120,125,-,2,4,2,5,AI 브리핑,파워링크,건강 주제 네이버 메이트,관련문서,함께 많이 찾는,관련문서,이미지,웹문서,,,1,,,,,,,,,,,,,,,,,,,,,,,,,,,,,,,
560,허리신경성형술실비,50,280,330,-,1,7,1,7,AI 브리핑,관련문서,건강 주제 네이버 메이트,파워링크,함께 많이 찾는,관련문서,이미지,웹문서,,,3,,,,,,,,,,,,,,,,,,,,,,,,,,,,,,,
561,허리신경성형술비용,80,500,580,-,1,8,1,6,AI 브리핑,관련문서,파워링크,함께 많이 찾는,관련문서,이미지,웹문서,,,,3,,,,,,,,,,,,,,,,,,,,,,,,,,,,,,,
562,허리시술후다리저림,30,110,140,-,4,4,4,5,파워링크,이미지,함께 많이 찾는,관련문서,웹문서,,,,,,2,,,,,,,,,,,,,,,,,,,,,,,,,,,,,,,
563,허리시술비용,30,680,710,-,2,7,2,5,파워링크,관련문서,함께 많이 찾는,관련문서,이미지,웹문서,,,,,3,,,,,,,,,,,,,,,,,,,,,,,,,,,,,,,
564,허리시술,130,"1,180","1,310",-,3,5,3,6,파워링크,브랜드 콘텐츠,인플루언서서비스 홈 바로가기,이미지,함께 많이 찾는,관련문서,웹문서,,,,3,,,,,,,,,,,,,,,,,,,,,,,,,,,,,,,
565,허리스트레칭운동,10,150,160,-,3,5,3,5,AI 브리핑,건강 주제 네이버 메이트,파워링크,네이버 클립,이미지,함께 많이 찾는,관련문서,네이버 가격비교,네이버플러스 스토어,웹문서,2,,,,,,,,,,,,,,,,,,,,,,,,,,,,,,,
566,허리스트레칭기구,520,"1,190","1,710",-,0,0,0,0,파워링크,네이버 가격비교,네이버플러스 스토어,함께 많이 찾는,네이버 클립,웹문서,,,,,4,,,,,,,,,,,,,,,,,,,,,,,,,,,,,,,
567,허리스트레칭,590,"3,590","4,180",-,2,3,2,6,파워링크,건강 주제 네이버 메이트,부위별 운동법 정보,네이버 클립,건강·의학 브랜드 콘텐츠,인플루언서서비스 홈 바로가기,네이버 가격비교,네이버플러스 스토어,이미지,함께 많이 찾는,2,,,,,,,,,,,,,,,,,,,,,,,,,,,,,,,
568,허리스트랩,30,200,230,-,0,0,0,0,네이버 가격비교,네이버플러스 스토어,함께 많이 찾는,패션 주제 네이버 메이트,파워링크,웹문서,,,,,4,,,,,,,,,,,,,,,,,,,,,,,,,,,,,,,
569,허리수술후재활,20,90,110,-,2,4,2,6,파워링크,네이버 가격비교,네이버플러스 스토어,함께 많이 찾는,관련문서,이미지,웹문서,,,,2,,,,,,,,,,,,,,,,,,,,,,,,,,,,,,,
570,허리수술종류,30,140,170,-,3,4,3,3,AI 브리핑,건강 주제 네이버 메이트,파워링크,이미지,함께 많이 찾는,관련문서,웹문서,,,,1,,,,,,,,,,,,,,,,,,,,,,,,,,,,,,,
571,허리수술잘하는병원,10,150,160,-,0,9,0,4,파워링크,건강 주제 네이버 메이트,관련문서,함께 많이 찾는,관련문서,이미지,웹문서,,,,3,,,,,,,,,,,,,,,,,,,,,,,,,,,,,,,
572,허리수술잘하는곳,5,110,115,-,1,10,1,4,파워링크,관련문서,함께 많이 찾는,관련문서,이미지,웹문서,,,,,3,,,,,,,,,,,,,,,,,,,,,,,,,,,,,,,
573,허리수술비용,20,240,260,-,0,11,0,4,파워링크,AI 브리핑,이미지,함께 많이 찾는,관련문서,웹문서,,,,,3,,,,,,,,,,,,,,,,,,,,,,,,,,,,,,,
574,허리수술명의,20,110,130,-,2,5,2,8,관련문서,함께 많이 찾는,관련문서,이미지,웹문서,,,,,,3,,,,,,,,,,,,,,,,,,,,,,,,,,,,,,,
575,허리수술,120,890,"1,010",-,2,5,2,6,파워링크,건강 주제 네이버 메이트,건강·의학 브랜드 콘텐츠,인플루언서서비스 홈 바로가기,네이버 가격비교,네이버플러스 스토어,이미지,뉴스,함께 많이 찾는,관련문서,3,,,,,,,,,,,,,,,,,,,,,,,,,,,,,,,
576,허리삐끗병원어디로,10,140,150,-,3,9,3,4,AI 브리핑,파워링크,건강 주제 네이버 메이트,관련문서,함께 많이 찾는,관련문서,이미지,웹문서,,,3,,,,,,,,,,,,,,,,,,,,,,,,,,,,,,,
577,허리복대의료용,40,140,180,-,0,2,0,4,파워링크,네이버 가격비교,네이버플러스 스토어,함께 많이 찾는,인기글,웹문서,,,,,4,,,,,,,,,,,,,,,,,,,,,,,,,,,,,,,
578,허리보호쿠션,20,100,120,-,0,0,0,0,파워링크,네이버 가격비교,네이버플러스 스토어,함께 많이 찾는,네이버 클립,웹문서,,,,,4,,,,,,,,,,,,,,,,,,,,,,,,,,,,,,,
579,허리보호벨트,20,90,110,-,0,0,0,0,파워링크,네이버 가격비교,네이버플러스 스토어,함께 많이 찾는,웹문서,,,,,,4,,,,,,,,,,,,,,,,,,,,,,,,,,,,,,,
580,허리보호방석,30,90,120,-,0,0,0,0,파워링크,네이버 가격비교,네이버플러스 스토어,함께 많이 찾는,웹문서,,,,,,4,,,,,,,,,,,,,,,,,,,,,,,,,,,,,,,
581,허리보호대파는곳,10,170,180,-,1,1,1,9,파워링크,네이버 가격비교,네이버플러스 스토어,함께 많이 찾는,동영상,관련문서,관련문서,이미지,웹문서,,5,,,,,,,,,,,,,,,,,,,,,,,,,,,,,,,
582,허리보호대착용법,10,130,140,-,2,4,2,10,파워링크,AI 브리핑,건강 주제 네이버 메이트,관련문서,이미지,함께 많이 찾는,관련문서,네이버 가격비교,네이버플러스 스토어,웹문서,1,,,,,,,,,,,,,,,,,,,,,,,,,,,,,,,
583,허리보조기착용방법,5,100,105,-,0,4,0,7,파워링크,AI 브리핑,건강 주제 네이버 메이트,동영상,관련문서,뉴스,함께 많이 찾는,관련문서,이미지,웹문서,1,,,,,,,,,,,,,,,,,,,,,,,,,,,,,,,
584,허리보조기종류,50,160,210,-,2,3,2,6,AI 브리핑,건강 주제 네이버 메이트,관련문서,파워링크,이미지,함께 많이 찾는,관련문서,웹문서,,,1,,,,,,,,,,,,,,,,,,,,,,,,,,,,,,,
585,허리보조기구,30,220,250,-,0,0,0,0,파워링크,네이버 가격비교,네이버플러스 스토어,함께 많이 찾는,건강 주제 네이버 메이트,이미지,웹문서,,,,4,,,,,,,,,,,,,,,,,,,,,,,,,,,,,,,
586,허리벨트,400,"1,540","1,940",-,0,0,0,0,파워링크,네이버 가격비교,네이버플러스 스토어,함께 많이 찾는,네이버 클립,이미지,네이버 플리마켓,패션 주제 네이버 메이트,웹문서,,4,,,,,,,,,,,,,,,,,,,,,,,,,,,,,,,
587,허리밴드,270,"1,330","1,600",-,0,3,0,4,파워링크,네이버 가격비교,네이버플러스 스토어,함께 많이 찾는,인기글,웹문서,,,,,4,,,,,,,,,,,,,,,,,,,,,,,,,,,,,,,
588,허리방사통증상,30,380,410,-,3,4,3,6,AI 브리핑,건강 주제 네이버 메이트,파워링크,함께 많이 찾는,관련문서,이미지,웹문서,,,,2,,,,,,,,,,,,,,,,,,,,,,,,,,,,,,,
589,허리물리치료종류,10,110,120,-,2,7,2,6,AI 브리핑,건강 주제 네이버 메이트,관련문서,파워링크,네이버 가격비교,네이버플러스 스토어,이미지,관련문서,웹문서,,1,,,,,,,,,,,,,,,,,,,,,,,,,,,,,,,
590,허리물리치료시간,10,130,140,-,2,6,2,3,관련문서,파워링크,관련문서,이미지,웹문서,,,,,,1,,,,,,,,,,,,,,,,,,,,,,,,,,,,,,,
591,허리물리치료비용,40,310,350,-,2,7,2,6,AI 브리핑,관련문서,파워링크,네이버 클립,네이버 가격비교,네이버플러스 스토어,함께 많이 찾는,관련문서,이미지,웹문서,3,,,,,,,,,,,,,,,,,,,,,,,,,,,,,,,
592,허리매트,20,130,150,-,0,0,0,0,파워링크,네이버 가격비교,네이버플러스 스토어,함께 많이 찾는,웹문서,,,,,,🤔 보류,,,,,,,,,,,,,,,,,,,,,,,,,,,,,,,
593,허리마사지기,"1,410","7,780","9,190",-,0,1,0,3,브랜드검색,파워링크,네이버 가격비교,네이버플러스 스토어,함께 많이 찾는,지금 볼만한 브랜드,인플루언서서비스 홈 바로가기,인기글,웹문서,,4,,,,,,,,,,,,,,,,,,,,,,,,,,,,,,,
594,허리마사지,230,"1,330","1,560",-,2,5,2,7,파워링크,네이버 가격비교,네이버플러스 스토어,함께 많이 찾는,건강 주제 네이버 메이트,네이버 클립,건강·의학 브랜드 콘텐츠,관련문서,인플루언서서비스 홈 바로가기,관련문서,3,,,,,,,,,,,,,,,,,,,,,,,,,,,,,,,
595,허리디스크환자추천운동,10,140,150,-,4,5,4,7,AI 브리핑,건강 주제 네이버 메이트,관련문서,파워링크,네이버 클립,네이버 가격비교,네이버플러스 스토어,함께 많이 찾는,관련문서,이미지,1,,,,,,,,,,,,,,,,,,,,,,,,,,,,,,,
596,허리디스크협착증치료,10,130,140,-,2,5,2,5,AI 브리핑,건강 주제 네이버 메이트,파워링크,뉴스,함께 많이 찾는,관련문서,이미지,웹문서,,,3,,,,,,,,,,,,,,,,,,,,,,,,,,,,,,,
597,허리디스크협착증차이,50,290,340,-,3,4,3,5,AI 브리핑,건강 주제 네이버 메이트,파워링크,이미지,뉴스,관련문서,웹문서,,,,1,,,,,,,,,,,,,,,,,,,,,,,,,,,,,,,
598,허리디스크협착증운동치료법,20,270,290,-,3,4,3,4,파워링크,AI 브리핑,건강 주제 네이버 메이트,함께 많이 찾는,관련문서,이미지,웹문서,,,,1,,,,,,,,,,,,,,,,,,,,,,,,,,,,,,,
599,허리디스크협착증운동,20,300,320,-,2,5,2,6,AI 브리핑,건강 주제 네이버 메이트,파워링크,이미지,뉴스,함께 많이 찾는,관련문서,웹문서,,,1,,,,,,,,,,,,,,,,,,,,,,,,,,,,,,,
600,허리디스크협착증시술,20,200,220,-,2,4,2,6,파워링크,AI 브리핑,건강 주제 네이버 메이트,뉴스,함께 많이 찾는,관련문서,이미지,웹문서,,,3,,,,,,,,,,,,,,,,,,,,,,,,,,,,,,,
601,허리디스크파열치료,5,180,185,-,3,5,3,6,AI 브리핑,건강 주제 네이버 메이트,관련문서,파워링크,함께 많이 찾는,관련문서,이미지,웹문서,,,3,,,,,,,,,,,,,,,,,,,,,,,,,,,,,,,
602,허리디스크파열자연치유,10,160,170,-,2,4,2,6,파워링크,AI 브리핑,건강 주제 네이버 메이트,관련문서,함께 많이 찾는,관련문서,이미지,웹문서,,,2,,,,,,,,,,,,,,,,,,,,,,,,,,,,,,,
603,허리디스크파열수술비,10,130,140,-,3,5,3,7,AI 브리핑,건강 주제 네이버 메이트,관련문서,파워링크,함께 많이 찾는,관련문서,이미지,웹문서,,,3,,,,,,,,,,,,,,,,,,,,,,,,,,,,,,,
604,허리디스크파열수술,10,100,110,-,2,5,2,5,파워링크,AI 브리핑,건강 주제 네이버 메이트,관련문서,함께 많이 찾는,관련문서,이미지,웹문서,,,3,,,,,,,,,,,,,,,,,,,,,,,,,,,,,,,
605,허리디스크파스,70,470,540,-,3,9,3,3,AI 브리핑,건강 주제 네이버 메이트,관련문서,네이버 가격비교,네이버플러스 스토어,이미지,파워링크,함께 많이 찾는,관련문서,웹문서,4,,,,,,,,,,,,,,,,,,,,,,,,,,,,,,,
606,허리디스크통증완화,50,360,410,-,2,4,2,5,AI 브리핑,건강 주제 네이버 메이트,네이버 가격비교,네이버플러스 스토어,이미지,파워링크,함께 많이 찾는,관련문서,웹문서,,4,,,,,,,,,,,,,,,,,,,,,,,,,,,,,,,
607,허리디스크통증심할때,20,210,230,-,2,5,2,7,파워링크,AI 브리핑,건강 주제 네이버 메이트,함께 많이 찾는,관련문서,이미지,웹문서,,,,2,,,,,,,,,,,,,,,,,,,,,,,,,,,,,,,
608,허리디스크통증부위,10,110,120,-,1,5,1,5,AI 브리핑,건강 주제 네이버 메이트,파워링크,이미지,관련문서,웹문서,,,,,2,,,,,,,,,,,,,,,,,,,,,,,,,,,,,,,
609,허리디스크토퍼,110,440,550,-,0,3,0,2,파워링크,네이버 가격비교,네이버플러스 스토어,함께 많이 찾는,인기글,웹문서,,,,,4,,,,,,,,,,,,,,,,,,,,,,,,,,,,,,,
610,허리디스크터짐치료,20,220,240,-,3,4,3,6,AI 브리핑,건강 주제 네이버 메이트,파워링크,함께 많이 찾는,관련문서,이미지,웹문서,,,,3,,,,,,,,,,,,,,,,,,,,,,,,,,,,,,,
611,허리디스크터짐자연치유,10,170,180,-,3,3,3,6,AI 브리핑,건강 주제 네이버 메이트,관련문서,함께 많이 찾는,관련문서,이미지,웹문서,,,,2,,,,,,,,,,,,,,,,,,,,,,,,,,,,,,,
612,허리디스크터짐수술,10,140,150,-,3,5,3,7,AI 브리핑,건강 주제 네이버 메이트,파워링크,함께 많이 찾는,관련문서,이미지,웹문서,,,,3,,,,,,,,,,,,,,,,,,,,,,,,,,,,,,,
613,허리디스크터지면회복,10,200,210,-,4,3,4,6,AI 브리핑,건강 주제 네이버 메이트,파워링크,함께 많이 찾는,관련문서,이미지,웹문서,,,,2,,,,,,,,,,,,,,,,,,,,,,,,,,,,,,,
614,허리디스크터지면통증,5,100,105,-,3,5,3,7,AI 브리핑,파워링크,건강 주제 네이버 메이트,관련문서,이미지,웹문서,,,,,2,,,,,,,,,,,,,,,,,,,,,,,,,,,,,,,
615,허리디스크터지면치료,30,450,480,-,3,4,3,6,AI 브리핑,건강 주제 네이버 메이트,파워링크,함께 많이 찾는,관련문서,이미지,웹문서,,,,3,,,,,,,,,,,,,,,,,,,,,,,,,,,,,,,
616,허리디스크터지면수술,5,140,145,-,3,4,3,6,AI 브리핑,건강 주제 네이버 메이트,관련문서,파워링크,함께 많이 찾는,관련문서,이미지,웹문서,,,3,,,,,,,,,,,,,,,,,,,,,,,,,,,,,,,
617,허리디스크터졌을때증상,20,220,240,-,5,5,5,5,AI 브리핑,건강 주제 네이버 메이트,관련문서,파워링크,함께 많이 찾는,관련문서,이미지,웹문서,,,2,,,,,,,,,,,,,,,,,,,,,,,,,,,,,,,
618,허리디스크탈출증,20,120,140,-,2,4,2,5,AI 브리핑,건강 주제 네이버 메이트,파워링크,네이버 가격비교,네이버플러스 스토어,이미지,뉴스,함께 많이 찾는,관련문서,웹문서,2,,,,,,,,,,,,,,,,,,,,,,,,,,,,,,,
619,허리디스크코어운동,40,110,150,-,3,4,3,6,AI 브리핑,건강 주제 네이버 메이트,네이버 클립,관련문서,파워링크,이미지,함께 많이 찾는,관련문서,웹문서,,4,,,,,,,,,,,,,,,,,,,,,,,,,,,,,,,
620,허리디스크침,20,150,170,-,4,5,4,5,관련문서,파워링크,함께 많이 찾는,관련문서,네이버 가격비교,네이버플러스 스토어,이미지,웹문서,,,3,,,,,,,,,,,,,,,,,,,,,,,,,,,,,,,
621,허리디스크치료기,20,90,110,-,3,5,3,4,파워링크,AI 브리핑,건강 주제 네이버 메이트,네이버 가격비교,네이버플러스 스토어,동영상,관련문서,함께 많이 찾는,관련문서,이미지,4,,,,,,,,,,,,,,,,,,,,,,,,,,,,,,,
622,허리디스크초기치료,20,120,140,-,6,5,6,3,AI 브리핑,건강 주제 네이버 메이트,파워링크,이미지,함께 많이 찾는,관련문서,웹문서,,,,3,,,,,,,,,,,,,,,,,,,,,,,,,,,,,,,
623,허리디스크초기증상,330,"1,670","2,000",-,5,4,5,7,파워링크,건강·의학 브랜드 콘텐츠,함께 많이 찾는,관련문서,이미지,웹문서,,,,,2,,,,,,,,,,,,,,,,,,,,,,,,,,,,,,,
624,허리디스크초기운동,20,220,240,-,2,6,2,6,파워링크,AI 브리핑,건강 주제 네이버 메이트,관련문서,이미지,함께 많이 찾는,관련문서,웹문서,,,4,,,,,,,,,,,,,,,,,,,,,,,,,,,,,,,
625,허리디스크초기완치,20,150,170,-,2,4,2,7,AI 브리핑,건강 주제 네이버 메이트,관련문서,파워링크,함께 많이 찾는,관련문서,이미지,웹문서,,,2,,,,,,,,,,,,,,,,,,,,,,,,,,,,,,,
626,허리디스크찜질,40,420,460,-,2,6,2,6,파워링크,AI 브리핑,건강 주제 네이버 메이트,관련문서,네이버 가격비교,네이버플러스 스토어,이미지,함께 많이 찾는,관련문서,웹문서,4,,,,,,,,,,,,,,,,,,,,,,,,,,,,,,,
627,허리디스크진단서,20,140,160,-,3,5,3,7,관련문서,파워링크,함께 많이 찾는,관련문서,이미지,웹문서,,,,,3,,,,,,,,,,,,,,,,,,,,,,,,,,,,,,,
628,허리디스크진단비,10,160,170,-,3,4,3,7,AI 브리핑,파워링크,건강 주제 네이버 메이트,관련문서,함께 많이 찾는,관련문서,이미지,웹문서,,,2,,,,,,,,,,,,,,,,,,,,,,,,,,,,,,,
629,허리디스크증상초기,170,"1,140","1,310",-,2,6,2,7,AI 브리핑,건강 주제 네이버 메이트,파워링크,이미지,함께 많이 찾는,관련문서,웹문서,,,,2,,,,,,,,,,,,,,,,,,,,,,,,,,,,,,,
630,허리디스크증상운동법,10,130,140,-,3,3,3,6,AI 브리핑,파워링크,건강 주제 네이버 메이트,함께 많이 찾는,관련문서,이미지,웹문서,,,,1,,,,,,,,,,,,,,,,,,,,,,,,,,,,,,,
631,허리디스크증상,"1,720","16,700","18,420",-,3,4,3,6,파워링크,AI 브리핑,함께 찾는 질병,건강·의학 브랜드 콘텐츠,인플루언서서비스 홈 바로가기,이미지,함께 많이 찾는,관련문서,웹문서,,2,,,,,,,,,,,,,,,,,,,,,,,,,,,,,,,
632,허리디스크주사치료종류,10,100,110,-,3,3,3,10,AI 브리핑,파워링크,건강 주제 네이버 메이트,관련문서,함께 많이 찾는,관련문서,이미지,웹문서,,,3,,,,,,,,,,,,,,,,,,,,,,,,,,,,,,,
633,허리디스크주사,230,"1,110","1,340",-,5,3,5,6,파워링크,AI 브리핑,건강 주제 네이버 메이트,네이버 클립,브랜드 콘텐츠,뉴스,함께 많이 찾는,관련문서,이미지,네이버 가격비교,3,,,,,,,,,,,,,,,,,,,,,,,,,,,,,,,
634,허리디스크좋은자세,20,250,270,-,2,5,2,8,AI 브리핑,건강 주제 네이버 메이트,네이버 클립,관련문서,파워링크,이미지,함께 많이 찾는,관련문서,웹문서,,1,,,,,,,,,,,,,,,,,,,,,,,,,,,,,,,
635,허리디스크좋은음식,60,280,340,-,3,9,3,5,파워링크,AI 브리핑,건강 주제 네이버 메이트,이미지,함께 많이 찾는,관련문서,네이버 가격비교,네이버플러스 스토어,웹문서,,1,,,,,,,,,,,,,,,,,,,,,,,,,,,,,,,
636,허리디스크좋은운동,40,450,490,-,2,8,2,6,AI 브리핑,건강 주제 네이버 메이트,파워링크,네이버 클립,이미지,네이버 가격비교,네이버플러스 스토어,함께 많이 찾는,관련문서,웹문서,1,,,,,,,,,,,,,,,,,,,,,,,,,,,,,,,
637,허리디스크전조증상,30,220,250,-,3,5,4,5,AI 브리핑,건강 주제 네이버 메이트,관련문서,파워링크,이미지,함께 많이 찾는,관련문서,웹문서,,,2,,,,,,,,,,,,,,,,,,,,,,,,,,,,,,,
638,허리디스크재활센터,5,110,115,-,1,5,1,4,파워링크,관련문서,네이버 가격비교,네이버플러스 스토어,함께 많이 찾는,관련문서,이미지,웹문서,,,3,,,,,,,,,,,,,,,,,,,,,,,,,,,,,,,
639,허리디스크장애등급,20,90,110,-,3,3,3,9,AI 브리핑,건강 주제 네이버 메이트,관련문서,파워링크,함께 많이 찾는,관련문서,이미지,웹문서,,,1,,,,,,,,,,,,,,,,,,,,,,,,,,,,,,,
640,허리디스크잘보는병원,20,110,130,-,2,12,2,4,파워링크,건강 주제 네이버 메이트,관련문서,함께 많이 찾는,관련문서,이미지,웹문서,,,,3,,,,,,,,,,,,,,,,,,,,,,,,,,,,,,,
641,허리디스크잘때,10,150,160,-,2,5,3,6,AI 브리핑,건강 주제 네이버 메이트,관련문서,파워링크,이미지,함께 많이 찾는,관련문서,웹문서,,,2,,,,,,,,,,,,,,,,,,,,,,,,,,,,,,,
642,허리디스크자전거,40,280,320,-,2,4,2,7,AI 브리핑,건강 주제 네이버 메이트,관련문서,파워링크,이미지,네이버 가격비교,네이버플러스 스토어,함께 많이 찾는,관련문서,웹문서,1,,,,,,,,,,,,,,,,,,,,,,,,,,,,,,,
643,허리디스크자연치유,50,400,450,-,4,4,4,6,AI 브리핑,건강 주제 네이버 메이트,관련문서,파워링크,함께 많이 찾는,관련문서,이미지,웹문서,,,1,,,,,,,,,,,,,,,,,,,,,,,,,,,,,,,
644,허리디스크입원기간,10,110,120,-,3,8,3,5,AI 브리핑,건강 주제 네이버 메이트,관련문서,파워링크,함께 많이 찾는,관련문서,이미지,웹문서,,,3,,,,,,,,,,,,,,,,,,,,,,,,,,,,,,,
645,허리디스크의자등받이,120,350,470,-,2,5,2,7,네이버 가격비교,네이버플러스 스토어,파워링크,함께 많이 찾는,동영상,관련문서,뉴스,관련문서,이미지,웹문서,4,,,,,,,,,,,,,,,,,,,,,,,,,,,,,,,
646,허리디스크의자,560,"1,460","2,020",-,0,4,0,1,파워링크,네이버 가격비교,네이버플러스 스토어,네이버 클립,함께 많이 찾는,인플루언서서비스 홈 바로가기,건강·의학 인기글,웹문서,,,4,,,,,,,,,,,,,,,,,,,,,,,,,,,,,,,
647,허리디스크응급실,5,200,205,-,2,5,2,7,AI 브리핑,건강 주제 네이버 메이트,관련문서,파워링크,함께 많이 찾는,관련문서,이미지,웹문서,,,3,,,,,,,,,,,,,,,,,,,,,,,,,,,,,,,
648,허리디스크예방,20,140,160,-,2,4,2,7,네이버 가격비교,네이버플러스 스토어,이미지,파워링크,함께 많이 찾는,관련문서,웹문서,,,,1,,,,,,,,,,,,,,,,,,,,,,,,,,,,,,,
649,허리디스크영어로,110,380,490,-,1,2,1,8,"보광병원 대구3주 전허리 4번 5번 디스크가 대체 뭘까? 척추뼈 번호 알려드립니다각 부위의 영어 명칭 앞 글자를 딴 것입니다. 경추 → Cervical → C 흉추 → Thoracic → T 요추 → Lumbar → L 천추 → Sacrum → S 부위 알파벳 뒤에 몇 번째 뼈인지 숫자를 붙이는... 날개뼈 사이 뻐근함 흉추 , 압박골절, 근막통증증후군 요추(L1~L5) 뻐근함, 다리·엉치 저림 , 척추관 협착증, 척추전방전위증 천추(S1~S5) 엉덩이 중앙 통증, 오래 앉기...8www.mokhuri.com›02_vertebra퇴행성허리디스크와 허리디스크탈출의 차이점모커리한방병원에서 퇴행성허리디스크와 허리디스크탈출의 차이점에 대해 설명해 드립니다.www.missyusa.com›mainpage허리디스크를 영어로 뭐라고 하나요? - MissyUSA2019.08.10.한국말로도 디스크가 올바른 표현은 아니라는 거 알아요. 제가 알고 싶은건 우리가 그냥 편하게 허리디스크.라고 얘기하듯이 영어로 뭐라고 할까 하는 거예요관절·척추 질환은 예손병원2주 전""허리 디스크""가 틀린 말? | 부천 신경외과 예손병원올림픽 육상 종목인 원반던지기를 영어로 discus throw라고 하는 것도 같은 어원입니다. 이름이 이렇게 붙은 이유는... ■ 슬립트 디스크(slipped disc) 이후 영어권에서는 이 질환을 '슬립트 디스크(slipped disc)', 즉 '미끄러진 디스크'라고 부르게... #허리디스크 #추간판탈출증 #디스크뜻 #디스크어원 #부천정형외과 #부천척추병원 #예손병원 #척추건강 #통증 #다리저림...5사망4주 전60만원 MRI의 결과가 허리디스크 퇴행이라니(씨발) 무릎 통증에 이어 허리까지 아프기 시작하니 이쯤되면 바보 병신인 나도 허리디스크 의심을 안할래야 안할 수가... 죄다 영어길래 지피띠니한테 보여주고 해석 ""해줘"" 한 결과 중간 검은색 네모는 내 나이라 혹시 몰라서 가림 다들 건강관리 잘 합시다 저는 퇴행성 디스크 판정 받자마자 쿠팡에서 쿠션 구매하고 바로 정형외과 달려가서 C-arm 주사...2",AI 브리핑,교육 주제 네이버 메이트,영어사전다른 어학정보 1,영어사전,관련문서,이미지,웹문서,,,1,,,,,,,,,,,,,,,,,,,,,,,,,,,,,,,
650,허리디스크영양제,70,460,530,-,2,7,2,5,파워링크,AI 브리핑,건강 주제 네이버 메이트,관련문서,브랜드 콘텐츠,네이버 클립,네이버 가격비교,네이버플러스 스토어,함께 많이 찾는,관련문서,4,,,,,,,,,,,,,,,,,,,,,,,,,,,,,,,
651,허리디스크엑스레이진단,30,100,130,-,4,6,4,4,AI 브리핑,건강 주제 네이버 메이트,관련문서,파워링크,관련문서,이미지,웹문서,,,,2,,,,,,,,,,,,,,,,,,,,,,,,,,,,,,,
652,허리디스크에좋은운동추천,5,100,105,-,3,11,3,4,AI 브리핑,건강 주제 네이버 메이트,관련문서,파워링크,동영상,네이버 가격비교,네이버플러스 스토어,함께 많이 찾는,관련문서,이미지,1,,,,,,,,,,,,,,,,,,,,,,,,,,,,,,,
653,허리디스크에좋은선물,10,100,110,-,0,4,0,5,관련문서,네이버 가격비교,네이버플러스 스토어,뉴스,파워링크,함께 많이 찾는,관련문서,동영상,이미지,웹문서,4,,,,,,,,,,,,,,,,,,,,,,,,,,,,,,,
654,허리디스크앉는자세,50,160,210,-,3,4,3,6,AI 브리핑,건강 주제 네이버 메이트,관련문서,파워링크,이미지,함께 많이 찾는,관련문서,웹문서,,,2,,,,,,,,,,,,,,,,,,,,,,,,,,,,,,,
655,허리디스크안마의자,5,140,145,-,2,6,2,9,AI 브리핑,건강 주제 네이버 메이트,관련문서,파워링크,함께 많이 찾는,관련문서,이미지,네이버 가격비교,네이버플러스 스토어,웹문서,4,,,,,,,,,,,,,,,,,,,,,,,,,,,,,,,
656,허리디스크신경차단주사,20,120,140,-,5,5,5,4,AI 브리핑,건강 주제 네이버 메이트,관련문서,파워링크,함께 많이 찾는,관련문서,이미지,웹문서,,,3,,,,,,,,,,,,,,,,,,,,,,,,,,,,,,,
657,허리디스크신경차단술비용,30,170,200,-,0,10,1,6,AI 브리핑,건강 주제 네이버 메이트,관련문서,파워링크,함께 많이 찾는,관련문서,이미지,웹문서,,,3,,,,,,,,,,,,,,,,,,,,,,,,,,,,,,,
658,허리디스크신경주사비용,5,100,105,-,2,6,3,7,AI 브리핑,관련문서,파워링크,함께 많이 찾는,관련문서,이미지,웹문서,,,,3,,,,,,,,,,,,,,,,,,,,,,,,,,,,,,,
659,허리디스크신경성형술후기,30,100,130,-,0,10,0,5,AI 브리핑,건강 주제 네이버 메이트,관련문서,파워링크,동영상,함께 많이 찾는,관련문서,이미지,웹문서,,3,,,,,,,,,,,,,,,,,,,,,,,,,,,,,,,
660,허리디스크신경성형술,80,380,460,-,2,4,2,6,파워링크,AI 브리핑,건강 주제 네이버 메이트,이미지,함께 많이 찾는,관련문서,웹문서,,,,3,,,,,,,,,,,,,,,,,,,,,,,,,,,,,,,
661,허리디스크시술후회복,10,220,230,-,6,4,6,4,AI 브리핑,건강 주제 네이버 메이트,관련문서,파워링크,함께 많이 찾는,관련문서,이미지,웹문서,,,3,,,,,,,,,,,,,,,,,,,,,,,,,,,,,,,
662,허리디스크시술후운동,10,120,130,-,3,4,3,5,AI 브리핑,건강 주제 네이버 메이트,파워링크,이미지,함께 많이 찾는,관련문서,웹문서,,,,3,,,,,,,,,,,,,,,,,,,,,,,,,,,,,,,
663,허리디스크시술후다리저림,20,120,140,-,5,5,5,5,파워링크,AI 브리핑,건강 주제 네이버 메이트,관련문서,함께 많이 찾는,관련문서,이미지,웹문서,,,2,,,,,,,,,,,,,,,,,,,,,,,,,,,,,,,
664,허리디스크시술회복기간,10,130,140,-,4,8,4,3,AI 브리핑,파워링크,건강 주제 네이버 메이트,관련문서,함께 많이 찾는,관련문서,이미지,웹문서,,,3,,,,,,,,,,,,,,,,,,,,,,,,,,,,,,,
665,허리디스크스테로이드주사,20,120,140,-,2,3,2,6,AI 브리핑,건강 주제 네이버 메이트,관련문서,파워링크,네이버 클립,함께 많이 찾는,관련문서,이미지,웹문서,,3,,,,,,,,,,,,,,,,,,,,,,,,,,,,,,,
666,허리디스크수술후재활,20,120,140,-,6,4,6,5,AI 브리핑,건강 주제 네이버 메이트,관련문서,파워링크,네이버 가격비교,네이버플러스 스토어,함께 많이 찾는,관련문서,이미지,웹문서,3,,,,,,,,,,,,,,,,,,,,,,,,,,,,,,,
667,허리디스크수술후관리,20,110,130,-,2,3,2,6,파워링크,AI 브리핑,건강 주제 네이버 메이트,관련문서,함께 많이 찾는,관련문서,이미지,웹문서,,,3,,,,,,,,,,,,,,,,,,,,,,,,,,,,,,,
668,허리디스크수술종류,30,140,170,-,2,4,2,7,AI 브리핑,건강 주제 네이버 메이트,파워링크,함께 많이 찾는,관련문서,이미지,웹문서,,,,3,,,,,,,,,,,,,,,,,,,,,,,,,,,,,,,
669,허리디스크수술입원기간,20,100,120,-,3,7,3,5,AI 브리핑,건강 주제 네이버 메이트,관련문서,파워링크,함께 많이 찾는,관련문서,이미지,웹문서,,,3,,,,,,,,,,,,,,,,,,,,,,,,,,,,,,,
670,허리디스크사진,40,280,320,-,3,4,3,2,AI 브리핑,건강 주제 네이버 메이트,관련문서,파워링크,이미지,함께 많이 찾는,관련문서,웹문서,,,2,,,,,,,,,,,,,,,,,,,,,,,,,,,,,,,
671,허리디스크보존치료,10,140,150,-,2,4,2,6,AI 브리핑,건강 주제 네이버 메이트,관련문서,파워링크,네이버 클립,이미지,함께 많이 찾는,관련문서,웹문서,,3,,,,,,,,,,,,,,,,,,,,,,,,,,,,,,,
672,허리디스크보조기,20,150,170,-,1,4,1,8,파워링크,네이버 가격비교,네이버플러스 스토어,함께 많이 찾는,건강 주제 네이버 메이트,동영상,관련문서,이미지,뉴스,관련문서,4,,,,,,,,,,,,,,,,,,,,,,,,,,,,,,,
673,허리디스크번호,80,520,600,-,2,3,2,6,AI 브리핑,건강 주제 네이버 메이트,관련문서,파워링크,이미지,함께 많이 찾는,관련문서,웹문서,,,2,,,,,,,,,,,,,,,,,,,,,,,,,,,,,,,
674,허리디스크방사통치료법,5,130,135,-,2,4,2,5,AI 브리핑,건강 주제 네이버 메이트,관련문서,파워링크,함께 많이 찾는,관련문서,이미지,웹문서,,,3,,,,,,,,,,,,,,,,,,,,,,,,,,,,,,,
675,허리디스크방사통치료,10,120,130,-,6,4,6,4,AI 브리핑,건강 주제 네이버 메이트,관련문서,파워링크,함께 많이 찾는,관련문서,이미지,웹문서,,,3,,,,,,,,,,,,,,,,,,,,,,,,,,,,,,,
676,허리디스크방사통심할때,10,180,190,-,6,5,6,5,AI 브리핑,건강 주제 네이버 메이트,관련문서,파워링크,함께 많이 찾는,관련문서,이미지,웹문서,,,2,,,,,,,,,,,,,,,,,,,,,,,,,,,,,,,
677,허리디스크방사통부위,20,180,200,-,4,5,4,8,AI 브리핑,건강 주제 네이버 메이트,관련문서,파워링크,이미지,함께 많이 찾는,관련문서,웹문서,,,2,,,,,,,,,,,,,,,,,,,,,,,,,,,,,,,
678,허리디스크방사통기간,5,100,105,-,3,2,3,9,관련문서,함께 많이 찾는,관련문서,웹문서,,,,,,,2,,,,,,,,,,,,,,,,,,,,,,,,,,,,,,,
679,허리디스크물리치료효과,30,200,230,-,3,4,3,6,AI 브리핑,건강 주제 네이버 메이트,관련문서,파워링크,동영상,네이버 가격비교,네이버플러스 스토어,이미지,뉴스,함께 많이 찾는,3,,,,,,,,,,,,,,,,,,,,,,,,,,,,,,,
680,허리디스크물리치료,130,590,720,-,2,4,2,5,파워링크,AI 브리핑,건강 주제 네이버 메이트,네이버 클립,네이버 가격비교,네이버플러스 스토어,함께 많이 찾는,관련문서,이미지,웹문서,3,,,,,,,,,,,,,,,,,,,,,,,,,,,,,,,
681,허리디스크무릎통증,30,290,320,-,2,3,2,7,AI 브리핑,건강 주제 네이버 메이트,관련문서,파워링크,함께 많이 찾는,관련문서,이미지,웹문서,,,2,,,,,,,,,,,,,,,,,,,,,,,,,,,,,,,
682,허리디스크매트리스추천,20,110,130,-,3,5,3,9,파워링크,네이버 가격비교,네이버플러스 스토어,함께 많이 찾는,네이버 클립,관련문서,브랜드 콘텐츠,관련문서,이미지,웹문서,4,,,,,,,,,,,,,,,,,,,,,,,,,,,,,,,
683,허리디스크매달리기,30,110,140,-,3,5,3,7,관련문서,네이버 가격비교,네이버플러스 스토어,함께 많이 찾는,관련문서,이미지,파워링크,웹문서,,,2,,,,,,,,,,,,,,,,,,,,,,,,,,,,,,,
684,허리디스크등통증,30,220,250,-,3,3,3,1,AI 브리핑,건강 주제 네이버 메이트,관련문서,파워링크,함께 많이 찾는,관련문서,이미지,웹문서,,,2,,,,,,,,,,,,,,,,,,,,,,,,,,,,,,,
685,허리디스크다리통증,120,660,780,-,5,5,5,5,AI 브리핑,건강 주제 네이버 메이트,관련문서,파워링크,이미지,함께 많이 찾는,관련문서,웹문서,,,2,,,,,,,,,,,,,,,,,,,,,,,,,,,,,,,
686,허리디스크다리저림운동,30,260,290,-,4,5,4,7,AI 브리핑,건강 주제 네이버 메이트,관련문서,파워링크,이미지,함께 많이 찾는,관련문서,웹문서,,,2,,,,,,,,,,,,,,,,,,,,,,,,,,,,,,,
687,허리디스크다리저림완화,30,150,180,-,5,4,5,6,AI 브리핑,건강 주제 네이버 메이트,관련문서,파워링크,함께 많이 찾는,관련문서,이미지,웹문서,,,2,,,,,,,,,,,,,,,,,,,,,,,,,,,,,,,
688,허리디스크다리저림스트레칭,30,100,130,-,3,5,3,8,AI 브리핑,건강 주제 네이버 메이트,관련문서,파워링크,이미지,함께 많이 찾는,관련문서,웹문서,,,2,,,,,,,,,,,,,,,,,,,,,,,,,,,,,,,
689,허리디스크다리베개,30,250,280,-,3,5,3,8,파워링크,네이버 가격비교,네이버플러스 스토어,함께 많이 찾는,동영상,관련문서,관련문서,이미지,웹문서,,4,,,,,,,,,,,,,,,,,,,,,,,,,,,,,,,
690,허리디스크다리마비,10,100,110,-,3,5,3,4,파워링크,AI 브리핑,건강 주제 네이버 메이트,네이버 클립,관련문서,함께 많이 찾는,관련문서,이미지,웹문서,,2,,,,,,,,,,,,,,,,,,,,,,,,,,,,,,,
691,허리디스크누워있는자세,10,180,190,-,3,5,3,7,AI 브리핑,건강 주제 네이버 메이트,관련문서,파워링크,함께 많이 찾는,관련문서,이미지,웹문서,,,2,,,,,,,,,,,,,,,,,,,,,,,,,,,,,,,
692,허리디스크나무위키,10,110,120,-,0,5,0,6,관련문서,관련문서,이미지,뉴스,웹문서,,,,,,1,,,,,,,,,,,,,,,,,,,,,,,,,,,,,,,
693,허리디스크꼬리뼈통증,20,150,170,-,4,4,4,6,관련문서,파워링크,함께 많이 찾는,관련문서,이미지,웹문서,,,,,2,,,,,,,,,,,,,,,,,,,,,,,,,,,,,,,
694,허리디스크골반통증,40,410,450,-,3,4,3,6,AI 브리핑,건강 주제 네이버 메이트,관련문서,파워링크,함께 많이 찾는,관련문서,이미지,웹문서,,,2,,,,,,,,,,,,,,,,,,,,,,,,,,,,,,,
695,허리디스크mri비용실비,20,120,140,-,3,8,3,5,AI 브리핑,건강 주제 네이버 메이트,관련문서,파워링크,함께 많이 찾는,관련문서,이미지,웹문서,,,3,,,,,,,,,,,,,,,,,,,,,,,,,,,,,,,
696,허리디스크MRI비용,60,340,400,-,2,9,2,4,파워링크,AI 브리핑,관련문서,함께 많이 찾는,관련문서,이미지,웹문서,,,,3,,,,,,,,,,,,,,,,,,,,,,,,,,,,,,,
697,허리디스크ct,60,290,350,-,3,4,3,6,AI 브리핑,건강 주제 네이버 메이트,관련문서,파워링크,이미지,뉴스,함께 많이 찾는,관련문서,웹문서,,3,,,,,,,,,,,,,,,,,,,,,,,,,,,,,,,
698,허리디스크5번6번증상,20,240,260,-,3,5,3,9,AI 브리핑,건강 주제 네이버 메이트,관련문서,파워링크,함께 많이 찾는,관련문서,이미지,웹문서,,,2,,,,,,,,,,,,,,,,,,,,,,,,,,,,,,,
699,허리디스크5번6번,60,320,380,-,3,5,3,9,AI 브리핑,건강 주제 네이버 메이트,네이버 클립,관련문서,파워링크,함께 많이 찾는,관련문서,이미지,웹문서,,2,,,,,,,,,,,,,,,,,,,,,,,,,,,,,,,
700,허리디스크4번5번증상,30,490,520,-,3,5,3,9,AI 브리핑,건강 주제 네이버 메이트,관련문서,파워링크,이미지,함께 많이 찾는,관련문서,웹문서,,,2,,,,,,,,,,,,,,,,,,,,,,,,,,,,,,,
701,허리등통증,40,420,460,-,5,2,5,3,AI 브리핑,건강 주제 네이버 메이트,네이버 클립,관련문서,파워링크,이미지,뉴스,함께 많이 찾는,관련문서,웹문서,2,,,,,,,,,,,,,,,,,,,,,,,,,,,,,,,
702,허리등받이쿠션,90,350,440,-,1,5,1,8,파워링크,네이버 가격비교,네이버플러스 스토어,함께 많이 찾는,네이버 클립,관련문서,관련문서,이미지,웹문서,,4,,,,,,,,,,,,,,,,,,,,,,,,,,,,,,,
703,허리등받이,60,200,260,-,0,2,0,5,파워링크,네이버 가격비교,네이버플러스 스토어,함께 많이 찾는,인기글,웹문서,,,,,4,,,,,,,,,,,,,,,,,,,,,,,,,,,,,,,
704,허리담푸는법,70,750,820,-,3,4,3,4,AI 브리핑,관련문서,건강 주제 네이버 메이트,파워링크,이미지,함께 많이 찾는,관련문서,웹문서,,,,,,,,,,,,,,,,,,,,,,,,,,,,,,,,,,
705,허리꼬리뼈통증,40,350,390,-,3,6,3,6,AI 브리핑,건강 주제 네이버 메이트,관련문서,파워링크,이미지,함께 많이 찾는,관련문서,웹문서,,,,,,,,,,,,,,,,,,,,,,,,,,,,,,,,,,
706,허리근육통증상,10,100,110,-,4,4,4,7,관련문서,파워링크,이미지,함께 많이 찾는,관련문서,웹문서,,,,,,,,,,,,,,,,,,,,,,,,,,,,,,,,,,,,
707,허리근육통약,20,170,190,-,3,5,3,7,관련문서,파워링크,이미지,함께 많이 찾는,관련문서,웹문서,,,,,,,,,,,,,,,,,,,,,,,,,,,,,,,,,,,,
708,허리근육염증,30,80,110,-,3,4,3,5,관련문서,파워링크,함께 많이 찾는,관련문서,이미지,웹문서,,,,,,,,,,,,,,,,,,,,,,,,,,,,,,,,,,,,
709,허리근육놀람,20,290,310,-,3,5,3,5,관련문서,파워링크,함께 많이 찾는,관련문서,이미지,웹문서,,,,,,,,,,,,,,,,,,,,,,,,,,,,,,,,,,,,
710,허리교정,120,510,630,-,3,6,3,5,파워링크,네이버 가격비교,네이버플러스 스토어,네이버 클립,함께 많이 찾는,건강 주제 네이버 메이트,브랜드 콘텐츠,관련문서,인플루언서서비스 홈 바로가기,뉴스,,,,,,,,,,,,,,,,,,,,,,,,,,,,,,,,
711,허리골절후유증,5,110,115,-,3,3,3,7,AI 브리핑,건강 주제 네이버 메이트,관련문서,파워링크,관련문서,이미지,웹문서,,,,,,,,,,,,,,,,,,,,,,,,,,,,,,,,,,,
712,허리골절회복기간,10,210,220,-,4,4,4,9,AI 브리핑,건강 주제 네이버 메이트,관련문서,파워링크,함께 많이 찾는,관련문서,이미지,웹문서,,,,,,,,,,,,,,,,,,,,,,,,,,,,,,,,,,
713,허리골절치료기간,40,200,240,-,3,4,3,6,파워링크,AI 브리핑,건강 주제 네이버 메이트,관련문서,함께 많이 찾는,관련문서,이미지,웹문서,,,,,,,,,,,,,,,,,,,,,,,,,,,,,,,,,,
714,허리골절치료,20,100,120,-,2,4,2,7,AI 브리핑,건강 주제 네이버 메이트,파워링크,함께 많이 찾는,관련문서,이미지,웹문서,,,,,,,,,,,,,,,,,,,,,,,,,,,,,,,,,,,
715,허리골절증상,50,360,410,-,2,4,2,7,AI 브리핑,건강 주제 네이버 메이트,파워링크,함께 많이 찾는,관련문서,이미지,웹문서,,,,,,,,,,,,,,,,,,,,,,,,,,,,,,,,,,,
716,허리골절입원,10,120,130,-,5,4,5,6,파워링크,AI 브리핑,건강 주제 네이버 메이트,함께 많이 찾는,관련문서,이미지,웹문서,,,,,,,,,,,,,,,,,,,,,,,,,,,,,,,,,,,
717,허리골절시술,30,250,280,-,6,4,6,5,파워링크,AI 브리핑,건강 주제 네이버 메이트,관련문서,함께 많이 찾는,관련문서,이미지,웹문서,,,,,,,,,,,,,,,,,,,,,,,,,,,,,,,,,,
718,허리골절수술,30,110,140,-,4,4,4,5,AI 브리핑,건강 주제 네이버 메이트,관련문서,파워링크,함께 많이 찾는,관련문서,이미지,웹문서,,,,,,,,,,,,,,,,,,,,,,,,,,,,,,,,,,
719,허리골절보조기,20,120,140,-,1,5,1,7,네이버 가격비교,네이버플러스 스토어,함께 많이 찾는,건강 주제 네이버 메이트,관련문서,관련문서,파워링크,이미지,웹문서,,,,,,,,,,,,,,,,,,,,,,,,,,,,,,,,,
720,허리골반척척핏,240,"4,530","4,770",-,0,0,0,17,파워링크,네이버 가격비교,네이버플러스 스토어,함께 많이 찾는,관련문서,관련문서,웹문서,,,,,,,,,,,,,,,,,,,,,,,,,,,,,,,,,,,
721,허리고정벨트,20,110,130,-,0,0,0,0,네이버 가격비교,네이버플러스 스토어,패션 주제 네이버 메이트,파워링크,함께 많이 찾는,웹문서,,,,,,,,,,,,,,,,,,,,,,,,,,,,,,,,,,,,
722,허리견인치료효과,5,140,145,-,3,3,3,2,파워링크,관련문서,네이버 가격비교,네이버플러스 스토어,동영상,함께 많이 찾는,관련문서,이미지,웹문서,,,,,,,,,,,,,,,,,,,,,,,,,,,,,,,,,
723,허리견인치료비용,10,120,130,-,2,4,2,6,파워링크,관련문서,관련문서,이미지,네이버 가격비교,웹문서,,,,,,,,,,,,,,,,,,,,,,,,,,,,,,,,,,,,
724,허리견인,40,210,250,-,3,4,3,5,파워링크,네이버 가격비교,네이버플러스 스토어,함께 많이 찾는,관련문서,관련문서,이미지,웹문서,,,,,,,,,,,,,,,,,,,,,,,,,,,,,,,,,,
725,허리강화운동법,60,910,970,-,3,5,3,2,파워링크,AI 브리핑,건강 주제 네이버 메이트,관련문서,이미지,함께 많이 찾는,관련문서,웹문서,,,,,,,,,,,,,,,,,,,,,,,,,,,,,,,,,,
726,허리강화운동기구,30,170,200,-,1,2,1,7,파워링크,네이버 가격비교,네이버플러스 스토어,함께 많이 찾는,동영상,관련문서,뉴스,관련문서,이미지,웹문서,,,,,,,,,,,,,,,,,,,,,,,,,,,,,,,,
727,허리가운데통증,20,190,210,-,3,5,3,5,AI 브리핑,건강 주제 네이버 메이트,관련문서,파워링크,이미지,함께 많이 찾는,관련문서,웹문서,,,,,,,,,,,,,,,,,,,,,,,,,,,,,,,,,,
728,허리MRI실비,70,520,590,-,2,9,2,4,AI 브리핑,건강 주제 네이버 메이트,관련문서,파워링크,함께 많이 찾는,관련문서,이미지,웹문서,,,,,,,,,,,,,,,,,,,,,,,,,,,,,,,,,,
729,허리MRI시간,40,310,350,-,2,3,2,9,AI 브리핑,건강 주제 네이버 메이트,관련문서,파워링크,뉴스,함께 많이 찾는,관련문서,이미지,웹문서,,3,,,,,,,,,,,,,,,,,,,,,,,,,,,,,,,
730,허리mri비용실비,10,110,120,-,3,8,3,3,AI 브리핑,경제 주제 네이버 메이트,관련문서,파워링크,함께 많이 찾는,관련문서,이미지,웹문서,,,3,,,,,,,,,,,,,,,,,,,,,,,,,,,,,,,
731,허리mri금식,40,350,390,-,3,3,3,8,AI 브리핑,건강 주제 네이버 메이트,관련문서,파워링크,이미지,함께 많이 찾는,관련문서,웹문서,,,3,,,,,,,,,,,,,,,,,,,,,,,,,,,,,,,
732,허리mri검사,20,200,220,-,2,4,2,6,파워링크,AI 브리핑,건강 주제 네이버 메이트,관련문서,이미지,뉴스,함께 많이 찾는,관련문서,웹문서,,3,,,,,,,,,,,,,,,,,,,,,,,,,,,,,,,
733,허리mri가격,70,770,840,-,1,7,1,5,AI 브리핑,관련문서,파워링크,함께 많이 찾는,관련문서,이미지,웹문서,,,,3,,,,,,,,,,,,,,,,,,,,,,,,,,,,,,,
734,허리ct비용,40,530,570,-,4,5,4,6,AI 브리핑,관련문서,파워링크,함께 많이 찾는,관련문서,이미지,웹문서,,,,3,,,,,,,,,,,,,,,,,,,,,,,,,,,,,,,
735,허리,540,"3,750","4,290",-,0,5,1,5,파워링크,네이버 가격비교,네이버플러스 스토어,네이버 클립,이미지,뉴스,함께 많이 찾는,관련문서,웹문서,,2,,,,,,,,,,,,,,,,,,,,,,,,,,,,,,,
736,행신정형외과,110,420,530,-,0,2,0,8,파워링크,관련문서,동영상,함께 많이 찾는,관련문서,웹문서,,,,,3,,,,,,,,,,,,,,,,,,,,,,,,,,,,,,,
737,행신동정형외과,180,580,760,-,0,0,0,1,파워링크,함께 많이 찾는,웹문서,,,,,,,,3,,,,,,,,,,,,,,,,,,,,,,,,,,,,,,,
738,해운대통증의학과,10,160,170,-,1,3,1,4,파워링크,관련문서,동영상,함께 많이 찾는,관련문서,웹문서,,,,,3,,,,,,,,,,,,,,,,,,,,,,,,,,,,,,,
739,해운대탑정형외과,140,750,890,-,0,1,0,3,파워링크,이미지,동영상,함께 많이 찾는,관련문서,웹문서,,,,,3,,,,,,,,,,,,,,,,,,,,,,,,,,,,,,,
740,해운대탄탄정형외과,30,180,210,-,0,0,0,3,관련문서,동영상,관련문서,이미지,웹문서,,,,,,3,,,,,,,,,,,,,,,,,,,,,,,,,,,,,,,
741,해운대코끼리정형외과,70,510,580,-,0,0,0,8,이미지,네이버 클립,함께 많이 찾는,관련문서,웹문서,,,,,,3,,,,,,,,,,,,,,,,,,,,,,,,,,,,,,,
742,해운대중동정형외과,10,140,150,-,0,2,0,5,관련문서,파워링크,동영상,관련문서,이미지,웹문서,,,,,3,,,,,,,,,,,,,,,,,,,,,,,,,,,,,,,
743,해운대좌동정형외과,20,240,260,-,1,2,1,8,파워링크,관련문서,동영상,함께 많이 찾는,관련문서,이미지,웹문서,,,,3,,,,,,,,,,,,,,,,,,,,,,,,,,,,,,,
744,해운대윤정형외과,80,"1,210","1,290",-,0,1,0,5,관련문서,동영상,이미지,함께 많이 찾는,관련문서,웹문서,,,,,3,,,,,,,,,,,,,,,,,,,,,,,,,,,,,,,
745,해운대아산정형외과,30,140,170,-,0,1,0,2,관련문서,동영상,뉴스,함께 많이 찾는,관련문서,이미지,웹문서,,,,3,,,,,,,,,,,,,,,,,,,,,,,,,,,,,,,
746,해운대부민병원정형외과,10,150,160,-,1,3,1,5,관련문서,동영상,뉴스,함께 많이 찾는,관련문서,이미지,웹문서,,,,3,,,,,,,,,,,,,,,,,,,,,,,,,,,,,,,
747,해운대백병원정형외과,30,140,170,-,2,5,2,7,파워링크,관련문서,네이버 클립,함께 많이 찾는,관련문서,이미지,웹문서,,,,3,,,,,,,,,,,,,,,,,,,,,,,,,,,,,,,
748,해운대백병원신경외과,10,120,130,-,0,5,0,6,관련문서,파워링크,네이버 클립,함께 많이 찾는,관련문서,이미지,웹문서,,,,3,,,,,,,,,,,,,,,,,,,,,,,,,,,,,,,
749,해운대도수치료,20,120,140,-,3,3,3,6,파워링크,동영상,관련문서,이미지,함께 많이 찾는,관련문서,웹문서,,,,3,,,,,,,,,,,,,,,,,,,,,,,,,,,,,,,
750,항동한의원,180,280,460,-,0,1,0,5,파워링크,관련문서,함께 많이 찾는,관련문서,웹문서,,,,,,3,,,,,,,,,,,,,,,,,,,,,,,,,,,,,,,
751,합정한의원,80,220,300,-,1,5,1,5,파워링크,관련문서,함께 많이 찾는,관련문서,웹문서,,,,,,3,,,,,,,,,,,,,,,,,,,,,,,,,,,,,,,
752,합정역한의원,110,230,340,-,2,4,2,7,파워링크,관련문서,동영상,함께 많이 찾는,관련문서,웹문서,,,,,3,,,,,,,,,,,,,,,,,,,,,,,,,,,,,,,
753,할아버지선물,150,690,840,-,0,4,1,1,파워링크,네이버플러스 스토어,선물샵,네이버 클립,인기글,네이버 도서,이미지,웹문서,,,🤔 보류,,,,,,,,,,,,,,,,,,,,,,,,,,,,,,,
754,할아버지생신선물,200,"1,690","1,890",-,0,4,0,1,파워링크,네이버플러스 스토어,선물샵,함께 많이 찾는,지식iN,인기글,웹문서,,,,🤔 보류,,,,,,,,,,,,,,,,,,,,,,,,,,,,,,,
755,할머니할아버지선물,40,280,320,-,3,7,6,7,파워링크,네이버플러스 스토어,선물샵,관련문서,동영상,뉴스,관련문서,이미지,웹문서,,🤔 보류,,,,,,,,,,,,,,,,,,,,,,,,,,,,,,,
756,할머니팔순선물,120,580,700,-,0,5,0,2,파워링크,네이버플러스 스토어,선물샵,함께 많이 찾는,인기글,이미지,웹문서,,,,🤔 보류,,,,,,,,,,,,,,,,,,,,,,,,,,,,,,,
757,할머니선물추천,50,220,270,-,1,11,1,5,파워링크,네이버플러스 스토어,선물샵,함께 많이 찾는,관련문서,관련문서,이미지,웹문서,,,🤔 보류,,,,,,,,,,,,,,,,,,,,,,,,,,,,,,,
758,할머니선물,460,"2,270","2,730",-,0,3,0,1,파워링크,네이버플러스 스토어,선물샵,함께 많이 찾는,네이버 클립,상품리뷰 인기글,지식iN,웹문서,,,🤔 보류,,,,,,,,,,,,,,,,,,,,,,,,,,,,,,,
759,할머니생일선물,30,220,250,-,3,7,3,7,파워링크,네이버플러스 스토어,선물샵,함께 많이 찾는,관련문서,동영상,뉴스,관련문서,이미지,웹문서,🤔 보류,,,,,,,,,,,,,,,,,,,,,,,,,,,,,,,
760,할머니생신선물추천,180,"1,070","1,250",-,0,6,0,0,파워링크,네이버플러스 스토어,선물샵,함께 많이 찾는,인기글,네이버 클립,지식iN,이미지,웹문서,,🤔 보류,,,,,,,,,,,,,,,,,,,,,,,,,,,,,,,
761,할머니생신선물,540,"3,710","4,250",-,0,4,0,1,파워링크,네이버플러스 스토어,선물샵,함께 많이 찾는,지식iN,네이버 클립,상품리뷰 인기글,이미지,웹문서,,🤔 보류,,,,,,,,,,,,,,,,,,,,,,,,,,,,,,,
762,한티역정형외과,240,590,830,-,0,1,0,9,파워링크,함께 많이 찾는,건강·의학 인기글,웹문서,,,,,,,3,,,,,,,,,,,,,,,,,,,,,,,,,,,,,,,
763,한일의료기온라인스토어,130,200,330,-,0,0,0,7,네이버 가격비교,네이버플러스 스토어,함께 많이 찾는,관련문서,파워링크,관련문서,웹문서,,,,5,,,,,,,,,,,,,,,,,,,,,,,,,,,,,,,
764,한일의료기,"1,120","4,050","5,170",-,0,3,0,4,파워링크,관련문서,네이버 가격비교,네이버플러스 스토어,기업정보,함께 많이 찾는,관련문서,이미지,뉴스,웹문서,🤔 보류,,,,,,,,,,,,,,,,,,,,,,,,,,,,,,,
765,한일온열기,50,100,150,-,0,0,0,1,파워링크,네이버 가격비교,네이버플러스 스토어,함께 많이 찾는,웹문서,,,,,,4,,,,,,,,,,,,,,,,,,,,,,,,,,,,,,,
766,한의원토요일,10,140,150,-,0,6,0,1,파워링크,함께 많이 찾는,건강·의학 인기글,웹문서,,,,,,,3,,,,,,,,,,,,,,,,,,,,,,,,,,,,,,,
767,한의원침효과,70,990,"1,060",-,2,6,2,5,AI 브리핑,관련문서,건강 주제 네이버 메이트,파워링크,동영상,이미지,뉴스,함께 많이 찾는,관련문서,웹문서,1,,,,,,,,,,,,,,,,,,,,,,,,,,,,,,,
768,한의원침종류,40,410,450,-,2,5,2,6,AI 브리핑,건강 주제 네이버 메이트,관련문서,네이버 가격비교,네이버플러스 스토어,이미지,파워링크,함께 많이 찾는,관련문서,웹문서,1,,,,,,,,,,,,,,,,,,,,,,,,,,,,,,,
769,한의원침비용,30,290,320,-,1,10,1,5,AI 브리핑,관련문서,건강 주제 네이버 메이트,파워링크,함께 많이 찾는,관련문서,이미지,웹문서,,,3,,,,,,,,,,,,,,,,,,,,,,,,,,,,,,,
770,한의원침부작용,20,320,340,-,7,6,7,3,AI 브리핑,건강 주제 네이버 메이트,관련문서,파워링크,함께 많이 찾는,관련문서,이미지,웹문서,,,1,,,,,,,,,,,,,,,,,,,,,,,,,,,,,,,
771,한의원침가격,210,"1,590","1,800",-,3,11,3,3,AI 브리핑,관련문서,네이버 클립,건강 주제 네이버 메이트,파워링크,함께 많이 찾는,관련문서,이미지,네이버 가격비교,네이버플러스 스토어,3,,,,,,,,,,,,,,,,,,,,,,,,,,,,,,,
772,한의원침,200,"1,320","1,520",-,6,6,6,5,파워링크,AI 브리핑,건강 주제 네이버 메이트,네이버 클립,관련문서,인플루언서서비스 홈 바로가기,네이버 가격비교,네이버플러스 스토어,이미지,함께 많이 찾는,3,,,,,,,,,,,,,,,,,,,,,,,,,,,,,,,
773,한의원치료,90,420,510,-,2,4,2,4,파워링크,AI 브리핑,건강 주제 네이버 메이트,네이버 클립,건강·의학 브랜드 콘텐츠,이미지,함께 많이 찾는,관련문서,웹문서,,3,,,,,,,,,,,,,,,,,,,,,,,,,,,,,,,
774,한의원추천,70,360,430,-,0,11,0,4,파워링크,푸드 주제 네이버 메이트,관련문서,브랜드 콘텐츠,이미지,함께 많이 찾는,관련문서,웹문서,,,3,,,,,,,,,,,,,,,,,,,,,,,,,,,,,,,
775,한의원추나치료,60,230,290,-,2,5,2,7,AI 브리핑,건강 주제 네이버 메이트,관련문서,파워링크,이미지,관련문서,웹문서,,,,3,,,,,,,,,,,,,,,,,,,,,,,,,,,,,,,
776,한의원추나요법비용,20,100,120,-,4,5,4,5,파워링크,AI 브리핑,건강 주제 네이버 메이트,관련문서,함께 많이 찾는,관련문서,이미지,웹문서,,,3,,,,,,,,,,,,,,,,,,,,,,,,,,,,,,,
777,한의원추나요법,90,570,660,-,2,5,2,6,파워링크,브랜드 콘텐츠,관련문서,건강 주제 네이버 메이트,이미지,함께 많이 찾는,관련문서,웹문서,,,3,,,,,,,,,,,,,,,,,,,,,,,,,,,,,,,
778,한의원추나실비,110,860,970,-,2,5,2,8,AI 브리핑,관련문서,경제 주제 네이버 메이트,파워링크,관련문서,이미지,웹문서,,,,3,,,,,,,,,,,,,,,,,,,,,,,,,,,,,,,
779,한의원추나비용,80,740,820,-,6,5,6,4,AI 브리핑,관련문서,파워링크,함께 많이 찾는,관련문서,이미지,웹문서,,,,3,,,,,,,,,,,,,,,,,,,,,,,,,,,,,,,
780,한의원추나,130,570,700,-,2,5,2,7,파워링크,건강 주제 네이버 메이트,브랜드 콘텐츠,이미지,함께 많이 찾는,관련문서,웹문서,,,,3,,,,,,,,,,,,,,,,,,,,,,,,,,,,,,,
781,한의원진료,30,220,250,-,2,6,2,6,파워링크,이미지,함께 많이 찾는,관련문서,웹문서,,,,,,3,,,,,,,,,,,,,,,,,,,,,,,,,,,,,,,
782,한의원입원,20,190,210,-,5,4,5,4,파워링크,건강 주제 네이버 메이트,브랜드 콘텐츠,관련문서,이미지,함께 많이 찾는,관련문서,웹문서,,,3,,,,,,,,,,,,,,,,,,,,,,,,,,,,,,,
783,한의원약침,240,"1,670","1,910",-,2,4,2,6,파워링크,건강·의학 브랜드 콘텐츠,관련문서,이미지,함께 많이 찾는,관련문서,웹문서,,,,3,,,,,,,,,,,,,,,,,,,,,,,,,,,,,,,
784,한의원야간진료,50,320,370,-,2,9,2,5,파워링크,관련문서,함께 많이 찾는,관련문서,웹문서,,,,,,3,,,,,,,,,,,,,,,,,,,,,,,,,,,,,,,
785,한의원물리치료비용,30,330,360,-,3,5,3,7,AI 브리핑,건강 주제 네이버 메이트,관련문서,파워링크,함께 많이 찾는,관련문서,이미지,웹문서,,,3,,,,,,,,,,,,,,,,,,,,,,,,,,,,,,,
786,한의원물리치료,120,730,850,-,4,5,4,4,파워링크,AI 브리핑,건강 주제 네이버 메이트,관련문서,브랜드 콘텐츠,네이버 가격비교,네이버플러스 스토어,이미지,함께 많이 찾는,관련문서,3,,,,,,,,,,,,,,,,,,,,,,,,,,,,,,,
787,한의원도수치료비용,20,100,120,-,4,5,4,6,AI 브리핑,건강 주제 네이버 메이트,관련문서,파워링크,관련문서,이미지,웹문서,,,,3,,,,,,,,,,,,,,,,,,,,,,,,,,,,,,,
788,한솔부항기,150,"1,070","1,220",-,0,0,0,0,파워링크,네이버 가격비교,네이버플러스 스토어,함께 많이 찾는,네이버 클립,웹문서,,,,,4,,,,,,,,,,,,,,,,,,,,,,,,,,,,,,,
789,한방파스,330,"1,710","2,040",-,0,0,0,0,파워링크,네이버 가격비교,네이버플러스 스토어,함께 많이 찾는,이미지,웹문서,,,,,4,,,,,,,,,,,,,,,,,,,,,,,,,,,,,,,
790,한방치료,30,300,330,-,2,5,2,5,파워링크,건강 주제 네이버 메이트,브랜드 콘텐츠,이미지,함께 많이 찾는,관련문서,웹문서,,,,3,,,,,,,,,,,,,,,,,,,,,,,,,,,,,,,
791,한방약침,20,100,120,-,2,4,2,5,AI 브리핑,건강 주제 네이버 메이트,파워링크,이미지,함께 많이 찾는,관련문서,웹문서,,,,3,,,,,,,,,,,,,,,,,,,,,,,,,,,,,,,
792,학동정형외과,40,200,240,-,1,2,1,3,파워링크,관련문서,동영상,뉴스,함께 많이 찾는,관련문서,웹문서,,,,3,,,,,,,,,,,,,,,,,,,,,,,,,,,,,,,
793,학동역정형외과,300,450,750,-,0,2,0,6,파워링크,함께 많이 찾는,건강·의학 인기글,웹문서,,,,,,,3,,,,,,,,,,,,,,,,,,,,,,,,,,,,,,,
794,하지방사통뜻,10,110,120,-,3,5,4,4,AI 브리핑,건강 주제 네이버 메이트,파워링크,관련문서,관련문서,이미지,웹문서,,,,1,,,,,,,,,,,,,,,,,,,,,,,,,,,,,,,
795,하이통증의학과,10,170,180,-,0,2,0,3,관련문서,이미지,함께 많이 찾는,관련문서,웹문서,,,,,,3,,,,,,,,,,,,,,,,,,,,,,,,,,,,,,,
796,하이마취통증의학과,70,570,640,-,0,1,0,3,관련문서,이미지,함께 많이 찾는,관련문서,웹문서,,,,,,3,,,,,,,,,,,,,,,,,,,,,,,,,,,,,,,
797,하셀의료기,20,170,190,-,0,0,0,6,네이버 가격비교,네이버플러스 스토어,함께 많이 찾는,관련문서,파워링크,동영상,관련문서,웹문서,,,4,,,,,,,,,,,,,,,,,,,,,,,,,,,,,,,
798,하남통증의학과,40,80,120,-,1,1,1,6,파워링크,관련문서,동영상,함께 많이 찾는,관련문서,웹문서,,,,,3,,,,,,,,,,,,,,,,,,,,,,,,,,,,,,,
799,하남정형외과,520,"1,450","1,970",-,0,4,0,3,파워링크,관련문서,건강·의학 브랜드 콘텐츠,동영상,함께 많이 찾는,관련문서,웹문서,,,,3,,,,,,,,,,,,,,,,,,,,,,,,,,,,,,,
800,하남신경외과,50,150,200,-,0,2,0,7,파워링크,관련문서,브랜드 콘텐츠,동영상,함께 많이 찾는,관련문서,웹문서,,,,3,,,,,,,,,,,,,,,,,,,,,,,,,,,,,,,
801,하남시정형외과,40,230,270,-,3,5,3,5,파워링크,관련문서,동영상,함께 많이 찾는,관련문서,웹문서,,,,,3,,,,,,,,,,,,,,,,,,,,,,,,,,,,,,,
802,하남시병원,30,110,140,-,2,5,2,6,파워링크,관련문서,동영상,뉴스,함께 많이 찾는,관련문서,웹문서,,,,3,,,,,,,,,,,,,,,,,,,,,,,,,,,,,,,
803,하남병원,80,420,500,-,1,5,1,3,파워링크,관련문서,함께 많이 찾는,관련문서,웹문서,,,,,,3,,,,,,,,,,,,,,,,,,,,,,,,,,,,,,,
804,핏유어코어내돈내산,50,740,790,-,1,3,1,13,AI 브리핑,관련문서,파워링크,함께 많이 찾는,관련문서,이미지,네이버 가격비교,네이버플러스 스토어,웹문서,,5,,,,,,,,,,,,,,,,,,,,,,,,,,,,,,,
805,핏유어코어,160,"3,690","3,850",-,0,1,0,6,파워링크,네이버 가격비교,네이버플러스 스토어,함께 많이 찾는,패션·미용 인기글,웹문서,,,,,4,,,,,,,,,,,,,,,,,,,,,,,,,,,,,,,
806,필립스적외선조사기,40,200,240,-,0,1,0,8,파워링크,네이버 가격비교,네이버플러스 스토어,동영상,관련문서,관련문서,이미지,웹문서,,,4,,,,,,,,,,,,,,,,,,,,,,,,,,,,,,,
807,프릭스치료,20,520,540,-,0,3,0,3,AI 브리핑,건강 주제 네이버 메이트,관련문서,파워링크,관련문서,이미지,웹문서,,,,3,,,,,,,,,,,,,,,,,,,,,,,,,,,,,,,
808,프롤로테라피,230,"1,210","1,440",-,0,1,0,5,파워링크,AI 브리핑,지식iN 의사 답변,함께 찾는 질병,관련문서,건강·의학 브랜드 콘텐츠,이미지,함께 많이 찾는,관련문서,웹문서,3,,,,,,,,,,,,,,,,,,,,,,,,,,,,,,,
809,프롤로치료가격,10,140,150,-,1,9,1,0,파워링크,AI 브리핑,건강 주제 네이버 메이트,관련문서,함께 많이 찾는,관련문서,이미지,웹문서,,,3,,,,,,,,,,,,,,,,,,,,,,,,,,,,,,,
810,프롤로치료,230,960,"1,190",-,2,4,2,6,파워링크,건강·의학 브랜드 콘텐츠,네이버 클립,건강 주제 네이버 메이트,이미지,함께 많이 찾는,관련문서,웹문서,,,3,,,,,,,,,,,,,,,,,,,,,,,,,,,,,,,
811,프롤로주사치료,40,250,290,-,2,3,2,5,파워링크,건강 주제 네이버 메이트,네이버 클립,브랜드 콘텐츠,함께 많이 찾는,관련문서,이미지,웹문서,,,3,,,,,,,,,,,,,,,,,,,,,,,,,,,,,,,
812,프롤로주사비용,160,"1,110","1,270",-,0,11,0,5,파워링크,관련문서,함께 많이 찾는,관련문서,이미지,웹문서,,,,,3,,,,,,,,,,,,,,,,,,,,,,,,,,,,,,,
813,프롤로주사가격,80,450,530,-,0,11,0,4,파워링크,관련문서,함께 많이 찾는,관련문서,이미지,웹문서,,,,,3,,,,,,,,,,,,,,,,,,,,,,,,,,,,,,,
814,프롤로주사,"2,240","13,600","15,840",-,2,4,2,6,파워링크,AI 브리핑,지식iN 의사 답변,함께 찾는 질병,건강·의학 브랜드 콘텐츠,네이버 클립,이미지,함께 많이 찾는,관련문서,웹문서,3,,,,,,,,,,,,,,,,,,,,,,,,,,,,,,,
815,프롤로,310,730,"1,040",-,0,4,0,6,파워링크,건강 주제 네이버 메이트,네이버 클립,건강·의학 브랜드 콘텐츠,이미지,함께 많이 찾는,관련문서,웹문서,,,3,,,,,,,,,,,,,,,,,,,,,,,,,,,,,,,
816,풍선확장술,240,550,790,-,3,4,3,6,파워링크,건강 주제 네이버 메이트,건강·의학 브랜드 콘텐츠,이미지,함께 많이 찾는,관련문서,웹문서,,,,3,,,,,,,,,,,,,,,,,,,,,,,,,,,,,,,
817,풀리오마사지기,"3,120","30,200","33,320",-,3,5,3,7,네이버 가격비교,네이버플러스 스토어,파워링크,함께 많이 찾는,관련문서,관련문서,이미지,웹문서,,,4,,,,,,,,,,,,,,,,,,,,,,,,,,,,,,,
818,풀리오등허리마사지기,90,300,390,-,0,3,0,12,파워링크,네이버 가격비교,네이버플러스 스토어,함께 많이 찾는,관련문서,관련문서,웹문서,,,,5,,,,,,,,,,,,,,,,,,,,,,,,,,,,,,,
819,풀리오,"10,500","41,300","51,800",-,0,0,0,0,파워링크,네이버 가격비교,네이버플러스 스토어,네이버 클립,함께 많이 찾는,웹문서,,,,,4,,,,,,,,,,,,,,,,,,,,,,,,,,,,,,,
820,폴리오허리마사지기,70,780,850,-,0,2,0,6,파워링크,네이버 가격비교,함께 많이 찾는,인기글,네이버 클립,웹문서,,,,,5,,,,,,,,,,,,,,,,,,,,,,,,,,,,,,,
821,포천정형외과,80,920,"1,000",-,0,3,0,3,파워링크,관련문서,함께 많이 찾는,관련문서,웹문서,,,,,,3,,,,,,,,,,,,,,,,,,,,,,,,,,,,,,,
822,평택허리편한병원,30,260,290,-,1,4,1,3,관련문서,동영상,이미지,함께 많이 찾는,관련문서,웹문서,,,,,3,,,,,,,,,,,,,,,,,,,,,,,,,,,,,,,
823,평택허리병원,20,170,190,-,3,4,3,4,파워링크,동영상,건강 주제 네이버 메이트,뉴스,함께 많이 찾는,관련문서,이미지,웹문서,,,3,,,,,,,,,,,,,,,,,,,,,,,,,,,,,,,
824,평택역한의원,20,160,180,-,1,2,1,7,파워링크,관련문서,동영상,함께 많이 찾는,관련문서,웹문서,,,,,3,,,,,,,,,,,,,,,,,,,,,,,,,,,,,,,
825,평택교통사고한의원,460,370,830,-,2,4,2,9,파워링크,동영상,관련문서,관련문서,웹문서,,,,,,3,,,,,,,,,,,,,,,,,,,,,,,,,,,,,,,
826,평택교통사고병원,170,150,320,-,3,2,3,7,파워링크,건강 주제 네이버 메이트,동영상,관련문서,관련문서,웹문서,,,,,3,,,,,,,,,,,,,,,,,,,,,,,,,,,,,,,
827,평택고덕한의원,400,"1,110","1,510",-,1,4,1,6,파워링크,관련문서,함께 많이 찾는,관련문서,웹문서,,,,,,3,,,,,,,,,,,,,,,,,,,,,,,,,,,,,,,
828,평촌정형외과,370,930,"1,300",-,1,5,1,4,파워링크,관련문서,동영상,함께 많이 찾는,관련문서,웹문서,,,,,3,,,,,,,,,,,,,,,,,,,,,,,,,,,,,,,
829,편백사우나,40,240,280,-,0,0,0,0,파워링크,네이버 가격비교,네이버플러스 스토어,함께 많이 찾는,웹문서,,,,,,🤔 보류,,,,,,,,,,,,,,,,,,,,,,,,,,,,,,,
830,편백나무찜질방,5,110,115,-,0,4,0,8,파워링크,관련문서,네이버 가격비교,네이버플러스 스토어,이미지,함께 많이 찾는,관련문서,웹문서,,,🤔 보류,,,,,,,,,,,,,,,,,,,,,,,,,,,,,,,
831,편백나무반신욕기,20,230,250,-,0,0,0,6,네이버 가격비교,네이버플러스 스토어,파워링크,함께 많이 찾는,동영상,관련문서,관련문서,이미지,웹문서,,4,,,,,,,,,,,,,,,,,,,,,,,,,,,,,,,
832,페인큐,220,"1,220","1,440",-,0,0,0,0,파워링크,함께 많이 찾는,네이버 가격비교,네이버플러스 스토어,웹문서,,,,,,4,,,,,,,,,,,,,,,,,,,,,,,,,,,,,,,
833,페인스크램블러,"3,320","3,850","7,170",-,0,1,0,6,파워링크,AI 브리핑,건강 주제 네이버 메이트,함께 많이 찾는,건강·의학 인기글,웹문서,,,,,3,,,,,,,,,,,,,,,,,,,,,,,,,,,,,,,
834,페인곤,20,110,130,-,0,2,0,4,파워링크,네이버 가격비교,네이버플러스 스토어,함께 많이 찾는,건강·의학 인기글,웹문서,,,,,4,,,,,,,,,,,,,,,,,,,,,,,,,,,,,,,
835,퍼플방석,420,970,"1,390",-,0,1,0,6,파워링크,네이버 가격비교,네이버플러스 스토어,함께 많이 찾는,인기글,웹문서,,,,,🤔 보류,,,,,,,,,,,,,,,,,,,,,,,,,,,,,,,
836,팥찜질팩,200,"1,200","1,400",-,0,0,0,1,파워링크,네이버 가격비교,네이버플러스 스토어,함께 많이 찾는,네이버 클립,웹문서,,,,,4,,,,,,,,,,,,,,,,,,,,,,,,,,,,,,,
837,팥주머니,80,450,530,-,0,0,0,0,파워링크,네이버 가격비교,네이버플러스 스토어,함께 많이 찾는,네이버 클립,인플루언서서비스 홈 바로가기,웹문서,,,,🤔 보류,,,,,,,,,,,,,,,,,,,,,,,,,,,,,,,
838,팔다리저림,190,"1,880","2,070",-,4,5,4,4,파워링크,건강 주제 네이버 메이트,네이버 클립,브랜드 콘텐츠,이미지,함께 많이 찾는,관련문서,웹문서,,,🤔 보류,,,,,,,,,,,,,,,,,,,,,,,,,,,,,,,
839,파워벨트,50,90,140,-,0,0,0,0,파워링크,네이버 가격비교,네이버플러스 스토어,함께 많이 찾는,웹문서,,,,,,,,,,,,,,,,,,,,,,,,,,,,,,,,,,,,,
840,파워리프팅벨트,30,230,260,-,0,1,0,3,파워링크,네이버 가격비교,네이버플러스 스토어,함께 많이 찾는,관련문서,관련문서,이미지,웹문서,,,,,,,,,,,,,,,,,,,,,,,,,,,,,,,,,,
841,파스효과,250,"1,830","2,080",-,6,3,6,6,AI 브리핑,건강 주제 네이버 메이트,관련문서,네이버 클립,인플루언서서비스 홈 바로가기,파워링크,네이버 가격비교,네이버플러스 스토어,이미지,함께 많이 찾는,,,,,,,,,,,,,,,,,,,,,,,,,,,,,,,,
842,파스추천,270,"1,530","1,800",-,0,5,0,2,파워링크,네이버 가격비교,네이버플러스 스토어,네이버 클립,함께 많이 찾는,인플루언서서비스 홈 바로가기,인기글,이미지,웹문서,,,,,,,,,,,,,,,,,,,,,,,,,,,,,,,,,
843,파쉬물주머니,210,"1,090","1,300",-,0,1,0,6,파워링크,네이버 가격비교,네이버플러스 스토어,함께 많이 찾는,네이버 클립,상품리뷰 인기글,웹문서,,,,,,,,,,,,,,,,,,,,,,,,,,,,,,,,,,,
844,틀어진골반교정,70,760,830,-,2,3,2,7,파워링크,건강 주제 네이버 메이트,브랜드 콘텐츠,네이버 클립,인플루언서서비스 홈 바로가기,네이버 가격비교,네이버플러스 스토어,이미지,함께 많이 찾는,관련문서,,,,,,,,,,,,,,,,,,,,,,,,,,,,,,,,
845,퇴행성허리디스크치료,40,150,190,-,2,4,2,6,AI 브리핑,건강 주제 네이버 메이트,관련문서,파워링크,함께 많이 찾는,관련문서,이미지,웹문서,,,3,,,,,,,,,,,,,,,,,,,,,,,,,,,,,,,
846,퇴행성척추관협착증,60,710,770,-,2,2,2,3,파워링크,AI 브리핑,건강 소식하단 정보 열고 닫기 버튼,진료 관련 통계하단 정보 열고 닫기 버튼,지식iN 의사 답변,함께 찾는 질병,브랜드 콘텐츠,관련문서,이미지,함께 많이 찾는,2,,,,,,,,,,,,,,,,,,,,,,,,,,,,,,,
847,퇴행성디스크치료,20,150,170,-,2,5,2,5,파워링크,AI 브리핑,건강 주제 네이버 메이트,이미지,함께 많이 찾는,관련문서,웹문서,,,,3,,,,,,,,,,,,,,,,,,,,,,,,,,,,,,,
848,퇴행성디스크,120,520,640,-,2,3,2,7,파워링크,건강 주제 네이버 메이트,건강·의학 브랜드 콘텐츠,인플루언서서비스 홈 바로가기,이미지,함께 많이 찾는,관련문서,웹문서,,,2,,,,,,,,,,,,,,,,,,,,,,,,,,,,,,,
849,통증패치,90,720,810,-,0,0,0,0,파워링크,네이버 가격비교,네이버플러스 스토어,함께 많이 찾는,네이버 클립,웹문서,,,,,4,,,,,,,,,,,,,,,,,,,,,,,,,,,,,,,
850,통증파스,10,140,150,-,0,0,0,0,파워링크,네이버 가격비교,네이버플러스 스토어,건강 주제 네이버 메이트,함께 많이 찾는,웹문서,,,,,4,,,,,,,,,,,,,,,,,,,,,,,,,,,,,,,
851,통증클리닉,320,"4,880","5,200",-,1,3,1,5,파워링크,건강·의학 브랜드 콘텐츠,이미지,함께 많이 찾는,관련문서,웹문서,,,,,3,,,,,,,,,,,,,,,,,,,,,,,,,,,,,,,
852,통증크림,60,220,280,-,0,0,0,0,파워링크,네이버 가격비교,네이버플러스 스토어,함께 많이 찾는,웹문서,,,,,,4,,,,,,,,,,,,,,,,,,,,,,,,,,,,,,,
853,통증치료기,20,150,170,-,0,0,0,0,파워링크,네이버 가격비교,네이버플러스 스토어,함께 많이 찾는,웹문서,,,,,,4,,,,,,,,,,,,,,,,,,,,,,,,,,,,,,,
854,통증치료,80,310,390,-,3,5,3,5,파워링크,AI 브리핑,함께 찾는 질병,브랜드 콘텐츠,네이버 가격비교,네이버플러스 스토어,이미지,함께 많이 찾는,관련문서,웹문서,3,,,,,,,,,,,,,,,,,,,,,,,,,,,,,,,
855,통증주사,80,630,710,-,2,3,2,5,파워링크,AI 브리핑,건강 주제 네이버 메이트,네이버 클립,함께 많이 찾는,관련문서,이미지,웹문서,,,3,,,,,,,,,,,,,,,,,,,,,,,,,,,,,,,
856,통증의학과허리주사,20,90,110,-,3,5,3,4,AI 브리핑,건강 주제 네이버 메이트,관련문서,파워링크,함께 많이 찾는,관련문서,이미지,웹문서,,,3,,,,,,,,,,,,,,,,,,,,,,,,,,,,,,,
857,통증의학과추천,50,370,420,-,1,14,1,4,파워링크,관련문서,브랜드 콘텐츠,함께 많이 찾는,관련문서,이미지,웹문서,,,,3,,,,,,,,,,,,,,,,,,,,,,,,,,,,,,,
858,통증의학과,"3,630","46,600","50,230",-,0,5,0,4,파워링크,네이버 클립,함께 많이 찾는,관련문서,웹문서,,,,,,3,,,,,,,,,,,,,,,,,,,,,,,,,,,,,,,
859,통증의학,50,440,490,-,1,5,1,5,파워링크,네이버 클립,건강 주제 네이버 메이트,이미지,함께 많이 찾는,관련문서,웹문서,,,,1,,,,,,,,,,,,,,,,,,,,,,,,,,,,,,,
860,통증의원,30,210,240,-,0,5,0,3,파워링크,이미지,함께 많이 찾는,관련문서,웹문서,,,,,,3,,,,,,,,,,,,,,,,,,,,,,,,,,,,,,,
861,통증유발점주사,60,160,220,-,2,0,2,4,AI 브리핑,함께 찾는 질병,파워링크,함께 많이 찾는,관련문서,네이버 클립,이미지,웹문서,,,3,,,,,,,,,,,,,,,,,,,,,,,,,,,,,,,
862,통증병원,30,190,220,-,2,5,2,4,파워링크,네이버 클립,이미지,함께 많이 찾는,관련문서,웹문서,,,,,3,,,,,,,,,,,,,,,,,,,,,,,,,,,,,,,
863,통증,690,"2,650","3,340",-,0,6,0,1,파워링크,AI 브리핑,함께 찾는 질병,네이버 클립,함께 많이 찾는,건강·의학 인기글,웹문서,,,,2,,,,,,,,,,,,,,,,,,,,,,,,,,,,,,,
864,터미널통증의학과,30,300,330,-,0,2,0,3,파워링크,관련문서,함께 많이 찾는,관련문서,이미지,웹문서,,,,,3,,,,,,,,,,,,,,,,,,,,,,,,,,,,,,,
865,탕정한의원,240,590,830,-,2,4,2,5,파워링크,함께 많이 찾는,관련문서,뉴스,웹문서,,,,,,3,,,,,,,,,,,,,,,,,,,,,,,,,,,,,,,
866,탄소매트,900,"2,380","3,280",-,0,4,0,2,파워링크,네이버 가격비교,네이버플러스 스토어,함께 많이 찾는,네이버 클립,상품리뷰 인기글,웹문서,,,,🤔 보류,,,,,,,,,,,,,,,,,,,,,,,,,,,,,,,
867,타이레놀허리통증,10,190,200,-,5,4,5,7,AI 브리핑,건강 주제 네이버 메이트,관련문서,파워링크,네이버 클립,함께 많이 찾는,관련문서,이미지,웹문서,,3,,,,,,,,,,,,,,,,,,,,,,,,,,,,,,,
868,클럭마사지기,780,"7,150","7,930",-,0,0,0,0,파워링크,네이버 가격비교,네이버플러스 스토어,함께 많이 찾는,네이버 클립,웹문서,,,,,4,,,,,,,,,,,,,,,,,,,,,,,,,,,,,,,
869,크리오로지벨트,220,"1,350","1,570",-,0,1,0,8,파워링크,네이버 가격비교,네이버플러스 스토어,함께 많이 찾는,스포츠 인기글,웹문서,,,,,4,,,,,,,,,,,,,,,,,,,,,,,,,,,,,,,
870,크로스핏허리보호대,40,170,210,-,1,2,1,8,파워링크,네이버 가격비교,네이버플러스 스토어,함께 많이 찾는,동영상,관련문서,관련문서,이미지,웹문서,,4,,,,,,,,,,,,,,,,,,,,,,,,,,,,,,,
871,크로스핏벨트,100,550,650,-,0,0,0,0,파워링크,네이버 가격비교,네이버플러스 스토어,함께 많이 찾는,네이버 클립,웹문서,,,,,4,,,,,,,,,,,,,,,,,,,,,,,,,,,,,,,
872,큐어웰,120,500,620,-,0,0,0,0,파워링크,네이버 가격비교,네이버플러스 스토어,함께 많이 찾는,이미지,웹문서,,,,,🤔 보류,,,,,,,,,,,,,,,,,,,,,,,,,,,,,,,
873,쿨파스,310,"1,480","1,790",-,0,0,0,0,파워링크,네이버 가격비교,네이버플러스 스토어,함께 많이 찾는,인플루언서서비스 홈 바로가기,웹문서,,,,,4,,,,,,,,,,,,,,,,,,,,,,,,,,,,,,,
874,쿨링패치,"3,240","12,800","16,040",-,0,2,0,6,파워링크,네이버 가격비교,네이버플러스 스토어,함께 많이 찾는,상품리뷰 인기글,웹문서,,,,,🤔 보류,,,,,,,,,,,,,,,,,,,,,,,,,,,,,,,
875,쿨링크림,170,610,780,-,0,0,0,0,파워링크,네이버 가격비교,네이버플러스 스토어,네이버 클립,함께 많이 찾는,웹문서,,,,,4,,,,,,,,,,,,,,,,,,,,,,,,,,,,,,,
876,쿨링젤,100,440,540,-,0,0,0,0,파워링크,네이버 가격비교,네이버플러스 스토어,함께 많이 찾는,웹문서,,,,,,4,,,,,,,,,,,,,,,,,,,,,,,,,,,,,,,
877,쿠팡허리보호대,5,140,145,-,0,5,0,7,파워링크,네이버 가격비교,네이버플러스 스토어,함께 많이 찾는,관련문서,동영상,관련문서,이미지,웹문서,,4,,,,,,,,,,,,,,,,,,,,,,,,,,,,,,,
878,코어운동기구,250,"1,280","1,530",-,0,1,0,7,파워링크,네이버 가격비교,네이버플러스 스토어,함께 많이 찾는,이미지,스포츠 인기글,웹문서,,,,🤔 보류,,,,,,,,,,,,,,,,,,,,,,,,,,,,,,,
879,코어벨트,30,160,190,-,0,0,0,0,파워링크,네이버 가격비교,네이버플러스 스토어,함께 많이 찾는,인플루언서서비스 홈 바로가기,웹문서,,,,,🤔 보류,,,,,,,,,,,,,,,,,,,,,,,,,,,,,,,
880,커블체어와이더,110,320,430,-,0,0,0,9,파워링크,네이버 가격비교,네이버플러스 스토어,함께 많이 찾는,관련문서,관련문서,웹문서,,,,4,,,,,,,,,,,,,,,,,,,,,,,,,,,,,,,
881,커블체어,"2,020","6,020","8,040",-,0,1,0,7,파워링크,네이버 쇼핑 인기 상품,웹문서,함께 많이 찾는,네이버 클립,인기글,,,,,4,,,,,,,,,,,,,,,,,,,,,,,,,,,,,,,
882,커브건,50,150,200,-,0,0,0,0,파워링크,네이버 가격비교,함께 많이 찾는,네이버플러스 스토어,웹문서,,,,,,🤔 보류,,,,,,,,,,,,,,,,,,,,,,,,,,,,,,,
883,카이로프랙틱가격,10,100,110,-,0,4,0,8,파워링크,AI 브리핑,건강 주제 네이버 메이트,관련문서,함께 많이 찾는,관련문서,이미지,네이버 가격비교,네이버플러스 스토어,웹문서,3,,,,,,,,,,,,,,,,,,,,,,,,,,,,,,,
884,카이로프랙틱,"1,250","6,490","7,740",-,3,2,3,4,파워링크,AI 브리핑,함께 찾는 질병,인플루언서서비스 홈 바로가기,건강·의학 브랜드 콘텐츠,네이버 가격비교,네이버플러스 스토어,함께 많이 찾는,관련문서,이미지,3,,,,,,,,,,,,,,,,,,,,,,,,,,,,,,,
885,카이로프라틱,40,310,350,-,0,2,0,3,파워링크,AI 브리핑,건강 주제 네이버 메이트,관련문서,이미지,함께 많이 찾는,관련문서,웹문서,,,3,,,,,,,,,,,,,,,,,,,,,,,,,,,,,,,
886,카딜로벨트,470,"2,460","2,930",-,0,0,0,0,파워링크,네이버 가격비교,네이버플러스 스토어,함께 많이 찾는,웹문서,,,,,,4,,,,,,,,,,,,,,,,,,,,,,,,,,,,,,,
887,침잘놓는한의원,50,560,610,-,2,9,2,4,파워링크,관련문서,브랜드 콘텐츠,이미지,함께 많이 찾는,관련문서,웹문서,,,,3,,,,,,,,,,,,,,,,,,,,,,,,,,,,,,,
888,침술,80,460,540,-,3,3,3,4,AI 브리핑,관련문서,파워링크,네이버 클립,함께 많이 찾는,관련문서,이미지,웹문서,,,3,,,,,,,,,,,,,,,,,,,,,,,,,,,,,,,
889,침도요법,30,140,170,-,2,5,2,6,파워링크,AI 브리핑,건강 주제 네이버 메이트,함께 많이 찾는,관련문서,이미지,웹문서,,,,3,,,,,,,,,,,,,,,,,,,,,,,,,,,,,,,
890,침대허리쿠션,100,650,750,-,0,0,0,0,파워링크,네이버 가격비교,네이버플러스 스토어,함께 많이 찾는,네이버 클립,웹문서,,,,,4,,,,,,,,,,,,,,,,,,,,,,,,,,,,,,,
891,침대허리받침쿠션,10,130,140,-,1,3,1,5,파워링크,네이버 가격비교,네이버플러스 스토어,함께 많이 찾는,리빙 주제 네이버 메이트,동영상,관련문서,관련문서,이미지,웹문서,4,,,,,,,,,,,,,,,,,,,,,,,,,,,,,,,
892,침대안마기,20,210,230,-,0,0,0,1,파워링크,네이버 가격비교,네이버플러스 스토어,함께 많이 찾는,웹문서,,,,,,4,,,,,,,,,,,,,,,,,,,,,,,,,,,,,,,
893,침대등쿠션,120,"1,280","1,400",-,0,0,0,1,파워링크,네이버 가격비교,네이버플러스 스토어,함께 많이 찾는,웹문서,,,,,,4,,,,,,,,,,,,,,,,,,,,,,,,,,,,,,,
894,칠순선물,950,"5,270","6,220",-,0,4,0,1,파워링크,네이버플러스 스토어,선물샵,함께 많이 찾는,인기글,이미지,웹문서,,,,🤔 보류,,,,,,,,,,,,,,,,,,,,,,,,,,,,,,,
895,치료법,20,160,180,-,1,4,1,4,AI 브리핑,건강 주제 네이버 메이트,파워링크,네이버 클립,이미지,뉴스,함께 많이 찾는,관련문서,웹문서,,🤔 보류,,,,,,,,,,,,,,,,,,,,,,,,,,,,,,,
896,측만증,130,620,750,-,0,4,0,6,파워링크,건강 주제 네이버 메이트,네이버 클립,브랜드 콘텐츠,네이버 가격비교,네이버플러스 스토어,이미지,뉴스,함께 많이 찾는,관련문서,2,,,,,,,,,,,,,,,,,,,,,,,,,,,,,,,
897,췌장허리통증위치,10,100,110,-,4,4,4,6,AI 브리핑,건강 주제 네이버 메이트,관련문서,파워링크,네이버 클립,이미지,함께 많이 찾는,관련문서,웹문서,,2,,,,,,,,,,,,,,,,,,,,,,,,,,,,,,,
898,충전식찜질팩,30,120,150,-,0,0,0,0,파워링크,네이버 가격비교,네이버플러스 스토어,함께 많이 찾는,웹문서,,,,,,4,,,,,,,,,,,,,,,,,,,,,,,,,,,,,,,
899,충무동정형외과,10,100,110,-,0,3,0,4,파워링크,관련문서,동영상,함께 많이 찾는,관련문서,웹문서,,,,,3,,,,,,,,,,,,,,,,,,,,,,,,,,,,,,,
900,충격파치료,480,"1,950","2,430",-,2,2,2,6,파워링크,AI 브리핑,비급여 정보,지식iN 의사 답변,건강·의학 브랜드 콘텐츠,네이버 클립,인플루언서서비스 홈 바로가기,네이버 가격비교,네이버플러스 스토어,이미지,3,,,,,,,,,,,,,,,,,,,,,,,,,,,,,,,
901,추벽증후군,340,930,"1,270",-,1,5,1,5,파워링크,AI 브리핑,함께 찾는 질병,인플루언서서비스 홈 바로가기,이미지,함께 많이 찾는,관련문서,웹문서,,,2,,,,,,,,,,,,,,,,,,,,,,,,,,,,,,,
902,추나치료효과,60,350,410,-,2,4,2,6,AI 브리핑,건강 주제 네이버 메이트,파워링크,동영상,뉴스,관련문서,이미지,웹문서,,,3,,,,,,,,,,,,,,,,,,,,,,,,,,,,,,,
903,추나치료비용,160,"1,170","1,330",-,3,5,3,6,파워링크,관련문서,브랜드 콘텐츠,이미지,관련문서,웹문서,,,,,3,,,,,,,,,,,,,,,,,,,,,,,,,,,,,,,
904,추나치료,910,"5,890","6,800",-,2,5,2,7,파워링크,AI 브리핑,건강·의학 브랜드 콘텐츠,인플루언서서비스 홈 바로가기,네이버 가격비교,네이버플러스 스토어,이미지,관련문서,웹문서,,3,,,,,,,,,,,,,,,,,,,,,,,,,,,,,,,
905,추나인한의원,30,330,360,-,0,1,0,1,관련문서,함께 많이 찾는,관련문서,이미지,웹문서,,,,,,3,,,,,,,,,,,,,,,,,,,,,,,,,,,,,,,
906,추나요법효과,80,180,260,-,2,5,2,7,AI 브리핑,건강 주제 네이버 메이트,브랜드 콘텐츠,파워링크,동영상,이미지,뉴스,함께 많이 찾는,관련문서,웹문서,3,,,,,,,,,,,,,,,,,,,,,,,,,,,,,,,
907,추나요법실비,210,940,"1,150",-,3,4,3,7,파워링크,건강·의학 브랜드 콘텐츠,관련문서,경제 주제 네이버 메이트,이미지,함께 많이 찾는,관련문서,웹문서,,,3,,,,,,,,,,,,,,,,,,,,,,,,,,,,,,,
908,추나요법시간,20,140,160,-,2,4,2,5,AI 브리핑,관련문서,파워링크,함께 많이 찾는,관련문서,이미지,웹문서,,,,3,,,,,,,,,,,,,,,,,,,,,,,,,,,,,,,
909,추나요법가격,300,"3,420","3,720",-,2,6,2,5,파워링크,건강·의학 브랜드 콘텐츠,네이버 가격비교,네이버플러스 스토어,이미지,함께 많이 찾는,관련문서,웹문서,,,3,,,,,,,,,,,,,,,,,,,,,,,,,,,,,,,
910,추나요법,"1,560","9,180","10,740",-,2,4,2,7,파워링크,AI 브리핑,건강·의학 브랜드 콘텐츠,관련문서,네이버 클립,인플루언서서비스 홈 바로가기,이미지,네이버 가격비교,네이버플러스 스토어,함께 많이 찾는,3,,,,,,,,,,,,,,,,,,,,,,,,,,,,,,,
911,추간판탈출증치료,80,170,250,-,3,6,3,6,파워링크,AI 브리핑,건강 소식하단 정보 열고 닫기 버튼,진료 관련 통계하단 정보 열고 닫기 버튼,함께 찾는 질병,추간판탈출증 방사통의 증상과 치료 방법,함께 많이 찾는,관련문서,이미지,웹문서,3,,,,,,,,,,,,,,,,,,,,,,,,,,,,,,,
912,추간판탈출증수술,80,230,310,-,3,4,3,5,파워링크,AI 브리핑,건강 주제 네이버 메이트,함께 많이 찾는,관련문서,이미지,웹문서,,,,3,,,,,,,,,,,,,,,,,,,,,,,,,,,,,,,
913,추간판탈출증,"1,660","7,040","8,700",-,3,10,3,4,파워링크,AI 브리핑,건강 소식하단 정보 열고 닫기 버튼,진료 관련 통계하단 정보 열고 닫기 버튼,지식iN 의사 답변,함께 찾는 질병,관련 경험 카페글,추간판탈출증' 브랜드 콘텐츠,함께 많이 찾는,관련문서,2,,,,,,,,,,,,,,,,,,,,,,,,,,,,,,,
914,추간판제거술,90,150,240,-,0,2,0,4,AI 브리핑,건강 주제 네이버 메이트,파워링크,이미지,함께 많이 찾는,관련문서,웹문서,,,,3,,,,,,,,,,,,,,,,,,,,,,,,,,,,,,,
915,추간판돌출,60,160,220,-,2,4,2,4,관련문서,파워링크,이미지,네이버 클립,함께 많이 찾는,관련문서,웹문서,,,,2,,,,,,,,,,,,,,,,,,,,,,,,,,,,,,,
916,추간판,380,"1,290","1,670",-,0,5,0,5,파워링크,AI 브리핑,이미지,네이버 가격비교,네이버플러스 스토어,함께 많이 찾는,관련문서,웹문서,,,1,,,,,,,,,,,,,,,,,,,,,,,,,,,,,,,
917,추간공확장술,170,630,800,-,1,3,1,5,파워링크,관련문서,건강·의학 브랜드 콘텐츠,건강 주제 네이버 메이트,인플루언서서비스 홈 바로가기,이미지,뉴스,함께 많이 찾는,관련문서,웹문서,3,,,,,,,,,,,,,,,,,,,,,,,,,,,,,,,
918,추간공협착증,160,550,710,-,3,3,3,6,파워링크,건강 주제 네이버 메이트,건강·의학 브랜드 콘텐츠,이미지,뉴스,함께 많이 찾는,관련문서,웹문서,,,2,,,,,,,,,,,,,,,,,,,,,,,,,,,,,,,
919,최소침습수술,80,460,540,-,0,3,0,5,AI 브리핑,건강 주제 네이버 메이트,파워링크,네이버 클립,이미지,함께 많이 찾는,관련문서,웹문서,,,3,,,,,,,,,,,,,,,,,,,,,,,,,,,,,,,
920,초음파치료기,180,720,900,-,0,0,0,0,파워링크,네이버 가격비교,네이버플러스 스토어,네이버 클립,함께 많이 찾는,인플루언서서비스 홈 바로가기,웹문서,,,,4,,,,,,,,,,,,,,,,,,,,,,,,,,,,,,,
921,초음파치료,80,510,590,-,3,3,3,4,AI 브리핑,파워링크,이미지,네이버 가격비교,네이버플러스 스토어,함께 많이 찾는,관련문서,웹문서,,,3,,,,,,,,,,,,,,,,,,,,,,,,,,,,,,,
922,초음파마사지기,280,"1,770","2,050",-,0,5,0,1,파워링크,네이버 가격비교,네이버플러스 스토어,함께 많이 찾는,네이버 클립,인플루언서서비스 홈 바로가기,패션·미용 인기글,웹문서,,,4,,,,,,,,,,,,,,,,,,,,,,,,,,,,,,,
923,초음파기기,90,310,400,-,0,3,0,4,파워링크,네이버 가격비교,네이버플러스 스토어,함께 많이 찾는,패션·미용 인기글,웹문서,,,,,🤔 보류,,,,,,,,,,,,,,,,,,,,,,,,,,,,,,,
924,초음파기계,100,480,580,-,0,0,0,0,파워링크,네이버 가격비교,네이버플러스 스토어,네이버 클립,함께 많이 찾는,이미지,웹문서,,,,🤔 보류,,,,,,,,,,,,,,,,,,,,,,,,,,,,,,,
925,체형교정한의원,10,120,130,-,2,5,2,4,파워링크,관련문서,브랜드 콘텐츠,함께 많이 찾는,관련문서,이미지,웹문서,,,,3,,,,,,,,,,,,,,,,,,,,,,,,,,,,,,,
926,체형교정의자,30,80,110,-,0,0,0,0,파워링크,네이버 가격비교,네이버플러스 스토어,함께 많이 찾는,웹문서,,,,,,4,,,,,,,,,,,,,,,,,,,,,,,,,,,,,,,
927,체형교정운동,70,430,500,-,2,4,2,4,파워링크,AI 브리핑,건강 주제 네이버 메이트,네이버 클립,브랜드 콘텐츠,네이버 가격비교,네이버플러스 스토어,이미지,함께 많이 찾는,관련문서,2,,,,,,,,,,,,,,,,,,,,,,,,,,,,,,,
928,체형교정센터,480,"3,310","3,790",-,2,5,2,8,파워링크,관련문서,건강·의학 브랜드 콘텐츠,네이버 클립,이미지,함께 많이 찾는,관련문서,웹문서,,,3,,,,,,,,,,,,,,,,,,,,,,,,,,,,,,,
929,체형교정병원,10,120,130,-,2,5,2,4,파워링크,관련문서,함께 많이 찾는,관련문서,이미지,웹문서,,,,,3,,,,,,,,,,,,,,,,,,,,,,,,,,,,,,,
930,체형검사,50,240,290,-,2,4,2,5,AI 브리핑,건강 주제 네이버 메이트,파워링크,함께 많이 찾는,관련문서,이미지,웹문서,,,,2,,,,,,,,,,,,,,,,,,,,,,,,,,,,,,,
931,체중분산방석,150,510,660,-,0,0,0,0,네이버 가격비교,네이버플러스 스토어,파워링크,함께 많이 찾는,네이버 클립,웹문서,,,,,4,,,,,,,,,,,,,,,,,,,,,,,,,,,,,,,
932,체외충격파효과,470,"3,010","3,480",-,2,4,2,7,파워링크,건강 주제 네이버 메이트,동영상,브랜드 콘텐츠,네이버 가격비교,네이버플러스 스토어,이미지,뉴스,함께 많이 찾는,관련문서,3,,,,,,,,,,,,,,,,,,,,,,,,,,,,,,,
933,체외충격파치료비용,180,"1,380","1,560",-,2,7,3,5,파워링크,AI 브리핑,비급여 정보,지식iN 의사 답변,브랜드 콘텐츠,네이버 클립,이미지,뉴스,함께 많이 찾는,관련문서,3,,,,,,,,,,,,,,,,,,,,,,,,,,,,,,,
934,체외충격파치료,"4,610","30,800","35,410",-,0,4,0,6,파워링크,AI 브리핑,비급여 정보,지식iN 의사 답변,인플루언서서비스 홈 바로가기,건강·의학 브랜드 콘텐츠,네이버 클립,네이버 가격비교,네이버플러스 스토어,이미지,3,,,,,,,,,,,,,,,,,,,,,,,,,,,,,,,
935,체외충격파가격,660,"4,830","5,490",-,1,6,1,6,파워링크,AI 브리핑,비급여 정보,지식iN 의사 답변,브랜드 콘텐츠,네이버 가격비교,네이버플러스 스토어,이미지,뉴스,함께 많이 찾는,3,,,,,,,,,,,,,,,,,,,,,,,,,,,,,,,
936,체외충격파,"5,170","13,200","18,370",-,2,4,2,6,파워링크,AI 브리핑,비급여 정보,지식iN 의사 답변,건강·의학 브랜드 콘텐츠,네이버 클립,네이버 가격비교,네이버플러스 스토어,뉴스,함께 많이 찾는,3,,,,,,,,,,,,,,,,,,,,,,,,,,,,,,,
937,체어마사지기,70,830,900,-,0,1,0,6,파워링크,네이버 가격비교,네이버플러스 스토어,함께 많이 찾는,상품리뷰 인기글,웹문서,,,,,4,,,,,,,,,,,,,,,,,,,,,,,,,,,,,,,
938,체압분산방석,40,130,170,-,0,0,0,0,파워링크,네이버 가격비교,네이버플러스 스토어,함께 많이 찾는,웹문서,,,,,,4,,,,,,,,,,,,,,,,,,,,,,,,,,,,,,,
939,청훈메디,70,150,220,-,0,1,0,6,파워링크,네이버 가격비교,네이버플러스 스토어,함께 많이 찾는,관련문서,관련문서,웹문서,,,,🤔 보류,,,,,,,,,,,,,,,,,,,,,,,,,,,,,,,
940,청추나한의원,450,"1,680","2,130",-,0,1,0,6,파워링크,관련문서,이미지,함께 많이 찾는,관련문서,웹문서,,,,,3,,,,,,,,,,,,,,,,,,,,,,,,,,,,,,,
941,청주허리통증,60,140,200,-,3,7,3,7,파워링크,뉴스,동영상,함께 많이 찾는,관련문서,이미지,웹문서,,,,3,,,,,,,,,,,,,,,,,,,,,,,,,,,,,,,
942,청주허리전문병원,10,150,160,-,2,4,2,8,관련문서,함께 많이 찾는,동영상,이미지,뉴스,웹문서,,,,,3,,,,,,,,,,,,,,,,,,,,,,,,,,,,,,,
943,청주허리디스크,210,210,420,-,1,5,1,8,파워링크,뉴스,동영상,함께 많이 찾는,관련문서,이미지,웹문서,,,,3,,,,,,,,,,,,,,,,,,,,,,,,,,,,,,,
944,청주한의원추천,90,350,440,-,3,5,3,6,파워링크,관련문서,동영상,함께 많이 찾는,관련문서,이미지,웹문서,,,,3,,,,,,,,,,,,,,,,,,,,,,,,,,,,,,,
945,청주한의원,"1,580","3,660","5,240",-,2,5,2,5,파워링크,관련문서,함께 많이 찾는,관련문서,웹문서,,,,,,3,,,,,,,,,,,,,,,,,,,,,,,,,,,,,,,
946,청주한방병원,670,"1,460","2,130",-,1,4,1,3,파워링크,브랜드 콘텐츠,함께 많이 찾는,관련문서,웹문서,,,,,,3,,,,,,,,,,,,,,,,,,,,,,,,,,,,,,,
947,청주프라임병원,800,"3,590","4,390",-,0,0,0,2,관련문서,동영상,푸드 주제 네이버 메이트,이미지,함께 많이 찾는,관련문서,웹문서,,,,3,,,,,,,,,,,,,,,,,,,,,,,,,,,,,,,
948,청주통증의학과,90,650,740,-,0,4,0,6,파워링크,관련문서,동영상,뉴스,함께 많이 찾는,관련문서,웹문서,,,,3,,,,,,,,,,,,,,,,,,,,,,,,,,,,,,,
949,청주탑병원,"1,380","7,260","8,640",-,3,4,3,7,관련문서,동영상,이미지,함께 많이 찾는,관련문서,웹문서,,,,,3,,,,,,,,,,,,,,,,,,,,,,,,,,,,,,,
950,청주체형교정,60,250,310,-,2,2,2,10,파워링크,관련문서,동영상,이미지,함께 많이 찾는,관련문서,웹문서,,,,3,,,,,,,,,,,,,,,,,,,,,,,,,,,,,,,
951,청주척추전문병원,60,370,430,-,1,4,1,7,파워링크,함께 많이 찾는,관련문서,동영상,이미지,웹문서,,,,,3,,,,,,,,,,,,,,,,,,,,,,,,,,,,,,,
952,청주척추병원,80,120,200,-,3,3,3,6,파워링크,관련문서,동영상,뉴스,함께 많이 찾는,관련문서,이미지,웹문서,,,3,,,,,,,,,,,,,,,,,,,,,,,,,,,,,,,
953,청주정형외과추천,100,840,940,-,0,6,0,2,파워링크,함께 많이 찾는,건강·의학 인기글,웹문서,,,,,,,3,,,,,,,,,,,,,,,,,,,,,,,,,,,,,,,
954,청주정형외과,"1,140","4,960","6,100",-,1,8,1,4,파워링크,관련문서,함께 많이 찾는,관련문서,웹문서,,,,,,3,,,,,,,,,,,,,,,,,,,,,,,,,,,,,,,
955,청주재활의학과,60,240,300,-,0,5,0,3,파워링크,관련문서,함께 많이 찾는,관련문서,웹문서,,,,,,3,,,,,,,,,,,,,,,,,,,,,,,,,,,,,,,
956,청주재활병원,190,850,"1,040",-,2,5,2,5,파워링크,뉴스,동영상,함께 많이 찾는,관련문서,이미지,웹문서,,,,3,,,,,,,,,,,,,,,,,,,,,,,,,,,,,,,
957,청주신경외과,340,"1,570","1,910",-,1,3,1,7,파워링크,동영상,뉴스,함께 많이 찾는,관련문서,웹문서,,,,,3,,,,,,,,,,,,,,,,,,,,,,,,,,,,,,,
958,청주신경과,220,"1,120","1,340",-,2,4,2,5,파워링크,관련문서,동영상,뉴스,함께 많이 찾는,관련문서,웹문서,,,,3,,,,,,,,,,,,,,,,,,,,,,,,,,,,,,,
959,청주사랑인한의원,50,200,250,-,0,2,0,4,관련문서,파워링크,동영상,관련문서,이미지,웹문서,,,,,3,,,,,,,,,,,,,,,,,,,,,,,,,,,,,,,
960,청주본사랑정형외과,50,250,300,-,0,3,0,9,관련문서,동영상,함께 많이 찾는,관련문서,이미지,웹문서,,,,,3,,,,,,,,,,,,,,,,,,,,,,,,,,,,,,,
961,청주복대동한의원,40,200,240,-,2,4,2,8,파워링크,관련문서,동영상,함께 많이 찾는,관련문서,웹문서,,,,,3,,,,,,,,,,,,,,,,,,,,,,,,,,,,,,,
962,청주복대동주위추나한의원,5,100,105,-,1,0,1,6,파워링크,관련문서,동영상,관련문서,웹문서,,,,,,3,,,,,,,,,,,,,,,,,,,,,,,,,,,,,,,
963,청주복대동근처추나한의원,5,100,105,-,0,0,0,8,파워링크,관련문서,관련문서,웹문서,,,,,,,3,,,,,,,,,,,,,,,,,,,,,,,,,,,,,,,
964,청주물리치료,40,220,260,-,2,5,2,4,파워링크,동영상,관련문서,이미지,뉴스,함께 많이 찾는,관련문서,웹문서,,,3,,,,,,,,,,,,,,,,,,,,,,,,,,,,,,,
965,청주마취통증의학과,40,170,210,-,0,4,0,4,파워링크,관련문서,동영상,함께 많이 찾는,관련문서,웹문서,,,,,3,,,,,,,,,,,,,,,,,,,,,,,,,,,,,,,
966,청주마디사랑병원,230,"1,800","2,030",-,0,1,0,4,관련문서,동영상,이미지,함께 많이 찾는,관련문서,웹문서,,,,,3,,,,,,,,,,,,,,,,,,,,,,,,,,,,,,,
967,청주도수치료추천,5,280,285,-,3,7,3,7,파워링크,관련문서,동영상,관련문서,이미지,웹문서,,,,,3,,,,,,,,,,,,,,,,,,,,,,,,,,,,,,,
968,청주금천동정형외과,20,260,280,-,0,4,0,6,파워링크,관련문서,동영상,함께 많이 찾는,관련문서,웹문서,,,,,3,,,,,,,,,,,,,,,,,,,,,,,,,,,,,,,
969,청주교통사고한의원,370,50,420,-,2,7,2,5,파워링크,관련문서,동영상,이미지,관련문서,웹문서,,,,,3,,,,,,,,,,,,,,,,,,,,,,,,,,,,,,,
970,청주교통사고한방병원,100,270,370,-,3,3,3,7,파워링크,관련문서,동영상,관련문서,이미지,웹문서,,,,,3,,,,,,,,,,,,,,,,,,,,,,,,,,,,,,,
971,청주교통사고입원,110,40,150,-,2,4,2,5,파워링크,관련문서,동영상,관련문서,이미지,웹문서,,,,,3,,,,,,,,,,,,,,,,,,,,,,,,,,,,,,,
972,청주교통사고병원,180,280,460,-,2,3,2,6,파워링크,관련문서,이미지,동영상,뉴스,관련문서,웹문서,,,,3,,,,,,,,,,,,,,,,,,,,,,,,,,,,,,,
973,청주MRI,20,140,160,-,3,4,3,6,파워링크,관련문서,동영상,뉴스,함께 많이 찾는,관련문서,이미지,웹문서,,,3,,,,,,,,,,,,,,,,,,,,,,,,,,,,,,,
974,청소년척추측만증병원,20,190,210,-,2,3,2,3,파워링크,AI 브리핑,건강 주제 네이버 메이트,관련문서,함께 많이 찾는,관련문서,이미지,웹문서,,,3,,,,,,,,,,,,,,,,,,,,,,,,,,,,,,,
975,청소년자세교정,10,140,150,-,2,4,2,3,파워링크,관련문서,네이버 가격비교,네이버플러스 스토어,이미지,함께 많이 찾는,관련문서,웹문서,,,4,,,,,,,,,,,,,,,,,,,,,,,,,,,,,,,
976,청라한의원추천,30,100,130,-,0,5,0,6,파워링크,관련문서,네이버 클립,관련문서,이미지,웹문서,,,,,3,,,,,,,,,,,,,,,,,,,,,,,,,,,,,,,
977,청라정형외과,750,"3,290","4,040",-,2,4,2,4,파워링크,관련문서,함께 많이 찾는,관련문서,웹문서,,,,,,3,,,,,,,,,,,,,,,,,,,,,,,,,,,,,,,
978,청담정형외과,160,920,"1,080",-,2,5,2,5,파워링크,네이버 클립,이미지,함께 많이 찾는,관련문서,웹문서,,,,,3,,,,,,,,,,,,,,,,,,,,,,,,,,,,,,,
979,청담우리들병원,"1,330","6,940","8,270",-,3,5,3,4,파워링크,관련문서,네이버 클립,함께 많이 찾는,관련문서,이미지,웹문서,,,,3,,,,,,,,,,,,,,,,,,,,,,,,,,,,,,,
980,청담마디신경외과,110,690,800,-,0,2,0,3,파워링크,관련문서,네이버 클립,함께 많이 찾는,관련문서,이미지,웹문서,,,,3,,,,,,,,,,,,,,,,,,,,,,,,,,,,,,,
981,청담동정형외과,80,340,420,-,0,4,0,4,파워링크,동영상,함께 많이 찾는,관련문서,웹문서,,,,,,3,,,,,,,,,,,,,,,,,,,,,,,,,,,,,,,
982,청담동우리들병원,90,"1,300","1,390",-,0,0,0,4,파워링크,관련문서,네이버 클립,뉴스,함께 많이 찾는,관련문서,이미지,웹문서,,,3,,,,,,,,,,,,,,,,,,,,,,,,,,,,,,,
983,철심제거수술,90,880,970,-,7,4,7,3,AI 브리핑,건강 주제 네이버 메이트,관련문서,파워링크,이미지,함께 많이 찾는,관련문서,웹문서,,,3,,,,,,,,,,,,,,,,,,,,,,,,,,,,,,,
984,철봉허리견인기,20,200,220,-,0,1,0,4,네이버 가격비교,네이버플러스 스토어,함께 많이 찾는,건강 주제 네이버 메이트,관련문서,관련문서,파워링크,이미지,웹문서,,4,,,,,,,,,,,,,,,,,,,,,,,,,,,,,,,
985,천호역한의원,220,280,500,-,1,2,1,5,파워링크,관련문서,동영상,함께 많이 찾는,관련문서,웹문서,,,,,3,,,,,,,,,,,,,,,,,,,,,,,,,,,,,,,
986,천장관절증후군치료,40,80,120,-,2,6,2,4,AI 브리핑,건강 주제 네이버 메이트,관련문서,파워링크,함께 많이 찾는,관련문서,이미지,웹문서,,,3,,,,,,,,,,,,,,,,,,,,,,,,,,,,,,,
987,천장관절증후군,400,"2,360","2,760",-,2,5,2,6,파워링크,AI 브리핑,건강 주제 네이버 메이트,건강·의학 브랜드 콘텐츠,인플루언서서비스 홈 바로가기,이미지,함께 많이 찾는,관련문서,웹문서,,2,,,,,,,,,,,,,,,,,,,,,,,,,,,,,,,
988,천장관절염,270,"1,320","1,590",-,0,5,0,5,파워링크,AI 브리핑,건강 주제 네이버 메이트,인플루언서서비스 홈 바로가기,이미지,함께 많이 찾는,관련문서,웹문서,,,2,,,,,,,,,,,,,,,,,,,,,,,,,,,,,,,
989,천장관절,"1,200","3,750","4,950",-,2,5,2,5,파워링크,AI 브리핑,건강 주제 네이버 메이트,건강·의학 브랜드 콘텐츠,네이버 클립,인플루언서서비스 홈 바로가기,이미지,함께 많이 찾는,관련문서,웹문서,1,,,,,,,,,,,,,,,,,,,,,,,,,,,,,,,
990,천안허리통증병원,50,60,110,-,2,6,2,7,파워링크,관련문서,동영상,관련문서,이미지,웹문서,,,,,3,,,,,,,,,,,,,,,,,,,,,,,,,,,,,,,
991,천안허리통증,70,80,150,-,3,7,3,7,파워링크,관련문서,브랜드 콘텐츠,동영상,함께 많이 찾는,관련문서,이미지,웹문서,,,2,,,,,,,,,,,,,,,,,,,,,,,,,,,,,,,
992,천안허리병원,60,80,140,-,2,4,2,4,파워링크,관련문서,브랜드 콘텐츠,동영상,함께 많이 찾는,관련문서,이미지,웹문서,,,3,,,,,,,,,,,,,,,,,,,,,,,,,,,,,,,
993,천안허리디스크,290,270,560,-,1,4,1,6,파워링크,관련문서,브랜드 콘텐츠,동영상,이미지,함께 많이 찾는,관련문서,웹문서,,,2,,,,,,,,,,,,,,,,,,,,,,,,,,,,,,,
994,천안한의원추천,40,260,300,-,3,5,3,6,파워링크,관련문서,동영상,관련문서,이미지,웹문서,,,,,3,,,,,,,,,,,,,,,,,,,,,,,,,,,,,,,
995,천안한의원,"1,100","1,760","2,860",-,2,6,2,6,파워링크,관련문서,동영상,함께 많이 찾는,관련문서,웹문서,,,,,3,,,,,,,,,,,,,,,,,,,,,,,,,,,,,,,
996,천안한방병원,800,"1,610","2,410",-,2,4,2,4,파워링크,관련문서,함께 많이 찾는,관련문서,웹문서,,,,,,3,,,,,,,,,,,,,,,,,,,,,,,,,,,,,,,
997,천안통증의학과,150,600,750,-,2,2,2,3,파워링크,관련문서,네이버 클립,뉴스,함께 많이 찾는,관련문서,웹문서,,,,3,,,,,,,,,,,,,,,,,,,,,,,,,,,,,,,
998,천안추나요법,100,70,170,-,0,4,0,4,파워링크,건강·의학 인기글,웹문서,,,,,,,,3,,,,,,,,,,,,,,,,,,,,,,,,,,,,,,,
999,천안체형교정,70,270,340,-,1,5,1,10,파워링크,관련문서,브랜드 콘텐츠,동영상,이미지,함께 많이 찾는,관련문서,웹문서,,,3,,,,,,,,,,,,,,,,,,,,,,,,,,,,,,,
1000,천안척추전문병원,30,150,180,-,1,3,1,7,파워링크,관련문서,동영상,뉴스,함께 많이 찾는,관련문서,이미지,웹문서,,,3,,,,,,,,,,,,,,,,,,,,,,,,,,,,,,,
1001,천안종합병원,130,630,760,-,1,3,1,3,파워링크,관련문서,동영상,뉴스,함께 많이 찾는,관련문서,웹문서,,,,3,,,,,,,,,,,,,,,,,,,,,,,,,,,,,,,
1002,천안정형외과추천,360,"1,140","1,500",-,0,5,0,4,파워링크,함께 많이 찾는,건강·의학 인기글,웹문서,,,,,,,3,,,,,,,,,,,,,,,,,,,,,,,,,,,,,,,
1003,천안정형외과,"1,800","5,570","7,370",-,0,10,0,4,파워링크,건강·의학 브랜드 콘텐츠,관련문서,함께 많이 찾는,관련문서,웹문서,,,,,3,,,,,,,,,,,,,,,,,,,,,,,,,,,,,,,
1004,천안재활,30,570,600,-,0,5,0,6,파워링크,이미지,동영상,뉴스,함께 많이 찾는,관련문서,웹문서,,,,3,,,,,,,,,,,,,,,,,,,,,,,,,,,,,,,
1005,천안우리병원,"1,840","7,750","9,590",-,0,2,0,3,파워링크,관련문서,동영상,이미지,뉴스,함께 많이 찾는,관련문서,웹문서,,,3,,,,,,,,,,,,,,,,,,,,,,,,,,,,,,,
1006,천안연세나무병원,380,"3,110","3,490",-,0,5,0,4,관련문서,동영상,이미지,함께 많이 찾는,관련문서,웹문서,,,,,3,,,,,,,,,,,,,,,,,,,,,,,,,,,,,,,
1007,천안야간진료병원,20,230,250,-,2,3,2,5,파워링크,관련문서,동영상,뉴스,함께 많이 찾는,관련문서,웹문서,,,,3,,,,,,,,,,,,,,,,,,,,,,,,,,,,,,,
1008,천안야간진료,50,330,380,-,0,6,0,1,파워링크,함께 많이 찾는,건강·의학 인기글,웹문서,,,,,,,3,,,,,,,,,,,,,,,,,,,,,,,,,,,,,,,
1009,천안신경외과,300,"1,140","1,440",-,0,5,0,4,파워링크,관련문서,브랜드 콘텐츠,동영상,함께 많이 찾는,관련문서,웹문서,,,,3,,,,,,,,,,,,,,,,,,,,,,,,,,,,,,,
1010,천안센텀정형외과,180,780,960,-,0,3,0,6,관련문서,동영상,함께 많이 찾는,관련문서,웹문서,,,,,,3,,,,,,,,,,,,,,,,,,,,,,,,,,,,,,,
1011,천안센텀신경외과,20,230,250,-,0,5,0,5,관련문서,동영상,뉴스,함께 많이 찾는,관련문서,웹문서,,,,,3,,,,,,,,,,,,,,,,,,,,,,,,,,,,,,,
1012,천안서울대정병원,600,"6,560","7,160",-,0,1,0,2,파워링크,관련문서,동영상,이미지,함께 많이 찾는,관련문서,웹문서,,,,3,,,,,,,,,,,,,,,,,,,,,,,,,,,,,,,
1013,천안본정형외과,370,"2,010","2,380",-,0,4,0,2,파워링크,관련문서,동영상,함께 많이 찾는,관련문서,이미지,웹문서,,,,3,,,,,,,,,,,,,,,,,,,,,,,,,,,,,,,
1014,천안물리치료,20,170,190,-,1,3,1,9,파워링크,관련문서,동영상,뉴스,함께 많이 찾는,관련문서,이미지,웹문서,,,3,,,,,,,,,,,,,,,,,,,,,,,,,,,,,,,
1015,천안마취통증의학과,40,160,200,-,0,4,0,4,파워링크,관련문서,동영상,뉴스,함께 많이 찾는,관련문서,웹문서,,,,3,,,,,,,,,,,,,,,,,,,,,,,,,,,,,,,
1016,천안디스크,80,80,160,-,0,6,0,1,파워링크,함께 많이 찾는,건강·의학 인기글,웹문서,,,,,,,2,,,,,,,,,,,,,,,,,,,,,,,,,,,,,,,
1017,천안도수치료,280,630,910,-,1,6,1,5,파워링크,관련문서,네이버 클립,함께 많이 찾는,관련문서,이미지,웹문서,,,,3,,,,,,,,,,,,,,,,,,,,,,,,,,,,,,,
1018,천안대정병원,300,"3,150","3,450",-,0,4,0,6,관련문서,파워링크,동영상,함께 많이 찾는,관련문서,이미지,웹문서,,,,3,,,,,,,,,,,,,,,,,,,,,,,,,,,,,,,
1019,천안교통사고한의원,410,220,630,-,0,5,0,3,파워링크,건강·의학 인기글,웹문서,,,,,,,,3,,,,,,,,,,,,,,,,,,,,,,,,,,,,,,,
1020,천안교통사고한방병원,110,160,270,-,2,4,2,7,파워링크,관련문서,동영상,관련문서,웹문서,,,,,,3,,,,,,,,,,,,,,,,,,,,,,,,,,,,,,,
1021,천안교통사고병원,420,760,"1,180",-,2,5,2,8,파워링크,관련문서,동영상,뉴스,관련문서,웹문서,,,,,3,,,,,,,,,,,,,,,,,,,,,,,,,,,,,,,
1022,천안관절병원,100,50,150,-,2,5,2,5,파워링크,관련문서,브랜드 콘텐츠,동영상,뉴스,관련문서,이미지,웹문서,,,3,,,,,,,,,,,,,,,,,,,,,,,,,,,,,,,
1023,천골,"1,170","3,390","4,560",-,2,2,2,7,파워링크,AI 브리핑,이미지,함께 많이 찾는,관련문서,최신 콘텐츠노출기준,웹문서,,,,1,,,,,,,,,,,,,,,,,,,,,,,,,,,,,,,
1024,척추후방전위증,60,260,320,-,2,1,2,5,AI 브리핑,건강 주제 네이버 메이트,파워링크,이미지,함께 많이 찾는,관련문서,웹문서,,,,2,,,,,,,,,,,,,,,,,,,,,,,,,,,,,,,
1025,척추후만증,350,"1,410","1,760",-,3,1,3,6,파워링크,AI 브리핑,함께 찾는 질병,건강·의학 브랜드 콘텐츠,이미지,함께 많이 찾는,관련문서,네이버 가격비교,네이버플러스 스토어,웹문서,2,,,,,,,,,,,,,,,,,,,,,,,,,,,,,,,
1026,척추협착증치료방법,20,130,150,-,4,3,4,5,파워링크,AI 브리핑,건강 소식하단 정보 열고 닫기 버튼,진료 관련 통계하단 정보 열고 닫기 버튼,함께 찾는 질병,브랜드 콘텐츠,이미지,함께 많이 찾는,관련문서,웹문서,3,,,,,,,,,,,,,,,,,,,,,,,,,,,,,,,
1027,척추협착증증상,270,"1,690","1,960",-,3,11,3,5,파워링크,AI 브리핑,건강 소식하단 정보 열고 닫기 버튼,진료 관련 통계하단 정보 열고 닫기 버튼,함께 찾는 질병,관련 경험 카페글,척추협착증증상' 브랜드 콘텐츠,네이버 클립,인플루언서서비스 홈 바로가기,이미지,2,,,,,,,,,,,,,,,,,,,,,,,,,,,,,,,
1028,척추협착증원인,60,460,520,-,4,3,4,5,파워링크,AI 브리핑,건강 소식하단 정보 열고 닫기 버튼,진료 관련 통계하단 정보 열고 닫기 버튼,함께 찾는 질병,브랜드 콘텐츠,이미지,뉴스,함께 많이 찾는,관련문서,2,,,,,,,,,,,,,,,,,,,,,,,,,,,,,,,
1029,척추협착증운동법,30,400,430,-,2,4,2,6,AI 브리핑,건강 주제 네이버 메이트,파워링크,이미지,함께 많이 찾는,관련문서,웹문서,,,,2,,,,,,,,,,,,,,,,,,,,,,,,,,,,,,,
1030,척추협착증운동,190,"1,220","1,410",-,3,5,3,6,파워링크,브랜드 콘텐츠,네이버 클립,건강 주제 네이버 메이트,네이버 가격비교,네이버플러스 스토어,이미지,함께 많이 찾는,관련문서,뉴스,2,,,,,,,,,,,,,,,,,,,,,,,,,,,,,,,
1031,척추협착증에좋은운동,10,200,210,-,3,5,3,6,파워링크,건강 주제 네이버 메이트,이미지,함께 많이 찾는,관련문서,웹문서,,,,,2,,,,,,,,,,,,,,,,,,,,,,,,,,,,,,,
1032,척추협착증시술비용,20,100,120,-,1,8,1,6,파워링크,AI 브리핑,건강 주제 네이버 메이트,관련문서,함께 많이 찾는,관련문서,이미지,웹문서,,,3,,,,,,,,,,,,,,,,,,,,,,,,,,,,,,,
1033,척추협착증시술,50,380,430,-,2,4,2,6,파워링크,건강 주제 네이버 메이트,브랜드 콘텐츠,인플루언서서비스 홈 바로가기,이미지,함께 많이 찾는,관련문서,웹문서,,,3,,,,,,,,,,,,,,,,,,,,,,,,,,,,,,,
1034,척추협착증수술비용,50,150,200,-,1,7,1,6,파워링크,관련문서,브랜드 콘텐츠,함께 많이 찾는,관련문서,이미지,웹문서,,,,3,,,,,,,,,,,,,,,,,,,,,,,,,,,,,,,
1035,척추협착증수술,150,780,930,-,2,4,2,5,파워링크,건강 주제 네이버 메이트,네이버 클립,건강·의학 브랜드 콘텐츠,이미지,함께 많이 찾는,관련문서,네이버 가격비교,네이버플러스 스토어,웹문서,3,,,,,,,,,,,,,,,,,,,,,,,,,,,,,,,
1036,척추협착증명의,130,600,730,-,1,8,1,4,파워링크,건강 주제 네이버 메이트,관련문서,건강·의학 브랜드 콘텐츠,함께 많이 찾는,관련문서,이미지,웹문서,,,3,,,,,,,,,,,,,,,,,,,,,,,,,,,,,,,
1037,척추협착증,"1,490","10,200","11,690",-,3,8,3,4,파워링크,AI 브리핑,건강 소식하단 정보 열고 닫기 버튼,진료 관련 통계하단 정보 열고 닫기 버튼,지식iN 의사 답변,함께 찾는 질병,관련 경험 카페글,네이버 클립,척추협착증' 브랜드 콘텐츠,네이버 가격비교,2,,,,,,,,,,,,,,,,,,,,,,,,,,,,,,,
1038,척추협착,180,360,540,-,2,4,2,6,파워링크,건강 주제 네이버 메이트,이미지,함께 많이 찾는,관련문서,웹문서,,,,,2,,,,,,,,,,,,,,,,,,,,,,,,,,,,,,,
1039,척추풍선확장술,90,360,450,-,2,4,2,3,파워링크,AI 브리핑,건강 주제 네이버 메이트,이미지,함께 많이 찾는,관련문서,웹문서,,,,3,,,,,,,,,,,,,,,,,,,,,,,,,,,,,,,
1040,척추통증,70,470,540,-,3,4,3,4,파워링크,AI 브리핑,브랜드 콘텐츠,네이버 클립,인플루언서서비스 홈 바로가기,이미지,함께 많이 찾는,관련문서,웹문서,,2,,,,,,,,,,,,,,,,,,,,,,,,,,,,,,,
1041,척추쿠션,30,80,110,-,0,0,0,1,파워링크,네이버 가격비교,네이버플러스 스토어,함께 많이 찾는,이미지,웹문서,,,,,4,,,,,,,,,,,,,,,,,,,,,,,,,,,,,,,
1042,척추측만증치료,180,"1,490","1,670",-,3,9,3,5,파워링크,AI 브리핑,건강 소식,함께 찾는 질병,관련 경험 카페글,척추측만증치료' 브랜드 콘텐츠,네이버 클립,네이버 가격비교,네이버플러스 스토어,이미지,3,,,,,,,,,,,,,,,,,,,,,,,,,,,,,,,
1043,척추측만증증상,140,"1,540","1,680",-,3,8,3,7,파워링크,AI 브리핑,건강 소식,함께 찾는 질병,관련 경험 카페글,척추측만증증상' 브랜드 콘텐츠,네이버 클립,인플루언서서비스 홈 바로가기,이미지,뉴스,2,,,,,,,,,,,,,,,,,,,,,,,,,,,,,,,
1044,척추측만증의자,20,110,130,-,2,4,2,9,파워링크,네이버 가격비교,네이버플러스 스토어,관련문서,동영상,함께 많이 찾는,관련문서,이미지,웹문서,,4,,,,,,,,,,,,,,,,,,,,,,,,,,,,,,,
1045,척추측만증원인,90,640,730,-,3,6,3,7,AI 브리핑,건강 소식,함께 찾는 질병,척추측만증 초기 증상과 관리 방법,파워링크,네이버 클립,이미지,뉴스,함께 많이 찾는,관련문서,2,,,,,,,,,,,,,,,,,,,,,,,,,,,,,,,
1046,척추측만증운동,430,"2,870","3,300",-,3,4,3,7,파워링크,건강·의학 브랜드 콘텐츠,네이버 클립,건강 주제 네이버 메이트,네이버 가격비교,네이버플러스 스토어,이미지,함께 많이 찾는,관련문서,웹문서,2,,,,,,,,,,,,,,,,,,,,,,,,,,,,,,,
1047,척추측만증스트레칭,20,110,130,-,2,5,2,4,AI 브리핑,건강 주제 네이버 메이트,파워링크,네이버 가격비교,네이버플러스 스토어,이미지,함께 많이 찾는,관련문서,웹문서,,2,,,,,,,,,,,,,,,,,,,,,,,,,,,,,,,
1048,척추측만증수술후기,10,180,190,-,2,5,2,4,관련문서,파워링크,함께 많이 찾는,관련문서,동영상,이미지,웹문서,,,,3,,,,,,,,,,,,,,,,,,,,,,,,,,,,,,,
1049,척추측만증수술,120,860,980,-,3,5,3,3,파워링크,건강 주제 네이버 메이트,네이버 클립,브랜드 콘텐츠,이미지,뉴스,함께 많이 찾는,관련문서,웹문서,,3,,,,,,,,,,,,,,,,,,,,,,,,,,,,,,,
1050,척추측만증보조기,90,690,780,-,1,1,1,6,파워링크,네이버 가격비교,네이버플러스 스토어,관련문서,이미지,함께 많이 찾는,관련문서,웹문서,,,4,,,,,,,,,,,,,,,,,,,,,,,,,,,,,,,
1051,척추측만증도수치료,50,250,300,-,4,5,4,4,파워링크,AI 브리핑,건강 주제 네이버 메이트,관련문서,이미지,함께 많이 찾는,관련문서,웹문서,,,3,,,,,,,,,,,,,,,,,,,,,,,,,,,,,,,
1052,척추측만증교정운동,60,170,230,-,3,3,3,5,파워링크,건강 주제 네이버 메이트,관련문서,브랜드 콘텐츠,인플루언서서비스 홈 바로가기,네이버 가격비교,네이버플러스 스토어,이미지,함께 많이 찾는,관련문서,2,,,,,,,,,,,,,,,,,,,,,,,,,,,,,,,
1053,척추측만증교정기,280,"1,990","2,270",-,0,5,0,2,파워링크,네이버 가격비교,네이버플러스 스토어,함께 많이 찾는,인플루언서서비스 홈 바로가기,건강·의학 인기글,웹문서,,,,4,,,,,,,,,,,,,,,,,,,,,,,,,,,,,,,
1054,척추측만증교정,110,520,630,-,2,5,2,5,파워링크,건강 주제 네이버 메이트,네이버 클립,브랜드 콘텐츠,네이버 가격비교,네이버플러스 스토어,함께 많이 찾는,관련문서,이미지,웹문서,3,,,,,,,,,,,,,,,,,,,,,,,,,,,,,,,
1055,척추측만증검사,60,200,260,-,3,4,3,4,파워링크,함께 많이 찾는,관련문서,이미지,웹문서,,,,,,3,,,,,,,,,,,,,,,,,,,,,,,,,,,,,,,
1056,척추측만증,"2,810","21,800","24,610",-,3,8,3,6,파워링크,AI 브리핑,건강 소식,지식iN 의사 답변,함께 찾는 질병,관련 경험 카페글,인플루언서서비스 홈 바로가기,네이버 클립,척추측만증' 브랜드 콘텐츠,네이버 가격비교,2,,,,,,,,,,,,,,,,,,,,,,,,,,,,,,,
1057,척추측만교정,30,160,190,-,3,5,3,6,파워링크,네이버 가격비교,네이버플러스 스토어,이미지,함께 많이 찾는,관련문서,네이버 클립,웹문서,,,3,,,,,,,,,,,,,,,,,,,,,,,,,,,,,,,
1058,척추측만,160,720,880,-,2,4,2,5,파워링크,AI 브리핑,건강 소식,지식iN 의사 답변,함께 찾는 질병,네이버 가격비교,네이버플러스 스토어,네이버 클립,이미지,뉴스,2,,,,,,,,,,,,,,,,,,,,,,,,,,,,,,,
1059,척추질환환우모임카페,5,140,145,-,0,7,0,8,관련문서,함께 많이 찾는,관련문서,뉴스,웹문서,,,,,,2,,,,,,,,,,,,,,,,,,,,,,,,,,,,,,,
1060,척추질환환우모임,330,880,"1,210",-,0,7,0,6,관련문서,함께 많이 찾는,관련문서,뉴스,웹문서,,,,,,2,,,,,,,,,,,,,,,,,,,,,,,,,,,,,,,
1061,척추주사치료,10,100,110,-,2,4,2,5,파워링크,AI 브리핑,건강 주제 네이버 메이트,관련문서,이미지,함께 많이 찾는,관련문서,웹문서,,,3,,,,,,,,,,,,,,,,,,,,,,,,,,,,,,,
1062,척추정형외과,20,130,150,-,2,5,2,7,파워링크,브랜드 콘텐츠,네이버 클립,이미지,함께 많이 찾는,관련문서,웹문서,,,,3,,,,,,,,,,,,,,,,,,,,,,,,,,,,,,,
1063,척추전방전위증운동,120,"1,160","1,280",-,3,5,3,5,파워링크,건강 주제 네이버 메이트,이미지,함께 많이 찾는,관련문서,웹문서,,,,,2,,,,,,,,,,,,,,,,,,,,,,,,,,,,,,,
1064,척추전방전위증수술,60,440,500,-,2,4,2,7,파워링크,AI 브리핑,건강 주제 네이버 메이트,브랜드 콘텐츠,이미지,함께 많이 찾는,관련문서,웹문서,,,3,,,,,,,,,,,,,,,,,,,,,,,,,,,,,,,
1065,척추전방전위증명의,20,110,130,-,0,5,0,5,파워링크,AI 브리핑,건강 주제 네이버 메이트,관련문서,함께 많이 찾는,관련문서,이미지,웹문서,,,3,,,,,,,,,,,,,,,,,,,,,,,,,,,,,,,
1066,척추전방전위증,"1,220","7,510","8,730",-,2,4,2,7,파워링크,건강 주제 네이버 메이트,건강·의학 브랜드 콘텐츠,이미지,함께 많이 찾는,관련문서,네이버 가격비교,네이버플러스 스토어,웹문서,,,,,,,,,,,,,,,,,,,,,,,,,,,,,,,,,
1067,척추전방위증,110,620,730,-,2,4,2,6,파워링크,AI 브리핑,건강 주제 네이버 메이트,이미지,함께 많이 찾는,관련문서,웹문서,,,,,,,,,,,,,,,,,,,,,,,,,,,,,,,,,,,
1068,척추전문병원,280,"1,590","1,870",-,2,5,2,4,파워링크,인플루언서서비스 홈 바로가기,건강·의학 브랜드 콘텐츠,이미지,뉴스,함께 많이 찾는,관련문서,웹문서,,,,,,,,,,,,,,,,,,,,,,,,,,,,,,,,,,
1069,척추전만증,230,"1,320","1,550",-,3,3,3,7,파워링크,AI 브리핑,함께 찾는 질병,인플루언서서비스 홈 바로가기,이미지,함께 많이 찾는,관련문서,웹문서,,,,,,,,,,,,,,,,,,,,,,,,,,,,,,,,,,
1070,척추인대재건술비용,10,110,120,-,0,5,0,6,파워링크,"선수촌병원www.sunsoochon.com›bbs전방십자인대 재건술 비용, 입원 등 궁금한 것들 > 무릎통증 게시판2026.04.29.■ 전방십자인대 재건술 비용, 입원 등 궁금한 것들 ■ 요즘 길에서 러닝을 하는 분들을 쉽게 찾아볼 수 있습니다. 축구나 농구같은 경우에는 워낙 접근성이 좋다 보니 누구나 쉽게 할 수 있죠. 이처럼 활동량이 늘어나면 부상의 위험도 함께 높아지므로 주의해야 돼요. 운동을 하다 보면 무릎을 다치기 쉬운데 전방십자인대가 파열됐다고 하면 운동선수들이나 겪는 일로 여기는 ....청담 우리들병원cheongdam.wooridul.co.kr›treat4단계 : 내시경 협착증 시술신경외과적으로 허리 통증은 ; 염좌(Sprain), 디스크(Disc Bulging/Herniation), 추간공디스크(Foraminal Disc Herniation), 퇴행성추간판질환(Degenerative Disc Disease), 협착증(Spinal Stenosis), 척추전방전위증(Spondylolisthesis), 척추분리증(Spondylolysis), 골절(Fracture), 후관절낭종(Facet Cyst), 종양(Tumor), 측만증(Scoliosis) 등과 같은 다양한 질환들에 의해 발생할 수 있습니다.해피라니2026.02.01.수술후 3일차,디스크 척추관협착증수술,원포인트 척추인대재건술 후기 정리디스크·척추관협착증수술 후 3일차,원포인트 척추인대재건술 후기 정리 수술날짜 2026년 1월 28일 수요일입원 29일수술 30일 퇴원 수술병원 광화문 우리본정형외과 대표원장 의학박사 김경환 수술은 두곳 디스크 수술과 척추관협착증 수술 디스크파열 신경 협착증 증상 디스크(추간판 탈출증) 수술이란? 디스크 수술은 신경을 누르고 있는 튀어나온 디스크 조각을 제거해...8우리들병원blog.naver.com›cheongdamwrd허리협착증증상 황색인대제거술로 해결될 수 있을까(#척추인대재건술)2025.07.10.이때 황색인대제거술(척추인대재건술)을 통해 눌린 신경을 풀어주게 됩니다. 두꺼워진 황색인대를 제거함으로써 압박된 신경을 풀어주는 감압효과를 얻게 됩니다. 두꺼워진 황색인대를 제거함으로써 일부 인대 기능이 사라질 수 있지만, 구조적 안정성에는 큰 영향을 주지 않습니다. 다만 후궁이나 관절 등 주변 구조물이 함께 제거하게 될 경우에는 불안정성이 생길...우리들병원www.wooridul.co.kr›medical허리(요추) - 척추는 우리들병원신경외과적으로 허리 통증은 ; 염좌(Sprain), 디스크(Disc Bulging/Herniation), 추간공디스크(Foraminal Disc Herniation), 퇴행성추간판질환(Degenerative Disc Disease), 협착증(Spinal Stenosis), 척추전방전위증(Spondylolisthesis), 척추분리증(Spondylolysis), 골절(Fracture), 후관절낭종(Facet Cyst), 종양(Tumor), 측만증(Scoliosis) 등과 같은 다양한 질환들에 의해 발생할 수 있습니다.",함께 많이 찾는,관련문서,이미지,웹문서,,,,,,,,,,,,,,,,,,,,,,,,,,,,,,,,,,,,
1071,척추의료기기,10,100,110,-,0,0,0,0,파워링크,네이버 가격비교,네이버플러스 스토어,건강 주제 네이버 메이트,함께 많이 찾는,웹문서,,,,,,,,,,,,,,,,,,,,,,,,,,,,,,,,,,,,
1072,척추유합술후운동,5,100,105,-,2,3,2,4,AI 브리핑,건강 주제 네이버 메이트,"연세고든병원www.ysgodn.co.kr›r40척추 유합술 - 연세고든병원손상된 뼈와 인대조직을 제거하고 디스크의 역할을 할 인조케이지를 삽입한 후 나사못으로 고정하는 수술로 보통 척추관협착증이나 척추전방전위증 등을 겪는 환자들은 좁아진 척추관을 넓히는 방법인 신경감압술을 시행하게 됩니다. 하지만 신경 압박 범위 자체가 광범위하게 넓은 환자의 경우에는 뼈나 관절의 절제 부위가 늘어나기 때문에 가 오히려 불안정해질 수 있.....www.mokhuri.com›02_vertebra척추수술(척추유합술) 후 재활치료척추관협착증이나 허리디스크 재발 등으로 인해 척추수술, 특히 척추유합술을 받으셨다면 수술 후에 한방재활치료를 꼭 받는 것이 좋습니다. 척추유합술 후 한방재활치료를 받으시면 회복이 더 빨라져서 수술의 효과를 더 높일 수도 있고, 또 수술 이후에 남을 수 있는 여러 가지 증상이나 통증도 완화시킬 수 있습니다. 이에 재활치료를 꼭 받아야 하는 이유와 ......산타아저씨2026.06.24.강남 재활 운동 센터 척추 유합술 허리 수술 후기&재활 운동법!(강남 도곡동 PT 스토리) 오늘은 요통이나 다리 저림이 심해 허리 수술을 앞두고 있는 분들에게는 수술했던 환자분들에 이야기와 이미 수술을 했던 분들에게는 수술 후 관리할 수 있는 재활 운동 방법을 강남 재활 운동 센터에서 알려드리겠습니다. 척추유합술이나 허리 수술하면 아팠던 증상들이 사라질까요?! 터진 디스크가 다시 재생되고 완치가 되는지? 수술만 하면...21척추전방전위증에 좋은 운동법 vs 나쁜 운동[강남 재활pt 칼럼]바른생각병원www.barunmind.com›contents척추 유합술(고정술) 후 관리법흔들리고 어긋난 척추를 고정하여 마디를 튼튼하게 고정하는 수술법입니다. 척추는 마디와 마디가 서로 연결된 유기적인 구조로 서로 어긋나거나 내려 앉으면 척추관협착증, 추간판 탈출증, 척추전방전위증, 척추불안정증 등 각종 척추질환이 발생합니다. 척추 유합술은 이러한 질환들로 인해 통증을 유발하는 신경을 풀어주고, 마디를 튼튼하게 연결하여 고정하는 수술법입니....비즈넵 세나ai.bznav.com›contents척추 유합술 후 운동 범위 제한 비율은 어떻게 계산되나요?척추 유합술 후 운동 범위 제한 비율은 수술로 인해 고정된 척추 분절의 운동 기능 상실을 기준으로 산출됩니다. 일반적으로 다음과 같은 원리에 따라 계산됩니다.",파워링크,함께 많이 찾는,관련문서,이미지,웹문서,,,,,,,,,,,,,,,,,,,,,,,,,,,,,,,,,,
1073,척추유합술후기,40,350,390,-,1,4,1,7,AI 브리핑,건강 주제 네이버 메이트,관련문서,파워링크,동영상,함께 많이 찾는,관련문서,이미지,웹문서,,,,,,,,,,,,,,,,,,,,,,,,,,,,,,,,,
1074,척추유합술회복기간,10,200,210,-,2,3,2,5,AI 브리핑,건강 주제 네이버 메이트,관련문서,파워링크,함께 많이 찾는,관련문서,이미지,웹문서,,,,,,,,,,,,,,,,,,,,,,,,,,,,,,,,,,
1075,척추유합술부작용,20,200,220,-,3,4,3,4,AI 브리핑,파워링크,건강 주제 네이버 메이트,관련문서,함께 많이 찾는,관련문서,이미지,웹문서,,,,,,,,,,,,,,,,,,,,,,,,,,,,,,,,,,
1076,척추유합술명의,10,100,110,-,1,3,1,10,관련문서,함께 많이 찾는,관련문서,이미지,웹문서,,,,,,,,,,,,,,,,,,,,,,,,,,,,,,,,,,,,,
1077,척추유합술뜻,50,480,530,-,1,4,1,6,관련문서,AI 브리핑,건강 주제 네이버 메이트,국어사전다른 어학정보 1,국어사전,함께 많이 찾는,관련문서,이미지,웹문서,,,,,,,,,,,,,,,,,,,,,,,,,,,,,,,,,
1078,척추운동,40,320,360,-,3,5,3,5,AI 브리핑,건강 주제 네이버 메이트,네이버 클립,관련문서,파워링크,이미지,네이버 가격비교,네이버플러스 스토어,함께 많이 찾는,관련문서,,,,,,,,,,,,,,,,,,,,,,,,,,,,,,,,
1079,척추옆굽음증,60,90,150,-,1,1,1,4,AI 브리핑,건강 소식,지식iN 의사 답변,함께 찾는 질병,관련문서,브랜드 콘텐츠,인플루언서서비스 홈 바로가기,네이버 가격비교,네이버플러스 스토어,이미지,,,,,,,,,,,,,,,,,,,,,,,,,,,,,,,,
1080,척추염,170,850,"1,020",-,0,2,0,7,파워링크,AI 브리핑,건강 주제 네이버 메이트,네이버 클립,건강·의학 브랜드 콘텐츠,이미지,함께 많이 찾는,관련문서,웹문서,,,,,,,,,,,,,,,,,,,,,,,,,,,,,,,,,
1081,척추압박골절후유장해,110,220,330,-,3,4,3,7,파워링크,브랜드 콘텐츠,관련문서,건강 주제 네이버 메이트,관련문서,이미지,웹문서,,,,,,,,,,,,,,,,,,,,,,,,,,,,,,,,,,,
1082,척추압박골절회복기간,30,160,190,-,4,5,4,6,파워링크,AI 브리핑,건강 주제 네이버 메이트,관련문서,함께 많이 찾는,관련문서,이미지,웹문서,,,,,,,,,,,,,,,,,,,,,,,,,,,,,,,,,,
1083,척추압박골절회복,70,460,530,-,5,4,5,6,파워링크,AI 브리핑,건강 주제 네이버 메이트,함께 많이 찾는,관련문서,네이버 가격비교,네이버플러스 스토어,이미지,웹문서,,,,,,,,,,,,,,,,,,,,,,,,,,,,,,,,,
1084,척추압박골절치료방법,10,160,170,-,4,3,4,7,파워링크,AI 브리핑,건강 소식,함께 찾는 질병,함께 많이 찾는,관련문서,이미지,웹문서,,,,,,,,,,,,,,,,,,,,,,,,,,,,,,,,,,
1085,척추압박골절증상,40,360,400,-,3,3,3,6,AI 브리핑,건강 소식,함께 찾는 질병,파워링크,이미지,함께 많이 찾는,관련문서,웹문서,,,,,,,,,,,,,,,,,,,,,,,,,,,,,,,,,,
1086,척추압박골절운동,5,100,105,-,3,3,3,6,AI 브리핑,건강 주제 네이버 메이트,네이버 가격비교,네이버플러스 스토어,함께 많이 찾는,관련문서,파워링크,이미지,웹문서,,,,,,,,,,,,,,,,,,,,,,,,,,,,,,,,,
1087,척추압박골절시술,80,400,480,-,2,4,2,6,AI 브리핑,건강 주제 네이버 메이트,관련문서,파워링크,함께 많이 찾는,관련문서,이미지,웹문서,,,,,,,,,,,,,,,,,,,,,,,,,,,,,,,,,,
1088,척추압박골절보조기,40,150,190,-,2,3,2,8,파워링크,네이버 가격비교,네이버플러스 스토어,관련문서,함께 많이 찾는,관련문서,이미지,웹문서,,,,,,,,,,,,,,,,,,,,,,,,,,,,,,,,,,
1089,척추신경차단술주사,10,140,150,-,3,5,3,5,AI 브리핑,건강 주제 네이버 메이트,파워링크,함께 많이 찾는,관련문서,이미지,웹문서,,,,,,,,,,,,,,,,,,,,,,,,,,,,,,,,,,,
1090,척추신경차단술비용,10,110,120,-,0,5,0,7,AI 브리핑,관련문서,파워링크,함께 많이 찾는,관련문서,이미지,웹문서,,,,,,,,,,,,,,,,,,,,,,,,,,,,,,,,,,,
1091,척추신경주사,30,360,390,-,2,4,2,8,AI 브리핑,건강 주제 네이버 메이트,파워링크,함께 많이 찾는,관련문서,이미지,웹문서,,,,,,,,,,,,,,,,,,,,,,,,,,,,,,,,,,,
1092,척추신경외과,20,180,200,-,0,4,0,6,파워링크,건강 주제 네이버 메이트,함께 많이 찾는,관련문서,이미지,웹문서,,,,,,,,,,,,,,,,,,,,,,,,,,,,,,,,,,,,
1093,척추신경성형술비용,10,130,140,-,2,5,2,8,AI 브리핑,관련문서,파워링크,함께 많이 찾는,관련문서,이미지,웹문서,,,,,,,,,,,,,,,,,,,,,,,,,,,,,,,,,,,
1094,척추신경눌림,30,140,170,-,2,4,2,2,AI 브리핑,건강 주제 네이버 메이트,파워링크,함께 많이 찾는,관련문서,이미지,웹문서,,,,,,,,,,,,,,,,,,,,,,,,,,,,,,,,,,,
1095,척추신경감압술비용,10,100,110,-,2,4,2,9,관련문서,파워링크,함께 많이 찾는,관련문서,이미지,웹문서,,,,,,,,,,,,,,,,,,,,,,,,,,,,,,,,,,,,
1096,척추신경,80,350,430,-,2,4,2,6,파워링크,AI 브리핑,건강 주제 네이버 메이트,이미지,함께 많이 찾는,관련문서,웹문서,,,,,,,,,,,,,,,,,,,,,,,,,,,,,,,,,,,
1097,척추시술,30,140,170,-,2,5,2,5,파워링크,브랜드 콘텐츠,이미지,함께 많이 찾는,관련문서,웹문서,,,,,,,,,,,,,,,,,,,,,,,,,,,,,,,,,,,,
1098,척추스트레칭,40,330,370,-,1,3,1,5,AI 브리핑,건강 주제 네이버 메이트,관련문서,네이버 클립,인플루언서서비스 홈 바로가기,네이버 가격비교,네이버플러스 스토어,이미지,파워링크,함께 많이 찾는,,,,,,,,,,,,,,,,,,,,,,,,,,,,,,,,
1099,척추수술명의,20,120,140,-,2,4,2,5,파워링크,관련문서,이미지,함께 많이 찾는,관련문서,웹문서,,,,,,,,,,,,,,,,,,,,,,,,,,,,,,,,,,,,
1100,척추수술,140,480,620,-,1,5,1,7,파워링크,AI 브리핑,지식iN 의사 답변,건강·의학 브랜드 콘텐츠,네이버 클립,이미지,함께 많이 찾는,관련문서,웹문서,,,,,,,,,,,,,,,,,,,,,,,,,,,,,,,,,
1101,척추센터,20,120,140,-,0,4,0,5,파워링크,브랜드 콘텐츠,이미지,함께 많이 찾는,관련문서,웹문서,,,,,,,,,,,,,,,,,,,,,,,,,,,,,,,,,,,,
1102,척추성형술,200,480,680,-,3,3,3,5,파워링크,AI 브리핑,건강 주제 네이버 메이트,네이버 클립,함께 많이 찾는,관련문서,이미지,웹문서,,,,,,,,,,,,,,,,,,,,,,,,,,,,,,,,,,
1103,척추뼈,440,"2,060","2,500",-,1,4,1,5,AI 브리핑,인플루언서서비스 홈 바로가기,파워링크,이미지,네이버 클립,함께 많이 찾는,관련문서,웹문서,,,,,,,,,,,,,,,,,,,,,,,,,,,,,,,,,,
1104,척추분리증치료,80,480,560,-,3,6,3,6,파워링크,AI 브리핑,건강 소식,함께 찾는 질병,관련 경험 카페글,척추분리증치료' 브랜드 콘텐츠,이미지,함께 많이 찾는,관련문서,웹문서,,,,,,,,,,,,,,,,,,,,,,,,,,,,,,,,
1105,척추분리증수술,50,220,270,-,3,4,3,6,파워링크,AI 브리핑,건강 주제 네이버 메이트,함께 많이 찾는,관련문서,이미지,웹문서,,,,,,,,,,,,,,,,,,,,,,,,,,,,,,,,,,,
1106,척추분리증,"1,420","7,020","8,440",-,3,5,3,7,파워링크,AI 브리핑,건강 소식,지식iN 의사 답변,함께 찾는 질병,척추분리증과 전방전위증의 증상과 치료 방법,인플루언서서비스 홈 바로가기,네이버 클립,척추분리증' 브랜드 콘텐츠,이미지,,,,,,,,,,,,,,,,,,,,,,,,,,,,,,,,
1107,척추보호대,70,450,520,-,0,0,0,0,파워링크,네이버 가격비교,네이버플러스 스토어,함께 많이 찾는,건강 주제 네이버 메이트,이미지,웹문서,,,,,,,,,,,,,,,,,,,,,,,,,,,,,,,,,,,
1108,척추보조기,80,430,510,-,0,0,0,0,파워링크,네이버 가격비교,네이버플러스 스토어,함께 많이 찾는,건강 주제 네이버 메이트,웹문서,,,,,4,,,,,,,,,,,,,,,,,,,,,,,,,,,,,,,
1109,척추병원,210,"1,330","1,540",-,0,4,0,6,파워링크,네이버 클립,건강·의학 브랜드 콘텐츠,이미지,함께 많이 찾는,관련문서,웹문서,,,,3,,,,,,,,,,,,,,,,,,,,,,,,,,,,,,,
1110,척추베개,30,310,340,-,0,0,0,1,파워링크,네이버 가격비교,네이버플러스 스토어,함께 많이 찾는,웹문서,,,,,,4,,,,,,,,,,,,,,,,,,,,,,,,,,,,,,,
1111,척추방석,50,190,240,-,0,0,0,0,파워링크,네이버 가격비교,네이버플러스 스토어,함께 많이 찾는,웹문서,,,,,,4,,,,,,,,,,,,,,,,,,,,,,,,,,,,,,,
1112,척추모양,40,360,400,-,3,1,3,2,AI 브리핑,건강 주제 네이버 메이트,관련문서,이미지,파워링크,함께 많이 찾는,관련문서,웹문서,,,1,,,,,,,,,,,,,,,,,,,,,,,,,,,,,,,
1113,척추명의,80,470,550,-,1,5,1,5,관련문서,브랜드 콘텐츠,이미지,함께 많이 찾는,관련문서,웹문서,,,,,3,,,,,,,,,,,,,,,,,,,,,,,,,,,,,,,
1114,척추마사지기,20,100,120,-,0,0,0,0,파워링크,네이버 가격비교,네이버플러스 스토어,함께 많이 찾는,웹문서,,,,,,4,,,,,,,,,,,,,,,,,,,,,,,,,,,,,,,
1115,척추마사지,20,120,140,-,3,2,3,7,파워링크,네이버 가격비교,네이버플러스 스토어,건강 주제 네이버 메이트,관련문서,함께 많이 찾는,관련문서,이미지,웹문서,,2,,,,,,,,,,,,,,,,,,,,,,,,,,,,,,,
1116,척추디스크파열,5,130,135,-,2,5,2,5,파워링크,AI 브리핑,건강 주제 네이버 메이트,관련문서,함께 많이 찾는,관련문서,이미지,웹문서,,,2,,,,,,,,,,,,,,,,,,,,,,,,,,,,,,,
1117,척추디스크증상,20,210,230,-,2,5,2,7,파워링크,AI 브리핑,건강 주제 네이버 메이트,이미지,함께 많이 찾는,관련문서,웹문서,,,,2,,,,,,,,,,,,,,,,,,,,,,,,,,,,,,,
1118,척추디스크,70,360,430,-,1,4,1,6,파워링크,건강 주제 네이버 메이트,브랜드 콘텐츠,네이버 클립,인플루언서서비스 홈 바로가기,네이버 가격비교,네이버플러스 스토어,이미지,함께 많이 찾는,관련문서,2,,,,,,,,,,,,,,,,,,,,,,,,,,,,,,,
1119,척추내시경수술비,20,270,290,-,0,5,0,2,파워링크,AI 브리핑,건강 주제 네이버 메이트,관련문서,함께 많이 찾는,관련문서,이미지,웹문서,,,3,,,,,,,,,,,,,,,,,,,,,,,,,,,,,,,
1120,척추내시경,100,210,310,-,1,3,1,6,파워링크,건강 주제 네이버 메이트,건강·의학 브랜드 콘텐츠,이미지,뉴스,함께 많이 찾는,관련문서,웹문서,,,3,,,,,,,,,,,,,,,,,,,,,,,,,,,,,,,
1121,척추기립근운동,170,800,970,-,3,5,3,6,AI 브리핑,건강 주제 네이버 메이트,관련문서,네이버 클립,인플루언서서비스 홈 바로가기,파워링크,이미지,함께 많이 찾는,관련문서,웹문서,4,,,,,,,,,,,,,,,,,,,,,,,,,,,,,,,
1122,척추기립근,520,"2,190","2,710",-,2,2,2,5,AI 브리핑,건강 주제 네이버 메이트,관련문서,네이버 클립,인플루언서서비스 홈 바로가기,파워링크,이미지,네이버 가격비교,네이버플러스 스토어,함께 많이 찾는,1,,,,,,,,,,,,,,,,,,,,,,,,,,,,,,,
1123,척추교정비용,10,100,110,-,3,5,3,6,파워링크,관련문서,이미지,함께 많이 찾는,관련문서,웹문서,,,,,3,,,,,,,,,,,,,,,,,,,,,,,,,,,,,,,
1124,척추교정밴드,10,120,130,-,0,0,0,0,파워링크,네이버 가격비교,네이버플러스 스토어,함께 많이 찾는,웹문서,,,,,,4,,,,,,,,,,,,,,,,,,,,,,,,,,,,,,,
1125,척추교정기구,30,160,190,-,0,0,0,0,파워링크,네이버 가격비교,네이버플러스 스토어,함께 많이 찾는,건강 주제 네이버 메이트,이미지,웹문서,,,,4,,,,,,,,,,,,,,,,,,,,,,,,,,,,,,,
1126,척추교정기,140,850,990,-,0,3,0,2,파워링크,네이버 가격비교,네이버플러스 스토어,함께 많이 찾는,네이버 클립,건강·의학 인기글,웹문서,,,,4,,,,,,,,,,,,,,,,,,,,,,,,,,,,,,,
1127,척추교정,180,"1,190","1,370",-,3,4,3,4,파워링크,건강·의학 브랜드 콘텐츠,건강 주제 네이버 메이트,네이버 클립,인플루언서서비스 홈 바로가기,네이버 가격비교,네이버플러스 스토어,이미지,함께 많이 찾는,관련문서,2,,,,,,,,,,,,,,,,,,,,,,,,,,,,,,,
1128,척추관협착증치료법,20,120,140,-,4,2,4,6,파워링크,AI 브리핑,건강 소식하단 정보 열고 닫기 버튼,진료 관련 통계하단 정보 열고 닫기 버튼,함께 찾는 질병,브랜드 콘텐츠,이미지,뉴스,함께 많이 찾는,관련문서,3,,,,,,,,,,,,,,,,,,,,,,,,,,,,,,,
1129,척추관협착증치료,40,80,120,-,3,6,3,6,파워링크,AI 브리핑,건강 소식하단 정보 열고 닫기 버튼,진료 관련 통계하단 정보 열고 닫기 버튼,함께 찾는 질병,관련 경험 카페글,네이버 클립,척추관협착증치료' 브랜드 콘텐츠,이미지,뉴스,3,,,,,,,,,,,,,,,,,,,,,,,,,,,,,,,
1130,척추관협착증증상,190,"1,390","1,580",-,3,8,3,5,파워링크,AI 브리핑,건강 소식하단 정보 열고 닫기 버튼,진료 관련 통계하단 정보 열고 닫기 버튼,함께 찾는 질병,관련 경험 카페글,네이버 클립,척추관협착증증상' 브랜드 콘텐츠,인플루언서서비스 홈 바로가기,이미지,2,,,,,,,,,,,,,,,,,,,,,,,,,,,,,,,
1131,척추관협착증운동법,10,130,140,-,2,5,2,5,AI 브리핑,건강 주제 네이버 메이트,관련문서,파워링크,네이버 클립,함께 많이 찾는,관련문서,이미지,웹문서,,4,,,,,,,,,,,,,,,,,,,,,,,,,,,,,,,
1132,척추관협착증운동,190,"1,050","1,240",-,0,5,0,5,파워링크,건강 주제 네이버 메이트,브랜드 콘텐츠,네이버 클립,인플루언서서비스 홈 바로가기,이미지,뉴스,함께 많이 찾는,관련문서,웹문서,4,,,,,,,,,,,,,,,,,,,,,,,,,,,,,,,
1133,척추관협착증수술,100,600,700,-,2,4,2,5,파워링크,건강 주제 네이버 메이트,브랜드 콘텐츠,네이버 클립,인플루언서서비스 홈 바로가기,이미지,뉴스,함께 많이 찾는,관련문서,웹문서,3,,,,,,,,,,,,,,,,,,,,,,,,,,,,,,,
1134,척추관협착증,"1,150","3,970","5,120",-,3,10,3,4,파워링크,AI 브리핑,건강 소식하단 정보 열고 닫기 버튼,진료 관련 통계하단 정보 열고 닫기 버튼,지식iN 의사 답변,함께 찾는 질병,관련 경험 카페글,네이버 클립,척추관협착증' 브랜드 콘텐츠,이미지,2,,,,,,,,,,,,,,,,,,,,,,,,,,,,,,,
1135,척추관절,40,90,130,-,2,3,2,6,파워링크,브랜드 콘텐츠,네이버 가격비교,네이버플러스 스토어,네이버 클립,이미지,뉴스,함께 많이 찾는,관련문서,웹문서,1,,,,,,,,,,,,,,,,,,,,,,,,,,,,,,,
1136,척추골절치료기간,10,150,160,-,5,4,5,6,파워링크,AI 브리핑,건강 주제 네이버 메이트,동영상,관련문서,함께 많이 찾는,관련문서,이미지,웹문서,,3,,,,,,,,,,,,,,,,,,,,,,,,,,,,,,,
1137,척추골절치료,50,460,510,-,3,4,3,6,파워링크,건강 주제 네이버 메이트,브랜드 콘텐츠,함께 많이 찾는,관련문서,이미지,뉴스,웹문서,,,3,,,,,,,,,,,,,,,,,,,,,,,,,,,,,,,
1138,척추골절증상,10,180,190,-,3,2,3,6,AI 브리핑,건강 주제 네이버 메이트,파워링크,이미지,함께 많이 찾는,관련문서,웹문서,,,,2,,,,,,,,,,,,,,,,,,,,,,,,,,,,,,,
1139,척추골절수술,40,90,130,-,2,4,2,3,AI 브리핑,건강 주제 네이버 메이트,관련문서,파워링크,함께 많이 찾는,관련문서,이미지,웹문서,,,3,,,,,,,,,,,,,,,,,,,,,,,,,,,,,,,
1140,척추골절보조기,20,220,240,-,3,3,3,7,파워링크,네이버 가격비교,네이버플러스 스토어,건강 주제 네이버 메이트,관련문서,함께 많이 찾는,관련문서,이미지,웹문서,,4,,,,,,,,,,,,,,,,,,,,,,,,,,,,,,,
1141,척추골절,230,"1,100","1,330",-,3,4,3,5,파워링크,건강 주제 네이버 메이트,건강·의학 브랜드 콘텐츠,인플루언서서비스 홈 바로가기,네이버 가격비교,네이버플러스 스토어,이미지,함께 많이 찾는,관련문서,웹문서,2,,,,,,,,,,,,,,,,,,,,,,,,,,,,,,,
1142,척추견인기,50,240,290,-,0,0,0,0,파워링크,네이버 가격비교,네이버플러스 스토어,함께 많이 찾는,건강 주제 네이버 메이트,웹문서,,,,,4,,,,,,,,,,,,,,,,,,,,,,,,,,,,,,,
1143,척추감압술,190,"1,170","1,360",-,1,3,1,5,파워링크,건강 주제 네이버 메이트,함께 많이 찾는,관련문서,이미지,웹문서,,,,,3,,,,,,,,,,,,,,,,,,,,,,,,,,,,,,,
1144,척추mri비용,20,240,260,-,2,5,2,6,AI 브리핑,관련문서,파워링크,함께 많이 찾는,관련문서,이미지,웹문서,,,,3,,,,,,,,,,,,,,,,,,,,,,,,,,,,,,,
1145,척추MRI,60,330,390,-,0,4,0,6,파워링크,AI 브리핑,함께 찾는 질병,브랜드 콘텐츠,이미지,함께 많이 찾는,관련문서,웹문서,,,3,,,,,,,,,,,,,,,,,,,,,,,,,,,,,,,
1146,척추4번5번협착,80,490,570,-,3,5,3,8,파워링크,AI 브리핑,건강 주제 네이버 메이트,관련문서,이미지,함께 많이 찾는,관련문서,웹문서,,,2,,,,,,,,,,,,,,,,,,,,,,,,,,,,,,,
1147,척추4번5번위치,20,220,240,-,3,3,3,10,AI 브리핑,건강 주제 네이버 메이트,관련문서,파워링크,이미지,함께 많이 찾는,관련문서,웹문서,,,1,,,,,,,,,,,,,,,,,,,,,,,,,,,,,,,
1148,척추4번5번디스크,20,130,150,-,3,5,3,9,AI 브리핑,건강 주제 네이버 메이트,파워링크,이미지,관련문서,웹문서,,,,,2,,,,,,,,,,,,,,,,,,,,,,,,,,,,,,,
1149,척추4번5번,270,"2,700","2,970",-,2,5,3,9,파워링크,브랜드 콘텐츠,건강 주제 네이버 메이트,인플루언서서비스 홈 바로가기,이미지,관련문서,웹문서,,,,2,,,,,,,,,,,,,,,,,,,,,,,,,,,,,,,
1150,척추3번4번,20,120,140,-,2,3,2,6,AI 브리핑,건강 주제 네이버 메이트,관련문서,파워링크,이미지,관련문서,웹문서,,,,1,,,,,,,,,,,,,,,,,,,,,,,,,,,,,,,
1151,척추1번위치,10,120,130,-,3,4,3,6,파워링크,AI 브리핑,건강 주제 네이버 메이트,관련문서,함께 많이 찾는,관련문서,이미지,웹문서,,,1,,,,,,,,,,,,,,,,,,,,,,,,,,,,,,,
1152,척추 4번 5번,300,"2,800","3,100",-,3,3,4,10,파워링크,건강 주제 네이버 메이트,건강·의학 브랜드 콘텐츠,네이버 클립,인플루언서서비스 홈 바로가기,이미지,관련문서,웹문서,,,,,,,,,,,,,,,,,,,,,,,,,,,,,,,,,,
1153,척골마사지기,430,"4,090","4,520",-,0,1,0,6,파워링크,네이버 가격비교,네이버플러스 스토어,함께 많이 찾는,건강·의학 인기글,웹문서,,,,,,,,,,,,,,,,,,,,,,,,,,,,,,,,,,,,
1154,챔피온프로,10,100,110,-,0,0,0,0,파워링크,네이버 가격비교,네이버플러스 스토어,함께 많이 찾는,웹문서,,,,,,,,,,,,,,,,,,,,,,,,,,,,,,,,,,,,,
1155,채용검진,950,"3,090","4,040",-,1,4,1,4,파워링크,건강·의학 브랜드 콘텐츠,함께 많이 찾는,관련문서,네이버 클립,이미지,웹문서,,,,,,,,,,,,,,,,,,,,,,,,,,,,,,,,,,,
1156,창원허리병원추천,10,130,140,-,1,10,1,3,파워링크,관련문서,동영상,국내여행 주제 네이버 메이트,함께 많이 찾는,관련문서,웹문서,,,,3,,,,,,,,,,,,,,,,,,,,,,,,,,,,,,,
1157,창원허리병원,170,540,710,-,0,6,0,1,파워링크,함께 많이 찾는,건강·의학 인기글,웹문서,,,,,,,3,,,,,,,,,,,,,,,,,,,,,,,,,,,,,,,
1158,창원통증클리닉,5,100,105,-,0,4,0,3,파워링크,관련문서,동영상,관련문서,이미지,웹문서,,,,,🤔 보류,,,,,,,,,,,,,,,,,,,,,,,,,,,,,,,
1159,창원통증의학과,80,440,520,-,3,2,3,3,파워링크,관련문서,동영상,함께 많이 찾는,관련문서,웹문서,,,,,🤔 보류,,,,,,,,,,,,,,,,,,,,,,,,,,,,,,,
1160,창원척추전문병원,10,100,110,-,1,5,1,4,파워링크,관련문서,함께 많이 찾는,관련문서,동영상,이미지,웹문서,,,,3,,,,,,,,,,,,,,,,,,,,,,,,,,,,,,,
1161,창원척추병원,50,90,140,-,1,5,1,1,파워링크,관련문서,동영상,이미지,뉴스,관련문서,웹문서,,,,3,,,,,,,,,,,,,,,,,,,,,,,,,,,,,,,
1162,창원어깨병원,30,230,260,-,0,5,0,2,파워링크,함께 많이 찾는,인기글,웹문서,,,,,,,,,,,,,,,,,,,,,,,,,,,,,,,,,,,,,,
1163,창원신경외과,250,700,950,-,0,4,0,4,파워링크,관련문서,동영상,뉴스,함께 많이 찾는,관련문서,웹문서,,,,🤔 보류,,,,,,,,,,,,,,,,,,,,,,,,,,,,,,,
1164,창원무릎병원,60,290,350,-,0,5,0,3,파워링크,함께 많이 찾는,인기글,웹문서,,,,,,,,,,,,,,,,,,,,,,,,,,,,,,,,,,,,,,
1165,창원마취통증의학과,50,300,350,-,2,1,2,5,파워링크,관련문서,동영상,함께 많이 찾는,관련문서,웹문서,,,,,🤔 보류,,,,,,,,,,,,,,,,,,,,,,,,,,,,,,,
1166,창원도수치료,150,240,390,-,1,5,1,6,파워링크,관련문서,동영상,이미지,뉴스,함께 많이 찾는,관련문서,웹문서,,,3,,,,,,,,,,,,,,,,,,,,,,,,,,,,,,,
1167,참치선물세트,80,100,180,-,0,2,0,5,파워링크,네이버플러스 스토어,선물샵,함께 많이 찾는,이미지,상품리뷰 인기글,뉴스,웹문서,,,,,,,,,,,,,,,,,,,,,,,,,,,,,,,,,,
1168,차박매트리스,100,500,600,-,0,0,0,0,파워링크,네이버 가격비교,네이버플러스 스토어,네이버 클립,함께 많이 찾는,웹문서,,,,,,,,,,,,,,,,,,,,,,,,,,,,,,,,,,,,
1169,차량쿠션,90,580,670,-,0,0,0,0,파워링크,네이버 가격비교,네이버플러스 스토어,함께 많이 찾는,네이버 클립,웹문서,,,,,,,,,,,,,,,,,,,,,,,,,,,,,,,,,,,,
1170,차량용허리쿠션추천,10,100,110,-,0,4,0,10,파워링크,네이버 가격비교,네이버플러스 스토어,함께 많이 찾는,동영상,관련문서,관련문서,이미지,웹문서,,4,,,,,,,,,,,,,,,,,,,,,,,,,,,,,,,
1171,차량용여름방석,70,480,550,-,0,3,0,10,파워링크,네이버 가격비교,네이버플러스 스토어,함께 많이 찾는,동영상,관련문서,뉴스,관련문서,이미지,웹문서,,,,,,,,,,,,,,,,,,,,,,,,,,,,,,,,
1172,차량용목쿠션,"1,550","7,080","8,630",-,0,1,0,4,파워링크,네이버 가격비교,네이버플러스 스토어,함께 많이 찾는,네이버 클립,지금 볼만한 브랜드,상품리뷰 인기글,이미지,웹문서,,,,,,,,,,,,,,,,,,,,,,,,,,,,,,,,,
1173,차량용등쿠션,70,490,560,-,0,0,0,0,파워링크,네이버 가격비교,네이버플러스 스토어,함께 많이 찾는,네이버 클립,웹문서,,,,,4,,,,,,,,,,,,,,,,,,,,,,,,,,,,,,,
1174,차량용등받이쿠션,20,160,180,-,0,4,0,11,파워링크,네이버 가격비교,네이버플러스 스토어,함께 많이 찾는,관련문서,관련문서,이미지,웹문서,,,4,,,,,,,,,,,,,,,,,,,,,,,,,,,,,,,
1175,차량목받침,20,160,180,-,0,0,0,1,파워링크,네이버 가격비교,네이버플러스 스토어,함께 많이 찾는,웹문서,,,,,,,,,,,,,,,,,,,,,,,,,,,,,,,,,,,,,
1176,차량등쿠션,10,130,140,-,0,0,0,0,파워링크,네이버 가격비교,네이버플러스 스토어,함께 많이 찾는,웹문서,,,,,,4,,,,,,,,,,,,,,,,,,,,,,,,,,,,,,,
1177,차량등받이쿠션,30,220,250,-,0,3,0,9,파워링크,네이버 가격비교,네이버플러스 스토어,함께 많이 찾는,동영상,관련문서,뉴스,관련문서,이미지,웹문서,4,,,,,,,,,,,,,,,,,,,,,,,,,,,,,,,
1178,차량등받이,60,370,430,-,0,0,0,0,파워링크,네이버 가격비교,네이버플러스 스토어,함께 많이 찾는,웹문서,,,,,,4,,,,,,,,,,,,,,,,,,,,,,,,,,,,,,,
1179,찜질팩,"1,330","7,200","8,530",-,0,1,0,5,파워링크,네이버 가격비교,네이버플러스 스토어,네이버 클립,함께 많이 찾는,인플루언서서비스 홈 바로가기,상품리뷰 인기글,웹문서,,,4,,,,,,,,,,,,,,,,,,,,,,,,,,,,,,,
1180,찜질방,"6,230","141,400","147,630",-,0,5,0,7,파워링크,네이버 클립,국내여행 브랜드 콘텐츠,네이버 가격비교,네이버플러스 스토어,뉴스,함께 많이 찾는,관련문서,이미지,웹문서,,,,,,,,,,,,,,,,,,,,,,,,,,,,,,,,
1181,찜질매트,30,190,220,-,0,0,0,0,파워링크,네이버 가격비교,네이버플러스 스토어,함께 많이 찾는,웹문서,,,,,,4,,,,,,,,,,,,,,,,,,,,,,,,,,,,,,,
1182,찜질기,690,"1,160","1,850",-,0,4,0,2,파워링크,네이버 가격비교,네이버플러스 스토어,함께 많이 찾는,네이버 클립,인플루언서서비스 홈 바로가기,건강·의학 인기글,웹문서,,,4,,,,,,,,,,,,,,,,,,,,,,,,,,,,,,,
1183,집에서근력운동,80,420,500,-,3,7,3,5,파워링크,AI 브리핑,건강 주제 네이버 메이트,동영상,관련문서,이미지,네이버 가격비교,네이버플러스 스토어,뉴스,함께 많이 찾는,,,,,,,,,,,,,,,,,,,,,,,,,,,,,,,,
1184,집들이디퓨저,100,300,400,-,0,1,0,3,파워링크,네이버 가격비교,네이버플러스 스토어,함께 많이 찾는,상품리뷰 인기글,웹문서,,,,,,,,,,,,,,,,,,,,,,,,,,,,,,,,,,,,
1185,짐볼추천,20,110,130,-,0,1,0,6,파워링크,네이버 가격비교,네이버플러스 스토어,함께 많이 찾는,상품리뷰 인기글,웹문서,,,,,4,,,,,,,,,,,,,,,,,,,,,,,,,,,,,,,
1186,짐볼의자,70,240,310,-,0,0,0,0,파워링크,네이버 가격비교,네이버플러스 스토어,함께 많이 찾는,웹문서,,,,,,4,,,,,,,,,,,,,,,,,,,,,,,,,,,,,,,
1187,짐볼운동,130,"1,390","1,520",-,0,5,0,9,파워링크,기구별 운동법 정보,건강 주제 네이버 메이트,네이버 클립,인플루언서서비스 홈 바로가기,네이버 가격비교,네이버플러스 스토어,이미지,함께 많이 찾는,관련문서,2,,,,,,,,,,,,,,,,,,,,,,,,,,,,,,,
1188,질염좌욕,40,360,400,-,3,6,3,6,AI 브리핑,건강 주제 네이버 메이트,관련문서,네이버 가격비교,네이버플러스 스토어,이미지,파워링크,함께 많이 찾는,관련문서,웹문서,,,,,,,,,,,,,,,,,,,,,,,,,,,,,,,,
1189,진주허리병원,40,130,170,-,3,4,3,3,관련문서,파워링크,동영상,함께 많이 찾는,관련문서,이미지,웹문서,,,,3,,,,,,,,,,,,,,,,,,,,,,,,,,,,,,,
1190,직장인선물,100,350,450,-,0,2,0,5,파워링크,네이버플러스 스토어,선물샵,함께 많이 찾는,상품리뷰 인기글,네이버 클립,웹문서,,,,,,,,,,,,,,,,,,,,,,,,,,,,,,,,,,,
1191,지퍼백제작,220,190,410,-,0,1,0,6,파워링크,네이버 가격비교,네이버플러스 스토어,함께 많이 찾는,패션·미용 인기글,웹문서,,,,,,,,,,,,,,,,,,,,,,,,,,,,,,,,,,,,
1192,지코일신발,90,970,"1,060",-,0,3,0,4,네이버 가격비교,함께 많이 찾는,건강·의학 인기글,이미지,동영상,지식iN,웹문서,,,,,,,,,,,,,,,,,,,,,,,,,,,,,,,,,,,
1193,지인선물,20,110,130,-,0,6,0,1,파워링크,네이버플러스 스토어,선물샵,함께 많이 찾는,이미지,인기글,웹문서,,,,,,,,,,,,,,,,,,,,,,,,,,,,,,,,,,,
1194,지우병원,510,700,"1,210",-,0,4,0,4,관련문서,이미지,관련문서,웹문서,,,,,,,,,,,,,,,,,,,,,,,,,,,,,,,,,,,,,,
1195,지간신경종,"1,660","9,090","10,750",-,2,11,2,7,파워링크,AI 브리핑,함께 찾는 질병,관련 경험 카페글,네이버 클립,인플루언서서비스 홈 바로가기,네이버 가격비교,네이버플러스 스토어,이미지,함께 많이 찾는,,,,,,,,,,,,,,,,,,,,,,,,,,,,,,,,
1196,쥐젖제거크림,"3,770","26,200","29,970",-,0,2,0,3,파워링크,네이버 가격비교,네이버플러스 스토어,함께 많이 찾는,패션·미용 인기글,웹문서,,,,,,,,,,,,,,,,,,,,,,,,,,,,,,,,,,,,
1197,중량벨트,240,950,"1,190",-,0,0,0,0,파워링크,네이버 가격비교,네이버플러스 스토어,함께 많이 찾는,인플루언서서비스 홈 바로가기,웹문서,,,,,,,,,,,,,,,,,,,,,,,,,,,,,,,,,,,,
1198,중랑역정형외과,50,150,200,-,0,3,0,4,파워링크,관련문서,동영상,함께 많이 찾는,관련문서,웹문서,,,,,,,,,,,,,,,,,,,,,,,,,,,,,,,,,,,,
1199,중년여성선물,40,210,250,-,0,0,0,0,파워링크,네이버플러스 스토어,선물샵,함께 많이 찾는,이미지,웹문서,,,,,,,,,,,,,,,,,,,,,,,,,,,,,,,,,,,,
1200,중년여성생일선물,20,90,110,-,0,3,0,6,파워링크,네이버 가격비교,네이버플러스 스토어,함께 많이 찾는,관련문서,관련문서,이미지,웹문서,,,🤔 보류,,,,,,,,,,,,,,,,,,,,,,,,,,,,,,,
1201,중년남자선물,50,230,280,-,0,3,0,4,파워링크,네이버플러스 스토어,선물샵,함께 많이 찾는,패션·미용 인기글,네이버 클립,이미지,웹문서,,,🤔 보류,,,,,,,,,,,,,,,,,,,,,,,,,,,,,,,
1202,죽부인,"2,490","14,000","16,490",시즌,0,1,0,5,파워링크,네이버 쇼핑 인기 상품,웹문서,함께 많이 찾는,인기글,이미지,,,,,,,,,,,,,,,,,,,,,,,,,,,,,,,,,,,,
1203,주간보호,220,370,590,-,1,5,1,7,파워링크,브랜드 콘텐츠,관련문서,뉴스,이미지,함께 많이 찾는,관련문서,웹문서,,,,,,,,,,,,,,,,,,,,,,,,,,,,,,,,,,
1204,좌동정형외과,40,330,370,-,1,2,1,6,파워링크,관련문서,함께 많이 찾는,관련문서,웹문서,,,,,,,,,,,,,,,,,,,,,,,,,,,,,,,,,,,,,
1205,좌골점액낭염방석,20,150,170,-,1,5,1,10,파워링크,네이버 가격비교,네이버플러스 스토어,함께 많이 찾는,관련문서,관련문서,이미지,웹문서,,,,,,,,,,,,,,,,,,,,,,,,,,,,,,,,,,
1206,좌골신경통치료,240,"2,130","2,370",-,3,10,3,5,파워링크,AI 브리핑,건강 소식,함께 찾는 질병,관련 경험 카페글,좌골신경통치료' 브랜드 콘텐츠,인플루언서서비스 홈 바로가기,이미지,함께 많이 찾는,관련문서,3,,,,,,,,,,,,,,,,,,,,,,,,,,,,,,,
1207,좌골신경통증상,680,"7,480","8,160",-,4,10,4,6,파워링크,AI 브리핑,건강 소식,함께 찾는 질병,관련 경험 카페글,좌골신경통증상' 브랜드 콘텐츠,인플루언서서비스 홈 바로가기,이미지,함께 많이 찾는,관련문서,2,,,,,,,,,,,,,,,,,,,,,,,,,,,,,,,
1208,좌골신경통운동,200,"1,820","2,020",-,2,4,2,7,파워링크,건강 주제 네이버 메이트,네이버 클립,인플루언서서비스 홈 바로가기,이미지,함께 많이 찾는,관련문서,네이버 가격비교,네이버플러스 스토어,웹문서,4,,,,,,,,,,,,,,,,,,,,,,,,,,,,,,,
1209,좌골신경통방석,50,140,190,-,3,6,3,7,파워링크,네이버 가격비교,네이버플러스 스토어,관련문서,함께 많이 찾는,관련문서,이미지,웹문서,,,,,,,,,,,,,,,,,,,,,,,,,,,,,,,,,,
1210,좌골신경통,"1,780","8,940","10,720",-,2,3,2,6,파워링크,AI 브리핑,건강 소식,함께 찾는 질병,건강·의학 브랜드 콘텐츠,네이버 클립,인플루언서서비스 홈 바로가기,이미지,함께 많이 찾는,관련문서,2,,,,,,,,,,,,,,,,,,,,,,,,,,,,,,,
1211,조이마담,300,460,760,-,0,0,0,0,파워링크,네이버 가격비교,네이버플러스 스토어,함께 많이 찾는,웹문서,,,,,,,,,,,,,,,,,,,,,,,,,,,,,,,,,,,,,
1212,조은잠허리베개,20,120,140,-,0,1,0,6,파워링크,네이버 가격비교,네이버플러스 스토어,함께 많이 찾는,관련문서,관련문서,웹문서,,,,🤔 보류,,,,,,,,,,,,,,,,,,,,,,,,,,,,,,,
1213,제왕절개복대,70,"1,320","1,390",-,0,1,0,6,파워링크,네이버 가격비교,네이버플러스 스토어,함께 많이 찾는,육아·결혼 인기글,웹문서,,,,,,,,,,,,,,,,,,,,,,,,,,,,,,,,,,,,
1214,제스파쿠션마사지기,5,190,195,-,0,3,0,7,파워링크,네이버 가격비교,네이버플러스 스토어,함께 많이 찾는,관련문서,관련문서,이미지,웹문서,,,,,,,,,,,,,,,,,,,,,,,,,,,,,,,,,,
1215,제스파찜질팩,10,120,130,-,0,0,0,1,파워링크,네이버 가격비교,네이버플러스 스토어,함께 많이 찾는,웹문서,,,,,,,,,,,,,,,,,,,,,,,,,,,,,,,,,,,,,
1216,제로비티,120,430,550,-,0,0,0,0,네이버 가격비교,네이버플러스 스토어,파워링크,함께 많이 찾는,네이버 클립,웹문서,,,,,,,,,,,,,,,,,,,,,,,,,,,,,,,,,,,,
1217,정형외과허리,80,840,920,-,2,4,2,7,파워링크,건강 주제 네이버 메이트,네이버 클립,함께 많이 찾는,관련문서,이미지,웹문서,,,,,,,,,,,,,,,,,,,,,,,,,,,,,,,,,,,
1218,정형외과치료,80,400,480,-,2,6,2,5,파워링크,AI 브리핑,건강 주제 네이버 메이트,이미지,뉴스,함께 많이 찾는,관련문서,웹문서,,,,,,,,,,,,,,,,,,,,,,,,,,,,,,,,,,
1219,정형외과추천,80,540,620,-,0,13,0,4,파워링크,푸드 주제 네이버 메이트,네이버 클립,관련문서,이미지,함께 많이 찾는,관련문서,웹문서,,,,,,,,,,,,,,,,,,,,,,,,,,,,,,,,,,
1220,정형외과전문의,60,340,400,-,0,3,0,4,파워링크,AI 브리핑,교육 주제 네이버 메이트,관련문서,네이버 클립,이미지,뉴스,함께 많이 찾는,관련문서,웹문서,,,,,,,,,,,,,,,,,,,,,,,,,,,,,,,,
1221,정형외과잘하는곳,10,170,180,-,2,9,2,4,파워링크,푸드 주제 네이버 메이트,관련문서,함께 많이 찾는,관련문서,이미지,웹문서,,,,,,,,,,,,,,,,,,,,,,,,,,,,,,,,,,,
1222,정형외과야간진료,130,"1,930","2,060",-,0,5,0,1,파워링크,함께 많이 찾는,인기글,웹문서,,,,,,,,,,,,,,,,,,,,,,,,,,,,,,,,,,,,,,
1223,정형외과수술,80,340,420,-,2,4,2,4,파워링크,AI 브리핑,건강 주제 네이버 메이트,이미지,뉴스,함께 많이 찾는,관련문서,웹문서,,,,,,,,,,,,,,,,,,,,,,,,,,,,,,,,,,
1224,정형외과병원,120,720,840,-,0,5,0,5,파워링크,브랜드 콘텐츠,네이버 클립,함께 많이 찾는,관련문서,웹문서,,,,,,,,,,,,,,,,,,,,,,,,,,,,,,,,,,,,
1225,정형외과무릎,70,770,840,-,2,5,2,6,파워링크,건강 주제 네이버 메이트,관련문서,네이버 클립,이미지,뉴스,함께 많이 찾는,관련문서,웹문서,,,,,,,,,,,,,,,,,,,,,,,,,,,,,,,,,
1226,정형외과명의,30,330,360,-,0,5,0,6,파워링크,이미지,함께 많이 찾는,관련문서,최신 콘텐츠노출기준,뉴스,웹문서,,,,,,,,,,,,,,,,,,,,,,,,,,,,,,,,,,,
1227,정형외과도수치료,200,840,"1,040",-,2,5,2,4,파워링크,건강 주제 네이버 메이트,브랜드 콘텐츠,함께 많이 찾는,관련문서,이미지,웹문서,,,,,,,,,,,,,,,,,,,,,,,,,,,,,,,,,,,
1228,정형외과,"32,000","428,000","460,000",-,2,5,2,3,파워링크,건강 주제 네이버 메이트,네이버 클립,건강·의학 브랜드 콘텐츠,뉴스,함께 많이 찾는,관련문서,웹문서,,,,,,,,,,,,,,,,,,,,,,,,,,,,,,,,,,
1229,정자동정형외과,90,740,830,-,0,5,0,6,파워링크,관련문서,함께 많이 찾는,관련문서,웹문서,,,,,,,,,,,,,,,,,,,,,,,,,,,,,,,,,,,,,
1230,정맥부전,160,620,780,-,1,4,1,5,파워링크,AI 브리핑,건강 주제 네이버 메이트,이미지,함께 많이 찾는,관련문서,웹문서,,,,,,,,,,,,,,,,,,,,,,,,,,,,,,,,,,,
1231,전출선물,90,390,480,-,0,0,0,0,파워링크,네이버 가격비교,네이버플러스 스토어,함께 많이 찾는,웹문서,,,,,,,,,,,,,,,,,,,,,,,,,,,,,,,,,,,,,
1232,전주허리병원,30,260,290,-,2,4,2,5,파워링크,관련문서,이미지,함께 많이 찾는,관련문서,웹문서,,,,,3,,,,,,,,,,,,,,,,,,,,,,,,,,,,,,,
1233,전주허리디스크병원,20,100,120,-,0,4,0,9,관련문서,푸드 주제 네이버 메이트,파워링크,함께 많이 찾는,관련문서,이미지,웹문서,,,,3,,,,,,,,,,,,,,,,,,,,,,,,,,,,,,,
1234,전술장갑,130,620,750,-,0,0,0,0,파워링크,네이버 가격비교,네이버플러스 스토어,함께 많이 찾는,네이버 클립,웹문서,,,,,,,,,,,,,,,,,,,,,,,,,,,,,,,,,,,,
1235,전복선물세트,140,620,760,-,0,5,0,2,파워링크,네이버플러스 스토어,선물샵,함께 많이 찾는,푸드 주제 네이버 메이트,상품리뷰 인기글,웹문서,,,,,,,,,,,,,,,,,,,,,,,,,,,,,,,,,,,
1236,전동계단리프트,380,"1,020","1,400",-,0,4,0,6,파워링크,네이버 가격비교,네이버플러스 스토어,함께 많이 찾는,관련문서,관련문서,이미지,웹문서,,,,,,,,,,,,,,,,,,,,,,,,,,,,,,,,,,
1237,전기핫팩,190,580,770,-,0,0,0,0,파워링크,네이버 가격비교,네이버플러스 스토어,함께 많이 찾는,네이버 클립,웹문서,,,,,5,,,,,,,,,,,,,,,,,,,,,,,,,,,,,,,
1238,전기패드,30,170,200,-,0,0,0,0,파워링크,네이버 가격비교,네이버플러스 스토어,함께 많이 찾는,웹문서,,,,,,5,,,,,,,,,,,,,,,,,,,,,,,,,,,,,,,
1239,전기치료기,100,610,710,-,0,0,0,0,파워링크,네이버 가격비교,네이버플러스 스토어,함께 많이 찾는,웹문서,,,,,,🤔 보류,,,,,,,,,,,,,,,,,,,,,,,,,,,,,,,
1240,전기찜질팩,170,"1,190","1,360",-,0,3,0,2,파워링크,네이버 가격비교,네이버플러스 스토어,함께 많이 찾는,건강·의학 인기글,웹문서,,,,,5,,,,,,,,,,,,,,,,,,,,,,,,,,,,,,,
1241,전기찜질매트,10,170,180,-,0,0,0,2,파워링크,네이버 가격비교,네이버플러스 스토어,함께 많이 찾는,웹문서,,,,,,5,,,,,,,,,,,,,,,,,,,,,,,,,,,,,,,
1242,전기찜질기,160,970,"1,130",-,0,4,0,1,네이버 가격비교,네이버플러스 스토어,파워링크,함께 많이 찾는,지금 볼만한 브랜드,이미지,인플루언서서비스 홈 바로가기,상품리뷰 인기글,웹문서,,5,,,,,,,,,,,,,,,,,,,,,,,,,,,,,,,
1243,전기장판,"1,220","5,450","6,670",-,0,3,0,1,파워링크,네이버 가격비교,네이버플러스 스토어,함께 많이 찾는,네이버 클립,지금 볼만한 브랜드,인기글,웹문서,,,,,,,,,,,,,,,,,,,,,,,,,,,,,,,,,,
1244,전기요,370,"1,010","1,380",-,0,2,0,4,파워링크,네이버 가격비교,네이버플러스 스토어,함께 많이 찾는,지금 볼만한 브랜드,인플루언서서비스 홈 바로가기,상품리뷰 인기글,웹문서,,,,,,,,,,,,,,,,,,,,,,,,,,,,,,,,,,
1245,전기온열찜질기,80,460,540,-,0,3,0,3,파워링크,네이버 가격비교,네이버플러스 스토어,함께 많이 찾는,상품리뷰 인기글,웹문서,,,,,4,,,,,,,,,,,,,,,,,,,,,,,,,,,,,,,
1246,전기매트,860,"2,370","3,230",-,0,3,0,2,파워링크,네이버 가격비교,네이버플러스 스토어,함께 많이 찾는,네이버 클립,지금 볼만한 브랜드,이미지,상품리뷰 인기글,웹문서,,,,,,,,,,,,,,,,,,,,,,,,,,,,,,,,,
1247,전거비인대,830,"2,530","3,360",-,2,3,2,3,파워링크,AI 브리핑,네이버 가격비교,네이버플러스 스토어,건강 주제 네이버 메이트,네이버 클립,관련문서,인플루언서서비스 홈 바로가기,이미지,함께 많이 찾는,,,,,,,,,,,,,,,,,,,,,,,,,,,,,,,,
1248,적외선치료기효능,10,200,210,-,1,4,1,10,파워링크,AI 브리핑,건강 주제 네이버 메이트,관련문서,네이버 가격비교,네이버플러스 스토어,함께 많이 찾는,관련문서,이미지,웹문서,1,,,,,,,,,,,,,,,,,,,,,,,,,,,,,,,
1249,적외선치료기효과,40,610,650,-,2,5,2,9,파워링크,AI 브리핑,건강 주제 네이버 메이트,관련문서,인플루언서서비스 홈 바로가기,네이버 가격비교,네이버플러스 스토어,함께 많이 찾는,관련문서,이미지,1,,,,,,,,,,,,,,,,,,,,,,,,,,,,,,,
1250,적외선치료기,760,"4,890","5,650",-,0,0,0,1,파워링크,네이버 가격비교,네이버플러스 스토어,함께 많이 찾는,인플루언서서비스 홈 바로가기,웹문서,,,,,4,,,,,,,,,,,,,,,,,,,,,,,,,,,,,,,
1251,적외선체열검사,110,490,600,-,0,2,0,3,AI 브리핑,건강 주제 네이버 메이트,관련문서,파워링크,네이버 가격비교,네이버플러스 스토어,이미지,함께 많이 찾는,관련문서,웹문서,3,,,,,,,,,,,,,,,,,,,,,,,,,,,,,,,
1252,적외선좌욕기,90,460,550,-,0,1,0,3,파워링크,네이버 가격비교,네이버플러스 스토어,함께 많이 찾는,상품리뷰 인기글,웹문서,,,,,,,,,,,,,,,,,,,,,,,,,,,,,,,,,,,,
1253,적외선조사기,650,"3,380","4,030",-,0,0,0,0,파워링크,네이버 가격비교,네이버플러스 스토어,인플루언서서비스 홈 바로가기,웹문서,,,,,,4,,,,,,,,,,,,,,,,,,,,,,,,,,,,,,,
1254,적외선온도측정기,80,70,150,-,1,2,1,7,파워링크,네이버 가격비교,네이버플러스 스토어,함께 많이 찾는,관련문서,뉴스,관련문서,이미지,웹문서,,,,,,,,,,,,,,,,,,,,,,,,,,,,,,,,,
1255,적외선램프,150,400,550,-,0,0,0,0,파워링크,AI 브리핑,네이버 가격비교,네이버플러스 스토어,함께 많이 찾는,웹문서,,,,,2,,,,,,,,,,,,,,,,,,,,,,,,,,,,,,,
1256,저혈당사탕,180,970,"1,150",-,1,5,1,6,파워링크,관련문서,건강 주제 네이버 메이트,네이버 클립,네이버 가격비교,네이버플러스 스토어,이미지,함께 많이 찾는,관련문서,웹문서,,,,,,,,,,,,,,,,,,,,,,,,,,,,,,,,
1257,저출력레이저,80,150,230,-,0,0,0,0,파워링크,네이버 가격비교,네이버플러스 스토어,함께 많이 찾는,웹문서,,,,,,🤔 보류,,,,,,,,,,,,,,,,,,,,,,,,,,,,,,,
1258,저주파패드,170,690,860,-,0,0,0,0,파워링크,네이버 가격비교,네이버플러스 스토어,함께 많이 찾는,웹문서,,,,,,2,,,,,,,,,,,,,,,,,,,,,,,,,,,,,,,
1259,저주파치료기,970,"5,420","6,390",-,0,1,0,3,파워링크,네이버 가격비교,네이버플러스 스토어,함께 많이 찾는,인플루언서서비스 홈 바로가기,건강·의학 인기글,웹문서,,,,4,,,,,,,,,,,,,,,,,,,,,,,,,,,,,,,
1260,저주파치료,70,260,330,-,2,4,2,4,AI 브리핑,건강 주제 네이버 메이트,관련문서,파워링크,네이버 가격비교,네이버플러스 스토어,이미지,함께 많이 찾는,관련문서,웹문서,3,,,,,,,,,,,,,,,,,,,,,,,,,,,,,,,
1261,저주파자극기,260,680,940,-,0,1,0,3,파워링크,네이버 가격비교,네이버플러스 스토어,함께 많이 찾는,네이버 클립,건강·의학 인기글,웹문서,,,,4,,,,,,,,,,,,,,,,,,,,,,,,,,,,,,,
1262,저주파의료기기,20,110,130,-,2,4,2,5,파워링크,네이버 가격비교,네이버플러스 스토어,함께 많이 찾는,관련문서,관련문서,이미지,웹문서,,,4,,,,,,,,,,,,,,,,,,,,,,,,,,,,,,,
1263,저주파안마기,120,270,390,-,0,1,0,3,파워링크,네이버 가격비교,네이버플러스 스토어,함께 많이 찾는,상품리뷰 인기글,웹문서,,,,,4,,,,,,,,,,,,,,,,,,,,,,,,,,,,,,,
1264,저주파목마사지기,80,340,420,-,2,4,2,10,파워링크,네이버 가격비교,네이버플러스 스토어,함께 많이 찾는,관련문서,관련문서,이미지,웹문서,,,,,,,,,,,,,,,,,,,,,,,,,,,,,,,,,,
1265,저주파마사지기효과,130,730,860,-,3,5,3,8,파워링크,AI 브리핑,건강 주제 네이버 메이트,브랜드 콘텐츠,네이버 가격비교,네이버플러스 스토어,함께 많이 찾는,관련문서,이미지,웹문서,1,,,,,,,,,,,,,,,,,,,,,,,,,,,,,,,
1266,저주파마사지기,"2,540","13,500","16,040",-,0,1,0,3,브랜드검색,파워링크,네이버 가격비교,네이버플러스 스토어,함께 많이 찾는,네이버 클립,인플루언서서비스 홈 바로가기,상품리뷰 인기글,웹문서,,4,,,,,,,,,,,,,,,,,,,,,,,,,,,,,,,
1267,저주파마사지,150,440,590,-,0,1,0,3,파워링크,네이버 가격비교,네이버플러스 스토어,함께 많이 찾는,인플루언서서비스 홈 바로가기,건강·의학 인기글,웹문서,,,,2,,,,,,,,,,,,,,,,,,,,,,,,,,,,,,,
1268,저주파기,90,390,480,-,0,0,0,0,파워링크,네이버 가격비교,네이버플러스 스토어,함께 많이 찾는,웹문서,,,,,,4,,,,,,,,,,,,,,,,,,,,,,,,,,,,,,,
1269,저렴한매트리스,20,520,540,-,2,5,2,9,파워링크,네이버 가격비교,네이버플러스 스토어,함께 많이 찾는,관련문서,뉴스,관련문서,이미지,웹문서,,,,,,,,,,,,,,,,,,,,,,,,,,,,,,,,,
1270,재활한방병원,20,140,160,-,1,5,1,5,파워링크,이미지,뉴스,함께 많이 찾는,관련문서,웹문서,,,,,3,,,,,,,,,,,,,,,,,,,,,,,,,,,,,,,
1271,재활피티,60,490,550,-,1,5,1,8,파워링크,관련문서,이미지,함께 많이 찾는,관련문서,웹문서,,,,,4,,,,,,,,,,,,,,,,,,,,,,,,,,,,,,,
1272,재활치료센터,60,270,330,-,3,5,3,4,파워링크,관련문서,브랜드 콘텐츠,이미지,뉴스,함께 많이 찾는,관련문서,웹문서,,,3,,,,,,,,,,,,,,,,,,,,,,,,,,,,,,,
1273,재활치료사,230,880,"1,110",-,3,4,3,6,파워링크,AI 브리핑,교육 주제 네이버 메이트,네이버 클립,브랜드 콘텐츠,관련문서,인플루언서서비스 홈 바로가기,이미지,함께 많이 찾는,관련문서,1,,,,,,,,,,,,,,,,,,,,,,,,,,,,,,,
1274,재활치료비용,20,190,210,-,3,6,3,6,파워링크,AI 브리핑,관련문서,함께 많이 찾는,관련문서,이미지,웹문서,,,,3,,,,,,,,,,,,,,,,,,,,,,,,,,,,,,,
1275,재활치료병원,70,680,750,-,1,4,1,5,파워링크,브랜드 콘텐츠,네이버 클립,이미지,함께 많이 찾는,관련문서,웹문서,,,,3,,,,,,,,,,,,,,,,,,,,,,,,,,,,,,,
1276,장한평정형외과,210,970,"1,180",-,0,0,0,5,파워링크,관련문서,함께 많이 찾는,관련문서,웹문서,,,,,,,,,,,,,,,,,,,,,,,,,,,,,,,,,,,,,
1277,장인어른선물,140,360,500,-,0,6,0,1,파워링크,네이버플러스 스토어,선물샵,함께 많이 찾는,인기글,이미지,웹문서,,,,🤔 보류,,,,,,,,,,,,,,,,,,,,,,,,,,,,,,,
1278,장운동마사지,10,190,200,-,4,6,5,6,관련문서,네이버 가격비교,네이버플러스 스토어,이미지,파워링크,함께 많이 찾는,관련문서,동영상,웹문서,,,,,,,,,,,,,,,,,,,,,,,,,,,,,,,,,
1279,장요근마사지기,"1,010","7,250","8,260",-,0,0,0,0,파워링크,네이버 가격비교,네이버플러스 스토어,함께 많이 찾는,웹문서,,,,,,4,,,,,,,,,,,,,,,,,,,,,,,,,,,,,,,
1280,장수사진,340,830,"1,170",-,1,3,1,6,파워링크,관련문서,이미지,뉴스,함께 많이 찾는,관련문서,네이버 가격비교,네이버플러스 스토어,웹문서,,,,,,,,,,,,,,,,,,,,,,,,,,,,,,,,,
1281,장산정형외과,20,160,180,-,0,5,0,6,파워링크,관련문서,건강·의학 브랜드 콘텐츠,함께 많이 찾는,관련문서,웹문서,,,,,3,,,,,,,,,,,,,,,,,,,,,,,,,,,,,,,
1282,잠잘오는베개,40,230,270,-,0,2,0,2,파워링크,네이버 가격비교,네이버플러스 스토어,함께 많이 찾는,인기글,웹문서,,,,,,,,,,,,,,,,,,,,,,,,,,,,,,,,,,,,
1283,잠원동정형외과,50,250,300,-,0,1,0,6,파워링크,관련문서,함께 많이 찾는,관련문서,웹문서,,,,,,3,,,,,,,,,,,,,,,,,,,,,,,,,,,,,,,
1284,잠실정형외과,"1,150","1,940","3,090",-,0,5,0,6,파워링크,네이버 클립,함께 많이 찾는,관련문서,웹문서,,,,,,3,,,,,,,,,,,,,,,,,,,,,,,,,,,,,,,
1285,잠실역정형외과,190,390,580,-,0,4,0,3,파워링크,푸드 주제 네이버 메이트,함께 많이 찾는,건강·의학 인기글,웹문서,,,,,,3,,,,,,,,,,,,,,,,,,,,,,,,,,,,,,,
1286,잠실신경외과,50,230,280,-,1,2,1,6,파워링크,관련문서,네이버 클립,함께 많이 찾는,관련문서,웹문서,,,,,3,,,,,,,,,,,,,,,,,,,,,,,,,,,,,,,
1287,잠실새내정형외과,250,830,"1,080",-,1,4,1,6,파워링크,관련문서,함께 많이 찾는,관련문서,웹문서,,,,,,3,,,,,,,,,,,,,,,,,,,,,,,,,,,,,,,
1288,자외선치료기,40,150,190,-,0,0,0,0,파워링크,네이버 가격비교,네이버플러스 스토어,함께 많이 찾는,웹문서,,,,,,,,,,,,,,,,,,,,,,,,,,,,,,,,,,,,,
1289,자연동,30,220,250,-,0,3,0,4,파워링크,AI 브리핑,함께 많이 찾는,건강·의학 인기글,뉴스,네이버 가격비교,네이버플러스 스토어,웹문서,,,,,,,,,,,,,,,,,,,,,,,,,,,,,,,,,,
1290,자양강장,180,560,740,-,2,4,2,9,파워링크,AI 브리핑,관련문서,국어사전다른 어학정보 1,국어사전,인플루언서서비스 홈 바로가기,이미지,함께 많이 찾는,관련문서,웹문서,,,,,,,,,,,,,,,,,,,,,,,,,,,,,,,,
1291,자세브라,360,"3,750","4,110",-,0,0,0,0,파워링크,네이버 가격비교,네이버플러스 스토어,네이버 클립,함께 많이 찾는,웹문서,,,,,4,,,,,,,,,,,,,,,,,,,,,,,,,,,,,,,
1292,자세방석,60,110,170,-,0,0,0,0,파워링크,네이버 가격비교,네이버플러스 스토어,네이버 클립,함께 많이 찾는,웹문서,,,,,4,,,,,,,,,,,,,,,,,,,,,,,,,,,,,,,
1293,자세교정필라테스,40,310,350,-,1,4,1,7,파워링크,건강 주제 네이버 메이트,관련문서,이미지,네이버 가격비교,네이버플러스 스토어,뉴스,함께 많이 찾는,관련문서,최신 콘텐츠노출기준,4,,,,,,,,,,,,,,,,,,,,,,,,,,,,,,,
1294,자세교정클리닉,100,830,930,-,1,3,1,4,파워링크,건강 주제 네이버 메이트,관련문서,건강·의학 브랜드 콘텐츠,네이버 클립,인플루언서서비스 홈 바로가기,네이버 가격비교,네이버플러스 스토어,이미지,함께 많이 찾는,3,,,,,,,,,,,,,,,,,,,,,,,,,,,,,,,
1295,자세교정쿠션,150,290,440,-,0,0,0,0,파워링크,네이버 가격비교,네이버플러스 스토어,함께 많이 찾는,네이버 클립,웹문서,,,,,4,,,,,,,,,,,,,,,,,,,,,,,,,,,,,,,
1296,자세교정의자,700,"2,280","2,980",-,0,1,0,5,파워링크,네이버 가격비교,네이버플러스 스토어,함께 많이 찾는,네이버 클립,인플루언서서비스 홈 바로가기,건강·의학 인기글,웹문서,,,4,,,,,,,,,,,,,,,,,,,,,,,,,,,,,,,
1297,자세교정운동,130,600,730,-,2,5,2,6,파워링크,AI 브리핑,건강 주제 네이버 메이트,네이버 클립,브랜드 콘텐츠,관련문서,인플루언서서비스 홈 바로가기,네이버 가격비교,네이버플러스 스토어,함께 많이 찾는,4,,,,,,,,,,,,,,,,,,,,,,,,,,,,,,,
1298,자세교정요가,30,360,390,-,3,7,4,4,파워링크,AI 브리핑,건강 주제 네이버 메이트,관련문서,인플루언서서비스 홈 바로가기,네이버 가격비교,네이버플러스 스토어,이미지,함께 많이 찾는,관련문서,4,,,,,,,,,,,,,,,,,,,,,,,,,,,,,,,
1299,자세교정속옷,20,180,200,-,0,0,0,0,파워링크,네이버 가격비교,네이버플러스 스토어,함께 많이 찾는,웹문서,,,,,,4,,,,,,,,,,,,,,,,,,,,,,,,,,,,,,,
1300,자세교정브라,190,"2,680","2,870",-,0,0,0,0,파워링크,네이버 가격비교,네이버플러스 스토어,함께 많이 찾는,네이버 클립,웹문서,,,,,4,,,,,,,,,,,,,,,,,,,,,,,,,,,,,,,
1301,자세교정병원,20,260,280,-,1,5,1,3,파워링크,관련문서,이미지,함께 많이 찾는,관련문서,웹문서,,,,,3,,,,,,,,,,,,,,,,,,,,,,,,,,,,,,,
1302,자동차여름방석,120,960,"1,080",-,0,2,0,12,파워링크,네이버 가격비교,네이버플러스 스토어,함께 많이 찾는,관련문서,관련문서,이미지,웹문서,,,,,,,,,,,,,,,,,,,,,,,,,,,,,,,,,,
1303,자누아매트리스,120,510,630,-,0,2,0,5,네이버 가격비교,네이버플러스 스토어,함께 많이 찾는,상품리뷰 인기글,파워링크,웹문서,,,,,,,,,,,,,,,,,,,,,,,,,,,,,,,,,,,,
1304,자궁,640,"6,000","6,640",-,0,4,0,5,파워링크,AI 브리핑,관련문서,네이버 클립,이미지,뉴스,함께 많이 찾는,관련문서,웹문서,,,,,,,,,,,,,,,,,,,,,,,,,,,,,,,,,
1305,자가줄기세포,20,160,180,-,1,3,1,5,AI 브리핑,관련문서,이미지,함께 많이 찾는,관련문서,웹문서,,,,,,,,,,,,,,,,,,,,,,,,,,,,,,,,,,,,
1306,입주선물,80,320,400,-,0,6,0,1,파워링크,네이버플러스 스토어,선물샵,함께 많이 찾는,인테리어·DIY 인기글,이미지,웹문서,,,,🤔 보류,,,,,,,,,,,,,,,,,,,,,,,,,,,,,,,
1307,입원치료,40,80,120,-,3,4,3,3,관련문서,파워링크,뉴스,이미지,함께 많이 찾는,관련문서,웹문서,,,,3,,,,,,,,,,,,,,,,,,,,,,,,,,,,,,,
1308,입원병원,20,220,240,-,3,5,3,3,파워링크,건강 주제 네이버 메이트,관련문서,브랜드 콘텐츠,이미지,함께 많이 찾는,관련문서,웹문서,,,3,,,,,,,,,,,,,,,,,,,,,,,,,,,,,,,
1309,입원가능한한방병원,180,650,830,-,0,3,0,1,파워링크,함께 많이 찾는,건강·의학 인기글,웹문서,,,,,,,3,,,,,,,,,,,,,,,,,,,,,,,,,,,,,,,
1310,임신흑염소,20,130,150,-,1,7,2,7,파워링크,AI 브리핑,네이버 가격비교,네이버플러스 스토어,관련문서,육아 주제 네이버 메이트,함께 많이 찾는,관련문서,이미지,웹문서,,,,,,,,,,,,,,,,,,,,,,,,,,,,,,,,
1311,임신초기허리통증,150,"1,870","2,020",-,1,11,2,6,AI 브리핑,관련문서,네이버 클립,건강 주제 네이버 메이트,파워링크,함께 많이 찾는,관련문서,이미지,웹문서,,2,,,,,,,,,,,,,,,,,,,,,,,,,,,,,,,
1312,임신선물,990,"5,250","6,240",-,0,4,0,1,파워링크,네이버 클립,네이버플러스 스토어,선물샵,함께 많이 찾는,육아·결혼 인기글,웹문서,,,,🤔 보류,,,,,,,,,,,,,,,,,,,,,,,,,,,,,,,
1313,임신극초기허리통증,50,690,740,-,2,5,3,9,AI 브리핑,관련문서,건강 주제 네이버 메이트,파워링크,함께 많이 찾는,관련문서,이미지,웹문서,,,2,,,,,,,,,,,,,,,,,,,,,,,,,,,,,,,
1314,임산부허리통증,300,"2,840","3,140",-,1,7,3,7,AI 브리핑,건강 주제 네이버 메이트,네이버 클립,육아·결혼 브랜드 콘텐츠,인플루언서서비스 홈 바로가기,파워링크,네이버 가격비교,네이버플러스 스토어,이미지,함께 많이 찾는,2,,,,,,,,,,,,,,,,,,,,,,,,,,,,,,,
1315,임산부허리쿠션,50,210,260,-,2,7,2,7,네이버 가격비교,네이버플러스 스토어,함께 많이 찾는,관련문서,관련문서,파워링크,이미지,웹문서,,,4,,,,,,,,,,,,,,,,,,,,,,,,,,,,,,,
1316,임산부허리찜질,10,270,280,-,1,8,2,6,AI 브리핑,육아 주제 네이버 메이트,관련문서,파워링크,네이버 가격비교,네이버플러스 스토어,함께 많이 찾는,관련문서,이미지,웹문서,4,,,,,,,,,,,,,,,,,,,,,,,,,,,,,,,
1317,임산부허리삐끗,20,310,330,-,3,7,3,8,AI 브리핑,건강 주제 네이버 메이트,관련문서,파워링크,함께 많이 찾는,관련문서,이미지,웹문서,,,2,,,,,,,,,,,,,,,,,,,,,,,,,,,,,,,
1318,임산부허리복대,10,150,160,-,2,4,2,10,네이버 가격비교,네이버플러스 스토어,함께 많이 찾는,육아 주제 네이버 메이트,관련문서,관련문서,파워링크,이미지,웹문서,,4,,,,,,,,,,,,,,,,,,,,,,,,,,,,,,,
1319,임산부허리보호대,60,370,430,-,0,4,0,3,파워링크,네이버 가격비교,네이버플러스 스토어,함께 많이 찾는,육아 주제 네이버 메이트,인기글,웹문서,,,,4,,,,,,,,,,,,,,,,,,,,,,,,,,,,,,,
1320,임산부허리마사지,40,310,350,-,1,9,2,4,AI 브리핑,육아 주제 네이버 메이트,관련문서,네이버 가격비교,네이버플러스 스토어,이미지,파워링크,함께 많이 찾는,관련문서,웹문서,4,,,,,,,,,,,,,,,,,,,,,,,,,,,,,,,
1321,임산부종아리마사지,40,540,580,-,3,7,5,6,파워링크,AI 브리핑,육아 주제 네이버 메이트,관련문서,네이버 가격비교,네이버플러스 스토어,함께 많이 찾는,관련문서,이미지,웹문서,,,,,,,,,,,,,,,,,,,,,,,,,,,,,,,,
1322,임산부복대,380,"2,570","2,950",-,0,3,0,4,파워링크,네이버 쇼핑 인기 상품,웹문서,함께 많이 찾는,인플루언서서비스 홈 바로가기,육아·결혼 인기글,육아 주제 네이버 메이트,,,,4,,,,,,,,,,,,,,,,,,,,,,,,,,,,,,,
1323,임산부벨트,150,"1,150","1,300",-,0,1,0,5,파워링크,네이버 가격비교,네이버플러스 스토어,함께 많이 찾는,육아 주제 네이버 메이트,네이버 클립,인플루언서서비스 홈 바로가기,육아·결혼 인기글,웹문서,,4,,,,,,,,,,,,,,,,,,,,,,,,,,,,,,,
1324,임산부바디필로우,"1,320","6,060","7,380",-,0,1,0,5,파워링크,네이버 쇼핑 인기 상품,웹문서,함께 많이 찾는,인플루언서서비스 홈 바로가기,육아·결혼 인기글,지금 볼만한 브랜드,육아 주제 네이버 메이트,,,,,,,,,,,,,,,,,,,,,,,,,,,,,,,,,,
1325,임산부마사지기,70,290,360,-,0,4,0,3,파워링크,네이버 가격비교,네이버플러스 스토어,함께 많이 찾는,육아 주제 네이버 메이트,육아·결혼 인기글,웹문서,,,,4,,,,,,,,,,,,,,,,,,,,,,,,,,,,,,,
1326,임산부다리마사지,60,500,560,-,2,8,2,5,AI 브리핑,육아 주제 네이버 메이트,관련문서,네이버 가격비교,네이버플러스 스토어,함께 많이 찾는,관련문서,파워링크,이미지,웹문서,,,,,,,,,,,,,,,,,,,,,,,,,,,,,,,,
1327,일주년선물,10,190,200,-,0,6,0,2,파워링크,네이버플러스 스토어,선물샵,함께 많이 찾는,인기글,지식iN,웹문서,,,,🤔 보류,,,,,,,,,,,,,,,,,,,,,,,,,,,,,,,
1328,일자허리교정기,90,800,890,-,0,4,0,4,네이버 가격비교,네이버플러스 스토어,네이버 클립,함께 많이 찾는,인기글,파워링크,웹문서,,,,4,,,,,,,,,,,,,,,,,,,,,,,,,,,,,,,
1329,일월전기매트,430,"1,370","1,800",-,0,5,0,2,파워링크,네이버 가격비교,네이버플러스 스토어,함께 많이 찾는,이미지,상품리뷰 인기글,웹문서,,,,,,,,,,,,,,,,,,,,,,,,,,,,,,,,,,,
1330,일요일진료병원,160,"9,590","9,750",-,3,11,3,3,파워링크,건강 주제 네이버 메이트,관련문서,브랜드 콘텐츠,함께 많이 찾는,관련문서,웹문서,,,,🤔 보류,,,,,,,,,,,,,,,,,,,,,,,,,,,,,,,
1331,일산정형외과,600,"2,530","3,130",-,0,4,0,6,파워링크,함께 많이 찾는,관련문서,웹문서,,,,,,,3,,,,,,,,,,,,,,,,,,,,,,,,,,,,,,,
1332,일산재활,110,20,130,-,0,5,0,5,파워링크,이미지,뉴스,함께 많이 찾는,관련문서,웹문서,,,,,3,,,,,,,,,,,,,,,,,,,,,,,,,,,,,,,
1333,일산병원,"8,940","29,500","38,440",-,3,3,3,6,파워링크,뉴스,함께 많이 찾는,관련문서,웹문서,,,,,,🤔 보류,,,,,,,,,,,,,,,,,,,,,,,,,,,,,,,
1334,일산도수치료,70,170,240,-,1,6,1,6,파워링크,관련문서,이미지,함께 많이 찾는,관련문서,웹문서,,,,,3,,,,,,,,,,,,,,,,,,,,,,,,,,,,,,,
1335,일산교통사고병원,60,200,260,-,1,4,1,4,파워링크,관련문서,뉴스,관련문서,웹문서,,,,,,3,,,,,,,,,,,,,,,,,,,,,,,,,,,,,,,
1336,일산MRI,20,90,110,-,3,4,3,5,파워링크,관련문서,뉴스,함께 많이 찾는,관련문서,이미지,웹문서,,,,3,,,,,,,,,,,,,,,,,,,,,,,,,,,,,,,
1337,일본허리통증약,10,240,250,-,2,5,2,8,AI 브리핑,건강 주제 네이버 메이트,관련문서,파워링크,이미지,뉴스,함께 많이 찾는,관련문서,웹문서,,4,,,,,,,,,,,,,,,,,,,,,,,,,,,,,,,
1338,일본파스,"1,740","14,400","16,140",-,0,0,0,0,파워링크,네이버 가격비교,네이버플러스 스토어,함께 많이 찾는,웹문서,,,,,,4,,,,,,,,,,,,,,,,,,,,,,,,,,,,,,,
1339,일본안마의자,90,250,340,-,0,4,0,3,파워링크,네이버 가격비교,네이버플러스 스토어,함께 많이 찾는,인플루언서서비스 홈 바로가기,인기글,웹문서,,,,4,,,,,,,,,,,,,,,,,,,,,,,,,,,,,,,
1340,일본병원파스,5,100,105,-,0,4,0,3,파워링크,네이버 가격비교,네이버플러스 스토어,네이버 클립,이미지,함께 많이 찾는,인기글,웹문서,,,4,,,,,,,,,,,,,,,,,,,,,,,,,,,,,,,
1341,인체공학베개,10,100,110,-,0,0,0,0,파워링크,네이버 가격비교,네이버플러스 스토어,함께 많이 찾는,웹문서,,,,,,,,,,,,,,,,,,,,,,,,,,,,,,,,,,,,,
1342,인천허리디스크병원,90,230,320,-,0,5,0,2,파워링크,인기글,웹문서,,,,,,,,3,,,,,,,,,,,,,,,,,,,,,,,,,,,,,,,
1343,인천한방병원,"1,680","2,660","4,340",-,2,4,2,6,파워링크,건강·의학 브랜드 콘텐츠,관련문서,뉴스,함께 많이 찾는,관련문서,웹문서,,,,🤔 보류,,,,,,,,,,,,,,,,,,,,,,,,,,,,,,,
1344,인천통증의학과,50,140,190,-,0,3,0,4,파워링크,관련문서,뉴스,함께 많이 찾는,관련문서,웹문서,,,,,🤔 보류,,,,,,,,,,,,,,,,,,,,,,,,,,,,,,,
1345,인천척추병원,60,100,160,-,2,4,2,4,파워링크,브랜드 콘텐츠,이미지,뉴스,관련문서,웹문서,,,,,3,,,,,,,,,,,,,,,,,,,,,,,,,,,,,,,
1346,인천척추관절병원,20,190,210,-,1,3,1,4,파워링크,뉴스,관련문서,이미지,웹문서,,,,,,3,,,,,,,,,,,,,,,,,,,,,,,,,,,,,,,
1347,인천정형외과추천,60,350,410,-,0,4,0,2,파워링크,함께 많이 찾는,인기글,웹문서,,,,,,,🤔 보류,,,,,,,,,,,,,,,,,,,,,,,,,,,,,,,
1348,인천정형외과,520,"1,460","1,980",-,3,4,3,5,파워링크,관련문서,건강·의학 브랜드 콘텐츠,함께 많이 찾는,관련문서,웹문서,,,,,🤔 보류,,,,,,,,,,,,,,,,,,,,,,,,,,,,,,,
1349,인천재활의학과,20,150,170,-,0,3,0,5,파워링크,뉴스,함께 많이 찾는,관련문서,웹문서,,,,,,🤔 보류,,,,,,,,,,,,,,,,,,,,,,,,,,,,,,,
1350,인천재활요양병원,40,90,130,-,1,4,1,6,파워링크,브랜드 콘텐츠,뉴스,관련문서,이미지,웹문서,,,,,🤔 보류,,,,,,,,,,,,,,,,,,,,,,,,,,,,,,,
1351,인천재활센터,10,110,120,-,1,4,1,5,파워링크,이미지,뉴스,관련문서,웹문서,,,,,,🤔 보류,,,,,,,,,,,,,,,,,,,,,,,,,,,,,,,
1352,인천어깨병원,20,100,120,-,2,5,2,5,파워링크,관련문서,이미지,뉴스,함께 많이 찾는,관련문서,웹문서,,,,,,,,,,,,,,,,,,,,,,,,,,,,,,,,,,,
1353,인천병원,480,"1,840","2,320",-,1,5,1,4,파워링크,동영상,뉴스,함께 많이 찾는,관련문서,웹문서,,,,,,,,,,,,,,,,,,,,,,,,,,,,,,,,,,,,
1354,인천논현사진관,90,200,290,-,0,2,0,8,파워링크,관련문서,이미지,함께 많이 찾는,관련문서,웹문서,,,,,,,,,,,,,,,,,,,,,,,,,,,,,,,,,,,,
1355,인천논현동정형외과,250,990,"1,240",-,0,3,0,4,파워링크,함께 많이 찾는,건강·의학 인기글,웹문서,,,,,,,🤔 보류,,,,,,,,,,,,,,,,,,,,,,,,,,,,,,,
1356,인사선물,90,120,210,-,0,0,0,0,파워링크,네이버플러스 스토어,선물샵,함께 많이 찾는,네이버 클립,이미지,웹문서,,,,,,,,,,,,,,,,,,,,,,,,,,,,,,,,,,,
1357,인대파열,560,"4,610","5,170",-,2,3,2,5,파워링크,AI 브리핑,건강 소식,지식iN 의사 답변,함께 찾는 질병,건강·의학 브랜드 콘텐츠,네이버 클립,이미지,뉴스,함께 많이 찾는,🤔 보류,,,,,,,,,,,,,,,,,,,,,,,,,,,,,,,
1358,인대강화주사,180,"1,590","1,770",-,2,4,2,3,파워링크,건강 주제 네이버 메이트,네이버 클립,건강·의학 브랜드 콘텐츠,이미지,함께 많이 찾는,관련문서,웹문서,,,🤔 보류,,,,,,,,,,,,,,,,,,,,,,,,,,,,,,,
1359,이케아게이밍의자,140,500,640,-,0,1,0,7,파워링크,네이버 가격비교,네이버플러스 스토어,인기글,웹문서,,,,,,,,,,,,,,,,,,,,,,,,,,,,,,,,,,,,,
1360,이어냅,90,370,460,-,0,4,0,3,네이버 가격비교,네이버플러스 스토어,함께 많이 찾는,인기글,파워링크,웹문서,,,,,,,,,,,,,,,,,,,,,,,,,,,,,,,,,,,,
1361,이석증,"11,400","63,100","74,500",-,3,5,3,6,파워링크,AI 브리핑,건강 소식,지식iN 의사 답변,건강·의학 브랜드 콘텐츠,네이버 클립,이미지,네이버 가격비교,네이버플러스 스토어,함께 많이 찾는,,,,,,,,,,,,,,,,,,,,,,,,,,,,,,,,
1362,이상호박사,10,110,120,-,0,2,0,5,관련문서,이미지,뉴스,관련문서,웹문서,,,,,,3,,,,,,,,,,,,,,,,,,,,,,,,,,,,,,,
1363,이바지선물,40,200,240,-,0,3,0,4,파워링크,네이버플러스 스토어,선물샵,상품리뷰 인기글,이미지,웹문서,,,,,,,,,,,,,,,,,,,,,,,,,,,,,,,,,,,,
1364,이곡동헬스장,100,240,340,-,0,1,0,8,파워링크,함께 많이 찾는,스포츠 인기글,웹문서,,,,,,,,,,,,,,,,,,,,,,,,,,,,,,,,,,,,,,
1365,의정부허리병원,5,190,195,-,2,4,2,8,파워링크,관련문서,이미지,웹문서,,,,,,,3,,,,,,,,,,,,,,,,,,,,,,,,,,,,,,,
1366,의정부허리디스크,160,100,260,-,2,5,2,6,파워링크,관련문서,함께 많이 찾는,관련문서,이미지,웹문서,,,,,3,,,,,,,,,,,,,,,,,,,,,,,,,,,,,,,
1367,의정부한의원,"1,180","2,650","3,830",-,2,9,2,5,파워링크,관련문서,함께 많이 찾는,관련문서,웹문서,,,,,,🤔 보류,,,,,,,,,,,,,,,,,,,,,,,,,,,,,,,
1368,의정부통증의학과,60,370,430,-,2,3,2,3,파워링크,함께 많이 찾는,관련문서,뉴스,웹문서,,,,,,3,,,,,,,,,,,,,,,,,,,,,,,,,,,,,,,
1369,의정부척추전문병원,20,200,220,-,1,4,1,8,파워링크,관련문서,뉴스,함께 많이 찾는,관련문서,이미지,웹문서,,,,3,,,,,,,,,,,,,,,,,,,,,,,,,,,,,,,
1370,의정부척추병원,70,50,120,-,2,4,2,7,파워링크,관련문서,뉴스,함께 많이 찾는,관련문서,이미지,웹문서,,,,3,,,,,,,,,,,,,,,,,,,,,,,,,,,,,,,
1371,의정부정형외과,"1,300","5,290","6,590",-,0,2,0,5,파워링크,관련문서,브랜드 콘텐츠,뉴스,함께 많이 찾는,관련문서,웹문서,,,,3,,,,,,,,,,,,,,,,,,,,,,,,,,,,,,,
1372,의정부재활센터,10,120,130,-,0,4,0,3,파워링크,뉴스,네이버 클립,함께 많이 찾는,관련문서,이미지,웹문서,,,,3,,,,,,,,,,,,,,,,,,,,,,,,,,,,,,,
1373,의정부재활,30,160,190,-,0,5,0,2,파워링크,네이버 클립,함께 많이 찾는,건강·의학 인기글,웹문서,,,,,,3,,,,,,,,,,,,,,,,,,,,,,,,,,,,,,,
1374,의정부역정형외과,210,470,680,-,0,4,0,3,파워링크,함께 많이 찾는,건강·의학 인기글,웹문서,,,,,,,3,,,,,,,,,,,,,,,,,,,,,,,,,,,,,,,
1375,의정부관절병원,5,100,105,-,1,5,1,6,파워링크,관련문서,함께 많이 찾는,관련문서,이미지,웹문서,,,,,,,,,,,,,,,,,,,,,,,,,,,,,,,,,,,,
1376,의정부MRI,10,180,190,-,1,5,1,4,파워링크,관련문서,함께 많이 찾는,관련문서,이미지,웹문서,,,,,🤔 보류,,,,,,,,,,,,,,,,,,,,,,,,,,,,,,,
1377,의자형안마기,160,610,770,-,0,2,0,4,파워링크,네이버 가격비교,네이버플러스 스토어,함께 많이 찾는,상품리뷰 인기글,웹문서,,,,,4,,,,,,,,,,,,,,,,,,,,,,,,,,,,,,,
1378,의자허리쿠션,"2,300","2,840","5,140",-,0,1,0,5,파워링크,네이버 쇼핑 인기 상품,웹문서,함께 많이 찾는,네이버 클립,인기글,,,,,4,,,,,,,,,,,,,,,,,,,,,,,,,,,,,,,
1379,의자허리받침대,"1,210","2,120","3,330",-,0,5,0,1,파워링크,네이버 쇼핑 인기 상품,웹문서,함께 많이 찾는,인기글,,,,,,4,,,,,,,,,,,,,,,,,,,,,,,,,,,,,,,
1380,의자허리받침,180,180,360,-,0,5,0,1,파워링크,네이버 가격비교,네이버플러스 스토어,함께 많이 찾는,인기글,웹문서,,,,,4,,,,,,,,,,,,,,,,,,,,,,,,,,,,,,,
1381,의자좌판,140,190,330,-,0,0,0,1,파워링크,네이버 가격비교,네이버플러스 스토어,함께 많이 찾는,웹문서,,,,,,,,,,,,,,,,,,,,,,,,,,,,,,,,,,,,,
1382,의자자세교정,280,500,780,-,0,2,0,5,파워링크,네이버 가격비교,네이버플러스 스토어,함께 많이 찾는,네이버 클립,건강·의학 인기글,웹문서,,,,4,,,,,,,,,,,,,,,,,,,,,,,,,,,,,,,
1383,의자여름방석,50,70,120,-,0,0,0,0,파워링크,네이버 가격비교,네이버플러스 스토어,함께 많이 찾는,웹문서,,,,,,,,,,,,,,,,,,,,,,,,,,,,,,,,,,,,,
1384,의자발,100,340,440,-,0,0,0,0,파워링크,네이버 가격비교,네이버플러스 스토어,함께 많이 찾는,웹문서,,,,,,,,,,,,,,,,,,,,,,,,,,,,,,,,,,,,,
1385,의자받침대,180,350,530,-,0,0,0,0,파워링크,네이버 가격비교,네이버플러스 스토어,함께 많이 찾는,네이버 클립,웹문서,,,,,🤔 보류,,,,,,,,,,,,,,,,,,,,,,,,,,,,,,,
1386,의자받침,60,170,230,-,0,0,0,1,파워링크,네이버 가격비교,네이버플러스 스토어,함께 많이 찾는,웹문서,,,,,,🤔 보류,,,,,,,,,,,,,,,,,,,,,,,,,,,,,,,
1387,의자매장,120,380,500,-,0,2,0,5,파워링크,함께 많이 찾는,인테리어·DIY 인기글,네이버 가격비교,네이버플러스 스토어,웹문서,,,,,,,,,,,,,,,,,,,,,,,,,,,,,,,,,,,,
1388,의자마사지기,60,190,250,-,0,0,0,1,파워링크,네이버 가격비교,네이버플러스 스토어,함께 많이 찾는,웹문서,,,,,,4,,,,,,,,,,,,,,,,,,,,,,,,,,,,,,,
1389,의자등쿠션,290,610,900,-,0,0,0,1,파워링크,네이버 가격비교,네이버플러스 스토어,함께 많이 찾는,웹문서,,,,,,4,,,,,,,,,,,,,,,,,,,,,,,,,,,,,,,
1390,의자등받이커버,300,"1,290","1,590",-,0,3,0,6,파워링크,네이버 가격비교,네이버플러스 스토어,함께 많이 찾는,관련문서,관련문서,이미지,웹문서,,,,,,,,,,,,,,,,,,,,,,,,,,,,,,,,,,
1391,의원,"1,160","12,600","13,760",-,1,5,1,4,파워링크,네이버 클립,뉴스,관련문서,웹문서,,,,,,,,,,,,,,,,,,,,,,,,,,,,,,,,,,,,,
1392,의료침대,90,440,530,-,0,3,0,1,파워링크,네이버 가격비교,네이버플러스 스토어,함께 많이 찾는,네이버 클립,건강·의학 인기글,웹문서,,,,,,,,,,,,,,,,,,,,,,,,,,,,,,,,,,,
1393,의료용허리복대,180,"2,200","2,380",-,1,5,1,4,네이버 가격비교,네이버플러스 스토어,파워링크,함께 많이 찾는,관련문서,관련문서,이미지,웹문서,,,4,,,,,,,,,,,,,,,,,,,,,,,,,,,,,,,
1394,의료용허리보호대,420,"3,220","3,640",-,0,2,0,4,파워링크,네이버 가격비교,네이버플러스 스토어,함께 많이 찾는,상품리뷰 인기글,웹문서,,,,,4,,,,,,,,,,,,,,,,,,,,,,,,,,,,,,,
1395,의료용허리보조기,10,110,120,-,2,3,2,7,파워링크,네이버 가격비교,네이버플러스 스토어,관련문서,함께 많이 찾는,관련문서,이미지,웹문서,,,4,,,,,,,,,,,,,,,,,,,,,,,,,,,,,,,
1396,의료용침대,500,"2,850","3,350",-,0,3,0,1,파워링크,네이버 가격비교,네이버플러스 스토어,함께 많이 찾는,건강·의학 인기글,웹문서,,,,,,,,,,,,,,,,,,,,,,,,,,,,,,,,,,,,
1397,의료용전동침대,200,910,"1,110",-,0,4,0,1,파워링크,네이버 가격비교,네이버플러스 스토어,함께 많이 찾는,건강·의학 인기글,웹문서,,,,,,,,,,,,,,,,,,,,,,,,,,,,,,,,,,,,
1398,의료용안마기,10,100,110,-,0,0,0,0,파워링크,네이버 가격비교,네이버플러스 스토어,함께 많이 찾는,이미지,웹문서,,,,,4,,,,,,,,,,,,,,,,,,,,,,,,,,,,,,,
1399,의료용복대,100,440,540,-,0,1,0,6,파워링크,네이버 가격비교,네이버플러스 스토어,함께 많이 찾는,상품리뷰 인기글,웹문서,,,,,4,,,,,,,,,,,,,,,,,,,,,,,,,,,,,,,
1400,의료소모품,190,130,320,-,0,2,0,4,파워링크,네이버 가격비교,네이버플러스 스토어,관련문서,브랜드 콘텐츠,함께 많이 찾는,관련문서,이미지,웹문서,,,,,,,,,,,,,,,,,,,,,,,,,,,,,,,,,
1401,의료기판매점,10,110,120,-,0,4,0,7,파워링크,관련문서,이미지,네이버 가격비교,네이버플러스 스토어,함께 많이 찾는,관련문서,웹문서,,,🤔 보류,,,,,,,,,,,,,,,,,,,,,,,,,,,,,,,
1402,의료기침대,30,380,410,-,0,0,0,0,파워링크,네이버 가격비교,네이버플러스 스토어,함께 많이 찾는,웹문서,,,,,,,,,,,,,,,,,,,,,,,,,,,,,,,,,,,,,
1403,의료기상사,690,"4,610","5,300",-,0,4,0,4,파워링크,관련문서,네이버 가격비교,네이버플러스 스토어,뉴스,이미지,함께 많이 찾는,관련문서,웹문서,,🤔 보류,,,,,,,,,,,,,,,,,,,,,,,,,,,,,,,
1404,의료기기판매,410,"3,300","3,710",-,1,4,1,5,파워링크,관련문서,브랜드 콘텐츠,네이버 가격비교,네이버플러스 스토어,이미지,함께 많이 찾는,관련문서,웹문서,,🤔 보류,,,,,,,,,,,,,,,,,,,,,,,,,,,,,,,
1405,의료기기종류,120,570,690,-,1,0,1,4,파워링크,관련문서,이미지,뉴스,함께 많이 찾는,관련문서,네이버 가격비교,네이버플러스 스토어,웹문서,,1,,,,,,,,,,,,,,,,,,,,,,,,,,,,,,,
1406,의료기기무릎보호대,10,150,160,-,3,4,3,5,파워링크,네이버 가격비교,네이버플러스 스토어,함께 많이 찾는,관련문서,관련문서,이미지,웹문서,,,,,,,,,,,,,,,,,,,,,,,,,,,,,,,,,,
1407,의료기기렌탈,70,70,140,-,0,0,0,1,파워링크,네이버 가격비교,네이버플러스 스토어,함께 많이 찾는,웹문서,,,,,,🤔 보류,,,,,,,,,,,,,,,,,,,,,,,,,,,,,,,
1408,의료기기,"1,640","5,060","6,700",-,0,2,0,6,파워링크,네이버 가격비교,네이버플러스 스토어,함께 많이 찾는,건강·의학 브랜드 콘텐츠,뉴스,관련문서,이미지,웹문서,,🤔 보류,,,,,,,,,,,,,,,,,,,,,,,,,,,,,,,
1409,음식물분쇄기,"4,060","24,500","28,560",-,0,1,0,3,브랜드검색,파워링크,네이버 가격비교,네이버플러스 스토어,함께 많이 찾는,상품리뷰 인기글,웹문서,,,,,,,,,,,,,,,,,,,,,,,,,,,,,,,,,,,
1410,은평구한방병원,110,230,340,-,0,4,0,4,파워링크,관련문서,브랜드 콘텐츠,함께 많이 찾는,관련문서,웹문서,,,,,3,,,,,,,,,,,,,,,,,,,,,,,,,,,,,,,
1411,은평구정형외과,810,"2,490","3,300",-,2,5,2,4,파워링크,관련문서,네이버 클립,함께 많이 찾는,관련문서,웹문서,,,,,3,,,,,,,,,,,,,,,,,,,,,,,,,,,,,,,
1412,은평구병원,60,250,310,-,1,5,1,4,파워링크,뉴스,함께 많이 찾는,관련문서,웹문서,,,,,,🤔 보류,,,,,,,,,,,,,,,,,,,,,,,,,,,,,,,
1413,은평구교통사고한의원,90,80,170,-,1,10,1,6,파워링크,관련문서,브랜드 콘텐츠,관련문서,웹문서,,,,,,3,,,,,,,,,,,,,,,,,,,,,,,,,,,,,,,
1414,은평구교통사고병원,20,100,120,-,2,5,2,6,파워링크,관련문서,뉴스,관련문서,웹문서,,,,,,3,,,,,,,,,,,,,,,,,,,,,,,,,,,,,,,
1415,육종암,"1,590","12,900","14,490",-,1,13,1,5,파워링크,AI 브리핑,건강 소식,지식iN 의사 답변,함께 찾는 질병,관련 경험 카페글,육종암' 브랜드 콘텐츠,이미지,함께 많이 찾는,관련문서,,,,,,,,,,,,,,,,,,,,,,,,,,,,,,,,
1416,유로탑,60,90,150,-,0,0,0,0,네이버 가격비교,네이버플러스 스토어,함께 많이 찾는,파워링크,웹문서,,,,,,,,,,,,,,,,,,,,,,,,,,,,,,,,,,,,,
1417,위례정형외과,790,"2,670","3,460",-,1,4,1,7,파워링크,푸드 주제 네이버 메이트,관련문서,함께 많이 찾는,관련문서,웹문서,,,,,3,,,,,,,,,,,,,,,,,,,,,,,,,,,,,,,
1418,웨딩속옷,130,750,880,-,0,3,0,2,파워링크,네이버 가격비교,네이버플러스 스토어,함께 많이 찾는,육아·결혼 인기글,웹문서,,,,,,,,,,,,,,,,,,,,,,,,,,,,,,,,,,,,
1419,원터치트리,40,130,170,-,0,5,0,2,네이버 가격비교,네이버플러스 스토어,함께 많이 찾는,인테리어·DIY 인기글,파워링크,이미지,동영상,웹문서,,,,,,,,,,,,,,,,,,,,,,,,,,,,,,,,,,
1420,원주정형외과추천,60,620,680,-,3,5,3,6,파워링크,관련문서,함께 많이 찾는,관련문서,이미지,웹문서,,,,,3,,,,,,,,,,,,,,,,,,,,,,,,,,,,,,,
1421,원주병원,230,"1,570","1,800",-,2,3,2,7,파워링크,관련문서,뉴스,함께 많이 찾는,관련문서,웹문서,,,,,3,,,,,,,,,,,,,,,,,,,,,,,,,,,,,,,
1422,원적외선효능,10,140,150,-,0,4,0,9,AI 브리핑,건강 주제 네이버 메이트,관련문서,파워링크,함께 많이 찾는,관련문서,이미지,웹문서,,,1,,,,,,,,,,,,,,,,,,,,,,,,,,,,,,,
1423,원적외선효과,130,"1,740","1,870",-,2,4,2,5,파워링크,AI 브리핑,관련문서,건강 주제 네이버 메이트,인플루언서서비스 홈 바로가기,이미지,함께 많이 찾는,관련문서,웹문서,,1,,,,,,,,,,,,,,,,,,,,,,,,,,,,,,,
1424,원적외선허리패치,10,320,330,-,0,3,0,8,파워링크,네이버 가격비교,네이버플러스 스토어,함께 많이 찾는,관련문서,관련문서,웹문서,,,,4,,,,,,,,,,,,,,,,,,,,,,,,,,,,,,,
1425,원적외선허리치료패치,10,170,180,-,0,5,0,7,파워링크,네이버 가격비교,네이버플러스 스토어,함께 많이 찾는,관련문서,관련문서,웹문서,,,,4,,,,,,,,,,,,,,,,,,,,,,,,,,,,,,,
1426,원적외선패치허리,5,110,115,-,0,3,0,7,AI 브리핑,파워링크,관련문서,네이버 가격비교,네이버플러스 스토어,함께 많이 찾는,관련문서,이미지,웹문서,,4,,,,,,,,,,,,,,,,,,,,,,,,,,,,,,,
1427,원적외선파스,50,290,340,-,0,0,0,0,네이버 가격비교,네이버플러스 스토어,파워링크,함께 많이 찾는,웹문서,,,,,,4,,,,,,,,,,,,,,,,,,,,,,,,,,,,,,,
1428,원적외선치료패치,10,100,110,-,0,4,0,7,파워링크,관련문서,네이버 가격비교,네이버플러스 스토어,함께 많이 찾는,관련문서,이미지,웹문서,,,4,,,,,,,,,,,,,,,,,,,,,,,,,,,,,,,
1429,원적외선찜질방,10,170,180,-,0,5,0,5,파워링크,관련문서,네이버 가격비교,네이버플러스 스토어,함께 많이 찾는,관련문서,이미지,웹문서,,,,,,,,,,,,,,,,,,,,,,,,,,,,,,,,,,
1430,원적외선좌욕기,120,530,650,-,0,1,0,3,파워링크,네이버 가격비교,네이버플러스 스토어,함께 많이 찾는,네이버 클립,상품리뷰 인기글,웹문서,,,,,,,,,,,,,,,,,,,,,,,,,,,,,,,,,,,
1431,원적외선조사기,140,910,"1,050",-,0,3,0,7,파워링크,네이버 가격비교,네이버플러스 스토어,관련문서,네이버 클립,인플루언서서비스 홈 바로가기,관련문서,이미지,웹문서,,4,,,,,,,,,,,,,,,,,,,,,,,,,,,,,,,
1432,원적외선온열치료기,80,650,730,-,1,3,1,7,파워링크,네이버 가격비교,네이버플러스 스토어,함께 많이 찾는,건강 주제 네이버 메이트,건강·의학 브랜드 콘텐츠,관련문서,관련문서,이미지,웹문서,4,,,,,,,,,,,,,,,,,,,,,,,,,,,,,,,
1433,원적외선온열돔,80,450,530,-,2,3,2,9,파워링크,네이버 가격비교,네이버플러스 스토어,함께 많이 찾는,관련문서,관련문서,이미지,웹문서,,,4,,,,,,,,,,,,,,,,,,,,,,,,,,,,,,,
1434,원적외선반신욕기,10,100,110,-,0,4,0,6,파워링크,네이버 가격비교,네이버플러스 스토어,함께 많이 찾는,관련문서,인플루언서서비스 홈 바로가기,관련문서,이미지,웹문서,,,,,,,,,,,,,,,,,,,,,,,,,,,,,,,,,
1435,원적외선매트,20,140,160,-,0,2,0,3,파워링크,네이버 가격비교,네이버플러스 스토어,함께 많이 찾는,상품리뷰 인기글,웹문서,,,,,4,,,,,,,,,,,,,,,,,,,,,,,,,,,,,,,
1436,원적외선램프,40,190,230,-,0,0,0,0,파워링크,네이버 가격비교,네이버플러스 스토어,함께 많이 찾는,네이버 클립,웹문서,,,,,4,,,,,,,,,,,,,,,,,,,,,,,,,,,,,,,
1437,원적외선돔,50,290,340,-,0,3,0,4,파워링크,네이버 가격비교,네이버플러스 스토어,함께 많이 찾는,건강·의학 인기글,웹문서,,,,,4,,,,,,,,,,,,,,,,,,,,,,,,,,,,,,,
1438,웅진코웨이매트리스,50,350,400,-,0,4,0,5,파워링크,네이버 가격비교,네이버플러스 스토어,함께 많이 찾는,관련문서,관련문서,이미지,웹문서,,,,,,,,,,,,,,,,,,,,,,,,,,,,,,,,,,
1439,울산허리통증병원,50,120,170,-,1,4,1,7,파워링크,건강 주제 네이버 메이트,관련문서,뉴스,함께 많이 찾는,관련문서,이미지,웹문서,,,3,,,,,,,,,,,,,,,,,,,,,,,,,,,,,,,
1440,울산목디스크병원,30,130,160,-,3,4,3,6,파워링크,건강 주제 네이버 메이트,관련문서,함께 많이 찾는,관련문서,이미지,웹문서,,,,,,,,,,,,,,,,,,,,,,,,,,,,,,,,,,,
1441,운정재활병원,40,70,110,-,1,5,1,3,파워링크,관련문서,이미지,관련문서,웹문서,,,,,,3,,,,,,,,,,,,,,,,,,,,,,,,,,,,,,,
1442,운전허리쿠션,50,330,380,-,0,0,0,0,네이버 가격비교,네이버플러스 스토어,파워링크,함께 많이 찾는,웹문서,,,,,,4,,,,,,,,,,,,,,,,,,,,,,,,,,,,,,,
1443,운전석방석,50,520,570,-,0,0,0,0,파워링크,네이버 가격비교,네이버플러스 스토어,함께 많이 찾는,웹문서,,,,,,,,,,,,,,,,,,,,,,,,,,,,,,,,,,,,,
1444,운전석등받이,30,160,190,-,0,0,0,0,파워링크,네이버 가격비교,네이버플러스 스토어,함께 많이 찾는,웹문서,,,,,,4,,,,,,,,,,,,,,,,,,,,,,,,,,,,,,,
1445,운동후허리통증,30,210,240,-,5,4,5,5,AI 브리핑,건강 주제 네이버 메이트,관련문서,파워링크,이미지,함께 많이 찾는,관련문서,웹문서,,,2,,,,,,,,,,,,,,,,,,,,,,,,,,,,,,,
1446,운동프로그램,40,100,140,-,0,5,0,2,파워링크,이런 예능 어때요?,많이 찾는 예능,함께 많이 찾는,건강·의학 인기글,취미/스포츠 상담,웹문서,,,,,,,,,,,,,,,,,,,,,,,,,,,,,,,,,,,
1447,운동치료사,100,250,350,-,0,5,0,6,파워링크,AI 브리핑,교육 주제 네이버 메이트,관련문서,함께 많이 찾는,관련문서,이미지,웹문서,,,,,,,,,,,,,,,,,,,,,,,,,,,,,,,,,,
1448,운동치료,150,500,650,-,3,4,3,2,파워링크,AI 브리핑,지식iN 의사 답변,함께 찾는 질병,브랜드 콘텐츠,네이버 클립,이미지,함께 많이 찾는,관련문서,웹문서,3,,,,,,,,,,,,,,,,,,,,,,,,,,,,,,,
1449,운동재활센터,40,290,330,-,2,5,2,3,파워링크,함께 많이 찾는,관련문서,이미지,웹문서,,,,,,3,,,,,,,,,,,,,,,,,,,,,,,,,,,,,,,
1450,운동센터,90,620,710,-,1,5,1,3,파워링크,네이버 클립,관련문서,이미지,함께 많이 찾는,관련문서,웹문서,,,,,,,,,,,,,,,,,,,,,,,,,,,,,,,,,,,
1451,운동복대,20,90,110,-,0,0,0,0,파워링크,네이버 가격비교,네이버플러스 스토어,함께 많이 찾는,웹문서,,,,,,4,,,,,,,,,,,,,,,,,,,,,,,,,,,,,,,
1452,운동기구매트,100,380,480,-,0,0,0,1,파워링크,네이버 가격비교,네이버플러스 스토어,함께 많이 찾는,웹문서,,,,,,,,,,,,,,,,,,,,,,,,,,,,,,,,,,,,,
1453,우정선물,40,180,220,-,0,2,0,5,파워링크,네이버플러스 스토어,선물샵,함께 많이 찾는,인기글,이미지,웹문서,,,,,,,,,,,,,,,,,,,,,,,,,,,,,,,,,,,
1454,우리엠에스엠,10,160,170,-,3,4,3,3,파워링크,네이버 가격비교,네이버플러스 스토어,함께 많이 찾는,관련문서,관련문서,웹문서,,,,,,,,,,,,,,,,,,,,,,,,,,,,,,,,,,,
1455,우리신경외과,170,"1,440","1,610",-,0,3,0,3,파워링크,네이버 클립,이미지,함께 많이 찾는,관련문서,웹문서,,,,,3,,,,,,,,,,,,,,,,,,,,,,,,,,,,,,,
1456,우리들병원이상호,30,90,120,-,1,0,1,4,이상호,재능기부 프로젝트 - 한 걸음 더2024.05.11.~2024.06.15.,웹문서,관련문서,이미지,뉴스,관련문서,,,,3,,,,,,,,,,,,,,,,,,,,,,,,,,,,,,,
1457,우드보드,140,280,420,-,0,0,0,0,파워링크,네이버 가격비교,네이버플러스 스토어,함께 많이 찾는,이미지,웹문서,,,,,,,,,,,,,,,,,,,,,,,,,,,,,,,,,,,,
1458,용호동정형외과,50,390,440,-,2,0,2,7,파워링크,관련문서,함께 많이 찾는,관련문서,웹문서,,,,,,,,,,,,,,,,,,,,,,,,,,,,,,,,,,,,,
1459,용산PT,50,130,180,-,0,1,0,6,파워링크,함께 많이 찾는,인기글,웹문서,,,,,,,,,,,,,,,,,,,,,,,,,,,,,,,,,,,,,,
1460,욕창메디폼,60,250,310,-,3,5,3,5,파워링크,네이버 가격비교,네이버플러스 스토어,관련문서,함께 많이 찾는,관련문서,이미지,웹문서,,,,,,,,,,,,,,,,,,,,,,,,,,,,,,,,,,
1461,요통,"1,630","5,690","7,320",-,0,8,0,6,파워링크,AI 브리핑,건강 소식,함께 찾는 질병,관련 경험 카페글,이미지,뉴스,함께 많이 찾는,관련문서,네이버 가격비교,,,,,,,,,,,,,,,,,,,,,,,,,,,,,,,,
1462,요추통증,190,"1,540","1,730",-,2,5,2,5,파워링크,AI 브리핑,네이버 가격비교,네이버플러스 스토어,인플루언서서비스 홈 바로가기,네이버 클립,이미지,함께 많이 찾는,관련문서,웹문서,,,,,,,,,,,,,,,,,,,,,,,,,,,,,,,,
1463,요추쿠션,240,640,880,-,0,3,0,4,파워링크,네이버 가격비교,네이버플러스 스토어,함께 많이 찾는,네이버 클립,인기글,웹문서,,,,,,,,,,,,,,,,,,,,,,,,,,,,,,,,,,,
1464,요추추간판탈출증치료,30,90,120,-,3,3,3,7,AI 브리핑,함께 찾는 질병,파워링크,함께 많이 찾는,관련문서,네이버 가격비교,네이버플러스 스토어,이미지,웹문서,,,,,,,,,,,,,,,,,,,,,,,,,,,,,,,,,
1465,요추추간판탈출증방사통,20,120,140,-,0,3,0,3,관련문서,파워링크,관련문서,이미지,웹문서,,,,,,,,,,,,,,,,,,,,,,,,,,,,,,,,,,,,,
1466,요추지지대,140,200,340,-,0,0,0,0,파워링크,네이버 가격비교,네이버플러스 스토어,함께 많이 찾는,웹문서,,,,,,,,,,,,,,,,,,,,,,,,,,,,,,,,,,,,,
1467,요추전만쿠션,110,520,630,-,0,2,0,5,파워링크,네이버 가격비교,네이버플러스 스토어,함께 많이 찾는,네이버 클립,건강·의학 인기글,웹문서,,,,,,,,,,,,,,,,,,,,,,,,,,,,,,,,,,,
1468,요추전만자세,230,"1,360","1,590",-,0,5,0,6,파워링크,AI 브리핑,네이버 가격비교,네이버플러스 스토어,건강 주제 네이버 메이트,네이버 클립,관련문서,인플루언서서비스 홈 바로가기,이미지,함께 많이 찾는,,,,,,,,,,,,,,,,,,,,,,,,,,,,,,,,
1469,요추전만의자,40,240,280,-,0,3,0,4,파워링크,네이버 가격비교,네이버플러스 스토어,함께 많이 찾는,건강·의학 인기글,웹문서,,,,,,,,,,,,,,,,,,,,,,,,,,,,,,,,,,,,
1470,요추위치,990,"5,420","6,410",-,1,4,1,3,파워링크,AI 브리핑,관련문서,네이버 클립,이미지,함께 많이 찾는,관련문서,웹문서,,,,,,,,,,,,,,,,,,,,,,,,,,,,,,,,,,
1471,요추염좌회복기간,20,200,220,-,2,5,3,6,AI 브리핑,건강 주제 네이버 메이트,관련문서,파워링크,함께 많이 찾는,관련문서,이미지,웹문서,,,,,,,,,,,,,,,,,,,,,,,,,,,,,,,,,,
1472,요추염좌통증,5,110,115,-,2,5,2,6,파워링크,함께 많이 찾는,관련문서,이미지,웹문서,,,,,,,,,,,,,,,,,,,,,,,,,,,,,,,,,,,,,
1473,요추염좌치료,40,220,260,-,5,8,5,6,AI 브리핑,함께 찾는 질병,관련 경험 카페글,파워링크,함께 많이 찾는,관련문서,이미지,웹문서,,,,,,,,,,,,,,,,,,,,,,,,,,,,,,,,,,
1474,요추압박골절치료,40,120,160,-,0,4,0,4,AI 브리핑,건강 주제 네이버 메이트,파워링크,함께 많이 찾는,관련문서,이미지,웹문서,,,,,,,,,,,,,,,,,,,,,,,,,,,,,,,,,,,
1475,요추보호대,40,140,180,-,0,0,0,0,파워링크,네이버 가격비교,네이버플러스 스토어,함께 많이 찾는,웹문서,,,,,,,,,,,,,,,,,,,,,,,,,,,,,,,,,,,,,
1476,요추베개,170,"1,460","1,630",-,0,5,0,1,파워링크,네이버 가격비교,네이버플러스 스토어,함께 많이 찾는,건강·의학 인기글,웹문서,,,,,,,,,,,,,,,,,,,,,,,,,,,,,,,,,,,,
1477,요추배게,40,200,240,-,0,0,0,1,파워링크,네이버 가격비교,네이버플러스 스토어,함께 많이 찾는,웹문서,,,,,,,,,,,,,,,,,,,,,,,,,,,,,,,,,,,,,
1478,요추방석,40,120,160,-,0,0,0,0,파워링크,네이버 가격비교,네이버플러스 스토어,함께 많이 찾는,웹문서,,,,,,,,,,,,,,,,,,,,,,,,,,,,,,,,,,,,,
1479,요추받침대,100,200,300,-,0,0,0,1,파워링크,네이버 가격비교,네이버플러스 스토어,함께 많이 찾는,네이버 클립,웹문서,,,,,,,,,,,,,,,,,,,,,,,,,,,,,,,,,,,,
1480,요추골절회복기간,20,110,130,-,3,4,3,9,AI 브리핑,건강 주제 네이버 메이트,관련문서,파워링크,함께 많이 찾는,관련문서,이미지,웹문서,,,,,,,,,,,,,,,,,,,,,,,,,,,,,,,,,,
1481,요추골절치료,50,70,120,-,3,4,3,5,AI 브리핑,건강 주제 네이버 메이트,파워링크,함께 많이 찾는,관련문서,이미지,웹문서,,,,,,,,,,,,,,,,,,,,,,,,,,,,,,,,,,,
1482,요추견인기,20,250,270,-,0,2,0,5,파워링크,네이버 가격비교,네이버플러스 스토어,함께 많이 찾는,건강 주제 네이버 메이트,건강·의학 인기글,웹문서,,,,,,,,,,,,,,,,,,,,,,,,,,,,,,,,,,,
1483,요추5번천추1번,110,740,850,-,2,5,2,6,AI 브리핑,네이버 가격비교,네이버플러스 스토어,건강 주제 네이버 메이트,관련문서,이미지,관련문서,웹문서,,,,,,,,,,,,,,,,,,,,,,,,,,,,,,,,,,
1484,요추5번위치,20,210,230,-,2,4,2,5,AI 브리핑,건강 주제 네이버 메이트,관련문서,파워링크,네이버 클립,이미지,함께 많이 찾는,관련문서,웹문서,,,,,,,,,,,,,,,,,,,,,,,,,,,,,,,,,
1485,요추4번5번,110,700,810,-,3,4,3,9,AI 브리핑,건강 주제 네이버 메이트,관련문서,파워링크,네이버 클립,이미지,관련문서,웹문서,,,,,,,,,,,,,,,,,,,,,,,,,,,,,,,,,,
1486,요추1번위치,60,400,460,-,3,5,3,5,AI 브리핑,건강 주제 네이버 메이트,관련문서,파워링크,이미지,함께 많이 찾는,관련문서,웹문서,,,,,,,,,,,,,,,,,,,,,,,,,,,,,,,,,,
1487,요추1번압박골절,60,400,460,-,3,5,3,7,AI 브리핑,건강 주제 네이버 메이트,관련문서,파워링크,이미지,관련문서,웹문서,,,,2,,,,,,,,,,,,,,,,,,,,,,,,,,,,,,,
1488,요추1번골절수술,30,100,130,-,2,5,2,9,AI 브리핑,파워링크,건강 주제 네이버 메이트,관련문서,관련문서,이미지,웹문서,,,,3,,,,,,,,,,,,,,,,,,,,,,,,,,,,,,,
1489,요추1번골절,50,140,190,-,4,5,4,5,AI 브리핑,건강 주제 네이버 메이트,관련문서,파워링크,이미지,관련문서,웹문서,,,,2,,,,,,,,,,,,,,,,,,,,,,,,,,,,,,,
1490,요추1번2번위치,20,160,180,-,3,4,3,6,AI 브리핑,건강 주제 네이버 메이트,관련문서,함께 많이 찾는,관련문서,이미지,웹문서,,,,1,,,,,,,,,,,,,,,,,,,,,,,,,,,,,,,
1491,요가볼,280,"1,480","1,760",-,0,0,0,0,파워링크,네이버 가격비교,네이버플러스 스토어,함께 많이 찾는,웹문서,,,,,,,,,,,,,,,,,,,,,,,,,,,,,,,,,,,,,
1492,왼쪽팔저림,350,"2,830","3,180",-,6,6,6,5,파워링크,건강·의학 브랜드 콘텐츠,건강 주제 네이버 메이트,이미지,함께 많이 찾는,관련문서,웹문서,,,,,,,,,,,,,,,,,,,,,,,,,,,,,,,,,,,
1493,왼쪽옆구리통증,"2,460","38,800","41,260",-,3,5,3,5,파워링크,건강·의학 브랜드 콘텐츠,건강 주제 네이버 메이트,인플루언서서비스 홈 바로가기,네이버 클립,이미지,함께 많이 찾는,관련문서,웹문서,,🤔 보류,,,,,,,,,,,,,,,,,,,,,,,,,,,,,,,
1494,왼쪽엉치통증,120,"1,510","1,630",-,3,5,3,6,AI 브리핑,건강 주제 네이버 메이트,네이버 클립,관련문서,파워링크,이미지,함께 많이 찾는,관련문서,웹문서,,2,,,,,,,,,,,,,,,,,,,,,,,,,,,,,,,
1495,왼쪽엉덩이통증,180,"2,150","2,330",-,4,5,5,6,파워링크,브랜드 콘텐츠,네이버 클립,건강 주제 네이버 메이트,이미지,함께 많이 찾는,관련문서,웹문서,,,2,,,,,,,,,,,,,,,,,,,,,,,,,,,,,,,
1496,왼쪽목통증,210,"2,060","2,270",-,5,5,5,5,파워링크,건강 주제 네이버 메이트,인플루언서서비스 홈 바로가기,브랜드 콘텐츠,이미지,함께 많이 찾는,관련문서,웹문서,,,,,,,,,,,,,,,,,,,,,,,,,,,,,,,,,,
1497,왼쪽등통증,"1,160","17,000","18,160",-,5,4,6,6,파워링크,건강 주제 네이버 메이트,인플루언서서비스 홈 바로가기,브랜드 콘텐츠,이미지,함께 많이 찾는,관련문서,웹문서,,,2,,,,,,,,,,,,,,,,,,,,,,,,,,,,,,,
1498,왼쪽다리통증,100,"1,290","1,390",-,6,3,6,5,파워링크,건강 주제 네이버 메이트,브랜드 콘텐츠,인플루언서서비스 홈 바로가기,함께 많이 찾는,관련문서,이미지,웹문서,,,2,,,,,,,,,,,,,,,,,,,,,,,,,,,,,,,
1499,왼쪽다리저림증상,360,"5,000","5,360",-,5,4,5,6,파워링크,관련문서,건강 주제 네이버 메이트,함께 많이 찾는,관련문서,이미지,웹문서,,,,2,,,,,,,,,,,,,,,,,,,,,,,,,,,,,,,
1500,외국인건강검진,100,290,390,-,1,4,1,3,파워링크,관련문서,이미지,함께 많이 찾는,관련문서,뉴스,웹문서,,,,,,,,,,,,,,,,,,,,,,,,,,,,,,,,,,,
1501,와인병디퓨저,20,120,140,-,0,2,0,5,파워링크,네이버 가격비교,네이버플러스 스토어,함께 많이 찾는,인기글,웹문서,,,,,,,,,,,,,,,,,,,,,,,,,,,,,,,,,,,,
1502,올메쉬의자,80,90,170,-,0,0,0,0,파워링크,네이버 가격비교,네이버플러스 스토어,함께 많이 찾는,네이버 클립,웹문서,,,,,,,,,,,,,,,,,,,,,,,,,,,,,,,,,,,,
1503,온천장정형외과,50,440,490,-,2,4,2,3,파워링크,관련문서,함께 많이 찾는,관련문서,웹문서,,,,,,3,,,,,,,,,,,,,,,,,,,,,,,,,,,,,,,
1504,온찜질효과,10,290,300,-,1,5,1,4,AI 브리핑,건강 주제 네이버 메이트,관련문서,네이버 가격비교,네이버플러스 스토어,이미지,파워링크,함께 많이 찾는,관련문서,웹문서,2,,,,,,,,,,,,,,,,,,,,,,,,,,,,,,,
1505,온찜질하는법,60,940,"1,000",-,2,3,2,7,AI 브리핑,건강 주제 네이버 메이트,관련문서,네이버 클립,인플루언서서비스 홈 바로가기,파워링크,이미지,함께 많이 찾는,관련문서,웹문서,2,,,,,,,,,,,,,,,,,,,,,,,,,,,,,,,
1506,온찜질안대,30,160,190,-,0,0,0,0,파워링크,네이버 가격비교,네이버플러스 스토어,함께 많이 찾는,웹문서,,,,,,,,,,,,,,,,,,,,,,,,,,,,,,,,,,,,,
1507,온찜질시간,40,110,150,-,4,5,4,4,AI 브리핑,건강 주제 네이버 메이트,관련문서,함께 많이 찾는,관련문서,네이버 가격비교,네이버플러스 스토어,이미지,웹문서,,2,,,,,,,,,,,,,,,,,,,,,,,,,,,,,,,
1508,온찜질기,60,410,470,-,0,0,0,1,파워링크,네이버 가격비교,네이버플러스 스토어,함께 많이 찾는,웹문서,,,,,,5,,,,,,,,,,,,,,,,,,,,,,,,,,,,,,,
1509,온찜질,190,"1,130","1,320",-,3,3,3,8,파워링크,네이버 가격비교,네이버플러스 스토어,함께 많이 찾는,관련문서,인플루언서서비스 홈 바로가기,관련문서,이미지,웹문서,,1,,,,,,,,,,,,,,,,,,,,,,,,,,,,,,,
1510,온열팩,140,540,680,-,0,1,0,6,파워링크,네이버 가격비교,네이버플러스 스토어,네이버 클립,함께 많이 찾는,패션·미용 인기글,웹문서,,,,4,,,,,,,,,,,,,,,,,,,,,,,,,,,,,,,
1511,온열패치,100,340,440,-,0,0,0,0,파워링크,네이버 가격비교,네이버플러스 스토어,함께 많이 찾는,웹문서,,,,,,4,,,,,,,,,,,,,,,,,,,,,,,,,,,,,,,
1512,온열크림,50,120,170,-,0,2,0,5,파워링크,네이버 가격비교,네이버플러스 스토어,함께 많이 찾는,패션·미용 인기글,웹문서,,,,,4,,,,,,,,,,,,,,,,,,,,,,,,,,,,,,,
1513,온열치료기,90,360,450,-,0,0,0,0,파워링크,네이버 가격비교,네이버플러스 스토어,함께 많이 찾는,건강 주제 네이버 메이트,웹문서,,,,,4,,,,,,,,,,,,,,,,,,,,,,,,,,,,,,,
1514,온열찜질팩,130,520,650,-,0,3,0,3,파워링크,네이버 가격비교,네이버플러스 스토어,함께 많이 찾는,네이버 클립,상품리뷰 인기글,웹문서,,,,4,,,,,,,,,,,,,,,,,,,,,,,,,,,,,,,
1515,온열찜질기,"1,000","5,050","6,050",-,0,3,0,2,파워링크,네이버 가격비교,네이버플러스 스토어,함께 많이 찾는,네이버 클립,지금 볼만한 브랜드,인플루언서서비스 홈 바로가기,상품리뷰 인기글,웹문서,,5,,,,,,,,,,,,,,,,,,,,,,,,,,,,,,,
1516,온열좌욕기,30,130,160,-,0,1,0,5,파워링크,네이버 가격비교,네이버플러스 스토어,함께 많이 찾는,건강·의학 인기글,웹문서,,,,,,,,,,,,,,,,,,,,,,,,,,,,,,,,,,,,
1517,온열수면안대,200,920,"1,120",-,0,1,0,4,파워링크,네이버 가격비교,네이버플러스 스토어,함께 많이 찾는,상품리뷰 인기글,웹문서,,,,,,,,,,,,,,,,,,,,,,,,,,,,,,,,,,,,
1518,온열마우스패드,170,120,290,-,0,4,0,4,파워링크,네이버 가격비교,네이버플러스 스토어,함께 많이 찾는,네이버 클립,관련문서,관련문서,이미지,웹문서,,,,,,,,,,,,,,,,,,,,,,,,,,,,,,,,,
1519,온열마사지기,120,520,640,-,0,1,0,4,파워링크,네이버 가격비교,네이버플러스 스토어,함께 많이 찾는,인플루언서서비스 홈 바로가기,상품리뷰 인기글,웹문서,,,,4,,,,,,,,,,,,,,,,,,,,,,,,,,,,,,,
1520,온열마사지,20,120,140,-,0,0,0,0,파워링크,네이버 가격비교,네이버플러스 스토어,함께 많이 찾는,네이버 클립,웹문서,,,,,1,,,,,,,,,,,,,,,,,,,,,,,,,,,,,,,
1521,온열눈마사지기,420,"2,080","2,500",-,0,1,0,3,파워링크,네이버 가격비교,네이버플러스 스토어,함께 많이 찾는,인플루언서서비스 홈 바로가기,상품리뷰 인기글,웹문서,,,,,,,,,,,,,,,,,,,,,,,,,,,,,,,,,,,
1522,온열기,250,870,"1,120",-,0,0,0,0,파워링크,네이버 가격비교,네이버플러스 스토어,함께 많이 찾는,네이버 클립,웹문서,,,,,4,,,,,,,,,,,,,,,,,,,,,,,,,,,,,,,
1523,온열,300,660,960,-,0,0,0,0,파워링크,네이버 가격비교,네이버플러스 스토어,함께 많이 찾는,네이버 클립,웹문서,,,,,1,,,,,,,,,,,,,,,,,,,,,,,,,,,,,,,
1524,온수팩,50,130,180,-,0,0,0,0,파워링크,네이버 가격비교,네이버플러스 스토어,함께 많이 찾는,웹문서,,,,,,4,,,,,,,,,,,,,,,,,,,,,,,,,,,,,,,
1525,온수찜질팩,70,260,330,-,0,0,0,0,네이버 가격비교,네이버플러스 스토어,파워링크,함께 많이 찾는,웹문서,,,,,,4,,,,,,,,,,,,,,,,,,,,,,,,,,,,,,,
1526,온수매트,"1,140","3,940","5,080",-,0,2,0,5,파워링크,네이버 가격비교,네이버플러스 스토어,함께 많이 찾는,상품리뷰 인기글,웹문서,,,,,,,,,,,,,,,,,,,,,,,,,,,,,,,,,,,,
1527,오토힐링베드,20,100,120,-,0,3,0,4,네이버 가격비교,네이버플러스 스토어,함께 많이 찾는,건강·의학 인기글,파워링크,웹문서,,,,,,,,,,,,,,,,,,,,,,,,,,,,,,,,,,,,
1528,오창피부과,410,"2,730","3,140",-,0,0,0,0,파워링크,함께 많이 찾는,웹문서,,,,,,,,,,,,,,,,,,,,,,,,,,,,,,,,,,,,,,,
1529,오십견한의원,60,200,260,-,2,6,2,4,파워링크,건강 주제 네이버 메이트,네이버 클립,관련문서,함께 많이 찾는,관련문서,웹문서,,,,3,,,,,,,,,,,,,,,,,,,,,,,,,,,,,,,
1530,오십견치료방법,"1,000","8,130","9,130",-,3,3,3,6,파워링크,AI 브리핑,건강 소식하단 정보 열고 닫기 버튼,진료 관련 통계하단 정보 열고 닫기 버튼,함께 찾는 질병,건강·의학 브랜드 콘텐츠,네이버 클립,이미지,함께 많이 찾는,관련문서,3,,,,,,,,,,,,,,,,,,,,,,,,,,,,,,,
1531,오십견치료,320,"1,460","1,780",-,3,4,3,3,파워링크,AI 브리핑,건강 소식하단 정보 열고 닫기 버튼,진료 관련 통계하단 정보 열고 닫기 버튼,함께 찾는 질병,건강·의학 브랜드 콘텐츠,네이버 클립,인플루언서서비스 홈 바로가기,네이버 가격비교,네이버플러스 스토어,3,,,,,,,,,,,,,,,,,,,,,,,,,,,,,,,
1532,오송피부과,580,"3,230","3,810",-,0,6,0,1,파워링크,함께 많이 찾는,건강·의학 인기글,웹문서,,,,,,,,,,,,,,,,,,,,,,,,,,,,,,,,,,,,,,
1533,오색약손허리온,10,100,110,-,0,0,0,7,파워링크,네이버 가격비교,네이버플러스 스토어,함께 많이 찾는,관련문서,관련문서,웹문서,,,,5,,,,,,,,,,,,,,,,,,,,,,,,,,,,,,,
1534,오색약손찜질팩,30,280,310,-,0,1,0,9,파워링크,네이버 가격비교,네이버플러스 스토어,함께 많이 찾는,관련문서,관련문서,이미지,동영상,웹문서,,5,,,,,,,,,,,,,,,,,,,,,,,,,,,,,,,
1535,오목교한의원,120,270,390,-,2,3,2,5,파워링크,관련문서,함께 많이 찾는,관련문서,웹문서,,,,,,,,,,,,,,,,,,,,,,,,,,,,,,,,,,,,,
1536,오목교역한의원,100,80,180,-,1,4,1,6,파워링크,관련문서,함께 많이 찾는,관련문서,웹문서,,,,,,,,,,,,,,,,,,,,,,,,,,,,,,,,,,,,,
1537,오른쪽허리통증췌장,10,110,120,-,4,5,4,8,AI 브리핑,건강 주제 네이버 메이트,관련문서,파워링크,함께 많이 찾는,관련문서,이미지,웹문서,,,2,,,,,,,,,,,,,,,,,,,,,,,,,,,,,,,
1538,오른쪽허리통증원인,20,600,620,-,2,5,2,6,AI 브리핑,건강 주제 네이버 메이트,관련문서,파워링크,함께 많이 찾는,관련문서,이미지,웹문서,,,2,,,,,,,,,,,,,,,,,,,,,,,,,,,,,,,
1539,오른쪽허리통증여자,10,190,200,-,2,5,2,8,AI 브리핑,건강 주제 네이버 메이트,관련문서,파워링크,함께 많이 찾는,관련문서,이미지,웹문서,,,2,,,,,,,,,,,,,,,,,,,,,,,,,,,,,,,
1540,오른쪽허리통증스트레칭,5,110,115,-,3,5,3,5,AI 브리핑,건강 주제 네이버 메이트,관련문서,파워링크,함께 많이 찾는,관련문서,이미지,웹문서,,,2,,,,,,,,,,,,,,,,,,,,,,,,,,,,,,,
1541,오른쪽허리옆구리통증,10,160,170,-,3,5,3,7,AI 브리핑,건강 주제 네이버 메이트,관련문서,파워링크,함께 많이 찾는,관련문서,이미지,웹문서,,,2,,,,,,,,,,,,,,,,,,,,,,,,,,,,,,,
1542,오른쪽허리엉덩이통증,20,330,350,-,5,5,5,5,AI 브리핑,건강 주제 네이버 메이트,파워링크,이미지,함께 많이 찾는,관련문서,웹문서,,,,2,,,,,,,,,,,,,,,,,,,,,,,,,,,,,,,
1543,오른쪽허리뒤통증췌장,20,460,480,-,6,5,6,6,AI 브리핑,건강 주제 네이버 메이트,관련문서,파워링크,함께 많이 찾는,관련문서,이미지,웹문서,,,2,,,,,,,,,,,,,,,,,,,,,,,,,,,,,,,
1544,오른쪽허리뒤통증원인,10,110,120,-,3,5,3,8,AI 브리핑,건강 주제 네이버 메이트,관련문서,파워링크,네이버 클립,함께 많이 찾는,관련문서,이미지,웹문서,,2,,,,,,,,,,,,,,,,,,,,,,,,,,,,,,,
1545,오른쪽허리뒤통증,350,"3,850","4,200",-,2,7,2,6,AI 브리핑,건강 주제 네이버 메이트,파워링크,네이버 클립,이미지,함께 많이 찾는,관련문서,웹문서,,,2,,,,,,,,,,,,,,,,,,,,,,,,,,,,,,,
1546,오른쪽허리골반통증,10,200,210,-,4,5,4,7,AI 브리핑,건강 주제 네이버 메이트,파워링크,함께 많이 찾는,관련문서,이미지,웹문서,,,,2,,,,,,,,,,,,,,,,,,,,,,,,,,,,,,,
1547,오른쪽옆구리통증,"2,250","37,000","39,250",-,3,5,4,9,파워링크,건강·의학 브랜드 콘텐츠,건강 주제 네이버 메이트,인플루언서서비스 홈 바로가기,이미지,함께 많이 찾는,관련문서,웹문서,,,2,,,,,,,,,,,,,,,,,,,,,,,,,,,,,,,
1548,오른쪽엉덩이통증다리저림,10,210,220,-,5,5,5,6,파워링크,AI 브리핑,건강 주제 네이버 메이트,관련문서,함께 많이 찾는,관련문서,이미지,웹문서,,,2,,,,,,,,,,,,,,,,,,,,,,,,,,,,,,,
1549,오른쪽엉덩이위통증,80,"1,020","1,100",-,3,8,3,4,AI 브리핑,건강 주제 네이버 메이트,네이버 클립,관련문서,파워링크,이미지,함께 많이 찾는,관련문서,웹문서,,2,,,,,,,,,,,,,,,,,,,,,,,,,,,,,,,
1550,오른쪽엉덩이옆통증,30,310,340,-,5,5,5,6,파워링크,AI 브리핑,건강 주제 네이버 메이트,관련문서,함께 많이 찾는,관련문서,이미지,웹문서,,,2,,,,,,,,,,,,,,,,,,,,,,,,,,,,,,,
1551,오른쪽아랫배통증,"1,500","27,400","28,900",-,4,5,5,6,파워링크,브랜드 콘텐츠,건강 주제 네이버 메이트,인플루언서서비스 홈 바로가기,이미지,함께 많이 찾는,관련문서,웹문서,,,,,,,,,,,,,,,,,,,,,,,,,,,,,,,,,,
1552,오른쪽무릎통증,180,"1,270","1,450",-,5,6,5,6,파워링크,건강·의학 브랜드 콘텐츠,건강 주제 네이버 메이트,이미지,함께 많이 찾는,관련문서,웹문서,,,,,,,,,,,,,,,,,,,,,,,,,,,,,,,,,,,
1553,오른쪽등통증,"1,200","19,300","20,500",-,6,3,8,7,파워링크,건강 주제 네이버 메이트,인플루언서서비스 홈 바로가기,네이버 클립,브랜드 콘텐츠,이미지,함께 많이 찾는,관련문서,웹문서,,2,,,,,,,,,,,,,,,,,,,,,,,,,,,,,,,
1554,오른쪽뒤허리통증,10,280,290,-,4,6,4,7,AI 브리핑,건강 주제 네이버 메이트,관련문서,파워링크,이미지,함께 많이 찾는,관련문서,웹문서,,,2,,,,,,,,,,,,,,,,,,,,,,,,,,,,,,,
1555,오른쪽다리통증,70,"1,200","1,270",-,6,5,6,3,파워링크,건강 주제 네이버 메이트,브랜드 콘텐츠,인플루언서서비스 홈 바로가기,이미지,함께 많이 찾는,관련문서,웹문서,,,2,,,,,,,,,,,,,,,,,,,,,,,,,,,,,,,
1556,오른쪽다리저림증상,110,800,910,-,5,5,5,6,AI 브리핑,건강 주제 네이버 메이트,파워링크,이미지,함께 많이 찾는,관련문서,웹문서,,,,2,,,,,,,,,,,,,,,,,,,,,,,,,,,,,,,
1557,오다리,720,"5,280","6,000",-,0,5,0,8,파워링크,AI 브리핑,함께 찾는 질병,네이버 가격비교,네이버플러스 스토어,네이버 클립,함께 많이 찾는,건강·의학 브랜드 콘텐츠,관련문서,이미지,,,,,,,,,,,,,,,,,,,,,,,,,,,,,,,,
1558,옆잠베개,"1,400","21,700","23,100",-,0,2,0,2,파워링크,네이버 가격비교,네이버플러스 스토어,함께 많이 찾는,육아·결혼 인기글,웹문서,,,,,,,,,,,,,,,,,,,,,,,,,,,,,,,,,,,,
1559,옆으로,30,160,190,-,0,4,0,6,AI 브리핑,관련문서,어학사전다른 어학정보 5,어학사전,이미지,뉴스,함께 많이 찾는,관련문서,웹문서,,🤔 보류,,,,,,,,,,,,,,,,,,,,,,,,,,,,,,,
1560,옆구리통증,460,"4,140","4,600",-,3,5,3,6,파워링크,AI 브리핑,건강·의학 브랜드 콘텐츠,네이버 클립,인플루언서서비스 홈 바로가기,이미지,함께 많이 찾는,관련문서,웹문서,,2,,,,,,,,,,,,,,,,,,,,,,,,,,,,,,,
1561,영양제선물세트,70,140,210,-,3,3,3,6,파워링크,네이버플러스 스토어,선물샵,함께 많이 찾는,관련문서,관련문서,이미지,웹문서,,,,,,,,,,,,,,,,,,,,,,,,,,,,,,,,,,
1562,영양제,"4,380","14,000","18,380",-,3,7,3,5,파워링크,네이버 가격비교,네이버플러스 스토어,네이버 클립,함께 많이 찾는,건강·의학 브랜드 콘텐츠,관련문서,관련문서,이미지,웹문서,,,,,,,,,,,,,,,,,,,,,,,,,,,,,,,,
1563,영상의학과,970,"7,190","8,160",-,1,5,1,4,파워링크,네이버 클립,건강 주제 네이버 메이트,함께 많이 찾는,관련문서,웹문서,,,,,3,,,,,,,,,,,,,,,,,,,,,,,,,,,,,,,
1564,영등포역정형외과,110,330,440,-,0,0,0,1,파워링크,함께 많이 찾는,웹문서,,,,,,,,3,,,,,,,,,,,,,,,,,,,,,,,,,,,,,,,
1565,영등포내과,140,560,700,-,1,3,1,5,파워링크,관련문서,뉴스,함께 많이 찾는,관련문서,웹문서,,,,,,,,,,,,,,,,,,,,,,,,,,,,,,,,,,,,
1566,영등포구정형외과,40,120,160,-,1,4,1,3,파워링크,관련문서,함께 많이 찾는,관련문서,웹문서,,,,,,3,,,,,,,,,,,,,,,,,,,,,,,,,,,,,,,
1567,영남베드,590,820,"1,410",-,0,0,0,0,파워링크,네이버 가격비교,네이버플러스 스토어,함께 많이 찾는,네이버 클립,웹문서,,,,,,,,,,,,,,,,,,,,,,,,,,,,,,,,,,,,
1568,염창역한의원,100,180,280,-,0,2,0,6,파워링크,관련문서,함께 많이 찾는,관련문서,웹문서,,,,,,3,,,,,,,,,,,,,,,,,,,,,,,,,,,,,,,
1569,염창동한의원,140,540,680,-,0,1,0,6,파워링크,함께 많이 찾는,건강·의학 인기글,웹문서,,,,,,,3,,,,,,,,,,,,,,,,,,,,,,,,,,,,,,,
1570,염소즙,340,"2,250","2,590",-,0,2,0,4,파워링크,네이버 가격비교,네이버플러스 스토어,함께 많이 찾는,네이버 클립,건강·의학 인기글,웹문서,,,,,,,,,,,,,,,,,,,,,,,,,,,,,,,,,,,
1571,염소새끼가격,10,290,300,-,3,8,3,2,파워링크,AI 브리핑,관련문서,함께 많이 찾는,관련문서,이미지,네이버 가격비교,네이버플러스 스토어,웹문서,,,,,,,,,,,,,,,,,,,,,,,,,,,,,,,,,
1572,연인100일선물,10,100,110,-,0,5,1,2,파워링크,네이버플러스 스토어,선물샵,함께 많이 찾는,인기글,웹문서,,,,,,,,,,,,,,,,,,,,,,,,,,,,,,,,,,,,
1573,연예인선물,20,100,120,-,0,1,1,6,파워링크,네이버플러스 스토어,선물샵,이미지,지식iN,함께 많이 찾는,인기글,웹문서,,,,,,,,,,,,,,,,,,,,,,,,,,,,,,,,,,
1574,연신내한의원,360,770,"1,130",-,1,5,1,6,파워링크,관련문서,브랜드 콘텐츠,함께 많이 찾는,관련문서,웹문서,,,,,3,,,,,,,,,,,,,,,,,,,,,,,,,,,,,,,
1575,연수동한의원,200,270,470,-,1,5,1,4,파워링크,관련문서,함께 많이 찾는,관련문서,웹문서,,,,,,3,,,,,,,,,,,,,,,,,,,,,,,,,,,,,,,
1576,연수구한의원,110,100,210,-,0,5,0,6,파워링크,관련문서,뉴스,관련문서,웹문서,,,,,,3,,,,,,,,,,,,,,,,,,,,,,,,,,,,,,,
1577,연세정형외과,"1,080","16,800","17,880",-,0,4,0,4,네이버 클립,이미지,함께 많이 찾는,관련문서,웹문서,,,,,,3,,,,,,,,,,,,,,,,,,,,,,,,,,,,,,,
1578,연세베스트병원,440,"2,830","3,270",-,0,4,0,1,파워링크,관련문서,네이버 클립,함께 많이 찾는,관련문서,이미지,웹문서,,,,3,,,,,,,,,,,,,,,,,,,,,,,,,,,,,,,
1579,연세방문재활운동,10,100,110,-,3,4,3,4,파워링크,관련문서,함께 많이 찾는,관련문서,이미지,웹문서,,,,,3,,,,,,,,,,,,,,,,,,,,,,,,,,,,,,,
1580,연세방문재활,110,70,180,-,3,5,3,4,파워링크,관련문서,함께 많이 찾는,관련문서,이미지,웹문서,,,,,3,,,,,,,,,,,,,,,,,,,,,,,,,,,,,,,
1581,연세대의자,50,170,220,-,0,5,0,2,파워링크,네이버 가격비교,네이버플러스 스토어,함께 많이 찾는,인기글,웹문서,,,,,,,,,,,,,,,,,,,,,,,,,,,,,,,,,,,,
1582,연골에좋은음식,110,800,910,-,3,6,3,6,파워링크,네이버 클립,건강 주제 네이버 메이트,네이버 가격비교,네이버플러스 스토어,이미지,함께 많이 찾는,관련문서,웹문서,,,,,,,,,,,,,,,,,,,,,,,,,,,,,,,,,
1583,연골무릎보호대,10,240,250,-,1,3,1,8,네이버 가격비교,네이버플러스 스토어,함께 많이 찾는,관련문서,관련문서,건강 주제 네이버 메이트,파워링크,웹문서,,,,,,,,,,,,,,,,,,,,,,,,,,,,,,,,,,
1584,여행용베개,140,790,930,-,0,0,0,1,파워링크,네이버 가격비교,네이버플러스 스토어,함께 많이 찾는,네이버 클립,웹문서,,,,,,,,,,,,,,,,,,,,,,,,,,,,,,,,,,,,
1585,여행용목베개추천,60,170,230,-,0,4,0,12,파워링크,네이버 쇼핑 인기 상품,웹문서,함께 많이 찾는,관련문서,관련문서,이미지,,,,,,,,,,,,,,,,,,,,,,,,,,,,,,,,,,,
1586,여친100일선물,40,400,440,-,0,4,0,3,파워링크,네이버플러스 스토어,선물샵,함께 많이 찾는,인기글,네이버 클립,웹문서,,,,🤔 보류,,,,,,,,,,,,,,,,,,,,,,,,,,,,,,,
1587,여중생선물,40,210,250,-,0,4,0,4,파워링크,네이버플러스 스토어,선물샵,함께 많이 찾는,상품리뷰 인기글,이미지,웹문서,,,,,,,,,,,,,,,,,,,,,,,,,,,,,,,,,,,
1588,여자프로포즈선물,80,370,450,-,3,5,3,9,파워링크,네이버플러스 스토어,선물샵,함께 많이 찾는,관련문서,뉴스,관련문서,이미지,웹문서,,,,,,,,,,,,,,,,,,,,,,,,,,,,,,,,,
1589,여자친구편지,100,430,530,-,3,5,3,6,파워링크,AI 브리핑,네이버 가격비교,네이버플러스 스토어,리빙 주제 네이버 메이트,관련문서,이미지,함께 많이 찾는,관련문서,웹문서,,,,,,,,,,,,,,,,,,,,,,,,,,,,,,,,
1590,여자친구선물,600,"2,370","2,970",-,0,4,0,1,파워링크,네이버플러스 스토어,선물샵,함께 많이 찾는,네이버 클립,패션·미용 인기글,웹문서,,,,🤔 보류,,,,,,,,,,,,,,,,,,,,,,,,,,,,,,,
1591,여자친구생일편지,150,480,630,-,3,5,5,8,파워링크,관련문서,AI 브리핑,네이버 가격비교,네이버플러스 스토어,리빙 주제 네이버 메이트,생일,웹문서,이미지,뉴스,,,,,,,,,,,,,,,,,,,,,,,,,,,,,,,,
1592,여자친구생일선물추천,100,280,380,-,1,8,1,7,파워링크,네이버플러스 스토어,선물샵,함께 많이 찾는,관련문서,네이버 클립,관련문서,이미지,웹문서,,🤔 보류,,,,,,,,,,,,,,,,,,,,,,,,,,,,,,,
1593,여자친구생일선물,"1,750","9,730","11,480",-,0,3,0,3,파워링크,네이버플러스 스토어,선물샵,함께 많이 찾는,뷰티 주제 네이버 메이트,네이버 클립,인기글,웹문서,,,🤔 보류,,,,,,,,,,,,,,,,,,,,,,,,,,,,,,,
1594,여자친구부모님첫인사선물,240,860,"1,100",-,3,5,3,10,파워링크,네이버플러스 스토어,선물샵,함께 많이 찾는,관련문서,관련문서,이미지,웹문서,,,🤔 보류,,,,,,,,,,,,,,,,,,,,,,,,,,,,,,,
1595,여자친구목걸이,90,570,660,-,0,2,0,4,파워링크,네이버 가격비교,네이버플러스 스토어,네이버 클립,함께 많이 찾는,패션·미용 인기글,웹문서,,,,,,,,,,,,,,,,,,,,,,,,,,,,,,,,,,,
1596,여자친구기념일선물,60,400,460,-,0,4,1,3,파워링크,네이버플러스 스토어,선물샵,함께 많이 찾는,뷰티 주제 네이버 메이트,인기글,지식iN,웹문서,,,🤔 보류,,,,,,,,,,,,,,,,,,,,,,,,,,,,,,,
1597,여자친구2주년선물,70,330,400,-,0,3,0,5,파워링크,네이버플러스 스토어,선물샵,함께 많이 찾는,인기글,지식iN,웹문서,,,,🤔 보류,,,,,,,,,,,,,,,,,,,,,,,,,,,,,,,
1598,여자친구200일선물,110,680,790,-,0,6,2,2,파워링크,네이버플러스 스토어,선물샵,함께 많이 찾는,네이버 클립,인기글,지식iN,웹문서,,,🤔 보류,,,,,,,,,,,,,,,,,,,,,,,,,,,,,,,
1599,여자친구100일선물,490,"3,710","4,200",-,0,3,0,4,파워링크,네이버플러스 스토어,선물샵,함께 많이 찾는,인기글,네이버 클립,웹문서,,,,🤔 보류,,,,,,,,,,,,,,,,,,,,,,,,,,,,,,,
1600,여자왼쪽골반통증,370,"5,680","6,050",-,3,9,3,6,AI 브리핑,건강 주제 네이버 메이트,파워링크,함께 많이 찾는,관련문서,이미지,웹문서,,,,2,,,,,,,,,,,,,,,,,,,,,,,,,,,,,,,
1601,여자가좋아하는남자향수,320,"2,310","2,630",-,0,2,1,11,파워링크,네이버 가격비교,네이버플러스 스토어,함께 많이 찾는,관련문서,패션·미용 브랜드 콘텐츠,네이버 클립,관련문서,이미지,웹문서,,,,,,,,,,,,,,,,,,,,,,,,,,,,,,,,
1602,여자14K목걸이,40,350,390,-,0,0,0,0,파워링크,네이버 가격비교,네이버플러스 스토어,함께 많이 찾는,웹문서,,,,,,,,,,,,,,,,,,,,,,,,,,,,,,,,,,,,,
1603,여성호르몬영양제,620,"4,640","5,260",-,0,1,0,4,파워링크,네이버 쇼핑 인기 상품,웹문서,네이버 클립,함께 많이 찾는,건강 주제 네이버 메이트,인플루언서서비스 홈 바로가기,건강·의학 인기글,,,,,,,,,,,,,,,,,,,,,,,,,,,,,,,,,,
1604,여성갱년기영양제,500,"1,660","2,160",-,0,3,1,1,파워링크,네이버 클립,건강 주제 네이버 메이트,네이버 쇼핑 인기 상품,웹문서,인플루언서서비스 홈 바로가기,함께 많이 찾는,건강·의학 인기글,,,,,,,,,,,,,,,,,,,,,,,,,,,,,,,,,,
1605,여름의자방석,160,290,450,-,0,0,0,1,파워링크,네이버 가격비교,네이버플러스 스토어,함께 많이 찾는,웹문서,,,,,,,,,,,,,,,,,,,,,,,,,,,,,,,,,,,,,
1606,여름용토퍼,50,190,240,-,0,0,0,2,파워링크,네이버 가격비교,네이버플러스 스토어,함께 많이 찾는,웹문서,,,,,,,,,,,,,,,,,,,,,,,,,,,,,,,,,,,,,
1607,에스트로겐,"1,490","10,400","11,890",-,0,5,0,5,파워링크,AI 브리핑,건강 소식,네이버 가격비교,네이버플러스 스토어,함께 많이 찾는,인플루언서서비스 홈 바로가기,관련문서,건강·의학 브랜드 콘텐츠,이미지,,,,,,,,,,,,,,,,,,,,,,,,,,,,,,,,
1608,에스컬레이터,"1,410","5,580","6,990",-,0,2,0,7,파워링크,관련문서,네이버 클립,어학사전다른 어학정보 23,어학사전,이미지,뉴스,에스컬레이터,함께 많이 찾는,관련문서,,,,,,,,,,,,,,,,,,,,,,,,,,,,,,,,
1609,에르고바디벨트,10,100,110,-,1,4,1,11,네이버 가격비교,네이버플러스 스토어,함께 많이 찾는,관련문서,관련문서,파워링크,이미지,웹문서,,,4,,,,,,,,,,,,,,,,,,,,,,,,,,,,,,,
1610,에그젤베개,660,"3,580","4,240",-,0,1,0,6,파워링크,네이버 가격비교,네이버플러스 스토어,함께 많이 찾는,상품리뷰 인기글,웹문서,,,,,,,,,,,,,,,,,,,,,,,,,,,,,,,,,,,,
1611,에고이스트,"3,840","30,800","34,640",-,0,0,0,0,파워링크,네이버 가격비교,네이버플러스 스토어,함께 많이 찾는,에고이스트,웹문서,,,,,,,,,,,,,,,,,,,,,,,,,,,,,,,,,,,,
1612,엉치통증,170,"1,330","1,500",-,3,5,3,5,파워링크,브랜드 콘텐츠,관련문서,네이버 클립,건강 주제 네이버 메이트,이미지,함께 많이 찾는,관련문서,웹문서,,2,,,,,,,,,,,,,,,,,,,,,,,,,,,,,,,
1613,엉치뼈통증,410,"4,660","5,070",-,2,5,2,7,파워링크,AI 브리핑,브랜드 콘텐츠,네이버 클립,인플루언서서비스 홈 바로가기,네이버 가격비교,네이버플러스 스토어,이미지,함께 많이 찾는,관련문서,2,,,,,,,,,,,,,,,,,,,,,,,,,,,,,,,
1614,엉덩이쿠션,190,720,910,-,0,0,0,0,파워링크,네이버 가격비교,네이버플러스 스토어,함께 많이 찾는,네이버 클립,웹문서,,,,,,,,,,,,,,,,,,,,,,,,,,,,,,,,,,,,
1615,엉덩이보호대,130,480,610,-,0,0,0,0,파워링크,네이버 가격비교,네이버플러스 스토어,함께 많이 찾는,웹문서,,,,,,,,,,,,,,,,,,,,,,,,,,,,,,,,,,,,,
1616,엉덩이방석,360,"1,280","1,640",-,0,0,0,1,파워링크,네이버 가격비교,네이버플러스 스토어,함께 많이 찾는,네이버 클립,웹문서,,,,,,,,,,,,,,,,,,,,,,,,,,,,,,,,,,,,
1617,엉덩이마사지기,80,400,480,-,0,1,0,6,파워링크,네이버 가격비교,네이버플러스 스토어,함께 많이 찾는,육아·결혼 인기글,웹문서,,,,,🤔 보류,,,,,,,,,,,,,,,,,,,,,,,,,,,,,,,
1618,엉덩이꼬리뼈통증,110,920,"1,030",-,2,6,2,6,AI 브리핑,네이버 가격비교,네이버플러스 스토어,건강 주제 네이버 메이트,네이버 클립,파워링크,이미지,함께 많이 찾는,관련문서,웹문서,2,,,,,,,,,,,,,,,,,,,,,,,,,,,,,,,
1619,엄지손가락마디통증,520,"2,380","2,900",-,1,10,1,5,파워링크,건강 주제 네이버 메이트,브랜드 콘텐츠,관련문서,네이버 가격비교,네이버플러스 스토어,이미지,함께 많이 찾는,관련문서,웹문서,,,,,,,,,,,,,,,,,,,,,,,,,,,,,,,,
1620,엄지발가락휨,130,"1,600","1,730",-,3,3,3,9,파워링크,건강 주제 네이버 메이트,인플루언서서비스 홈 바로가기,이미지,함께 많이 찾는,관련문서,웹문서,,,,,,,,,,,,,,,,,,,,,,,,,,,,,,,,,,,
1621,엄마옷브랜드,490,"1,250","1,740",-,0,0,0,0,파워링크,네이버 가격비교,네이버플러스 스토어,함께 많이 찾는,네이버 클립,인플루언서서비스 홈 바로가기,웹문서,,,,,,,,,,,,,,,,,,,,,,,,,,,,,,,,,,,
1622,엄마옷,"3,060","5,800","8,860",-,0,0,0,0,파워링크,네이버 가격비교,네이버플러스 스토어,함께 많이 찾는,네이버 클립,웹문서,,,,,,,,,,,,,,,,,,,,,,,,,,,,,,,,,,,,
1623,엄마선물,330,"1,340","1,670",-,0,4,2,1,파워링크,네이버플러스 스토어,선물샵,함께 많이 찾는,뷰티 주제 네이버 메이트,네이버 클립,육아·결혼 인기글,웹문서,,,🤔 보류,,,,,,,,,,,,,,,,,,,,,,,,,,,,,,,
1624,엄마생일선물추천,70,290,360,-,3,6,3,7,파워링크,네이버플러스 스토어,선물샵,함께 많이 찾는,육아 주제 네이버 메이트,관련문서,뉴스,관련문서,이미지,웹문서,🤔 보류,,,,,,,,,,,,,,,,,,,,,,,,,,,,,,,
1625,엄마생일선물50대,140,960,"1,100",-,0,4,0,5,파워링크,네이버플러스 스토어,선물샵,함께 많이 찾는,인기글,네이버 클립,웹문서,,,,🤔 보류,,,,,,,,,,,,,,,,,,,,,,,,,,,,,,,
1626,엄마생일선물,710,"6,230","6,940",-,0,5,0,1,파워링크,네이버플러스 스토어,선물샵,함께 많이 찾는,네이버 클립,패션·미용 인기글,지식iN,웹문서,,,🤔 보류,,,,,,,,,,,,,,,,,,,,,,,,,,,,,,,
1627,엄마목걸이,30,200,230,-,0,5,0,2,파워링크,네이버 가격비교,네이버플러스 스토어,함께 많이 찾는,패션·미용 인기글,웹문서,,,,,,,,,,,,,,,,,,,,,,,,,,,,,,,,,,,,
1628,엄마금목걸이,10,120,130,-,0,6,0,1,파워링크,네이버 가격비교,네이버플러스 스토어,함께 많이 찾는,인기글,웹문서,,,,,,,,,,,,,,,,,,,,,,,,,,,,,,,,,,,,
1629,언어장애,280,810,"1,090",-,2,13,2,4,파워링크,AI 브리핑,함께 찾는 질병,관련 경험 카페글,네이버 클립,언어장애' 브랜드 콘텐츠,인플루언서서비스 홈 바로가기,이미지,함께 많이 찾는,관련문서,,,,,,,,,,,,,,,,,,,,,,,,,,,,,,,,
1630,어지럼증명의,20,230,250,-,3,4,3,6,파워링크,AI 브리핑,건강 주제 네이버 메이트,관련문서,함께 많이 찾는,관련문서,이미지,뉴스,웹문서,,,,,,,,,,,,,,,,,,,,,,,,,,,,,,,,,
1631,어지럼증,"1,310","7,950","9,260",-,2,11,2,6,파워링크,AI 브리핑,건강 소식,함께 찾는 질병,관련 경험 카페글,네이버 클립,어지럼증' 브랜드 콘텐츠,네이버 가격비교,네이버플러스 스토어,함께 많이 찾는,,,,,,,,,,,,,,,,,,,,,,,,,,,,,,,,
1632,어버이날선물,140,300,440,-,0,2,0,3,파워링크,네이버플러스 스토어,선물샵,함께 많이 찾는,네이버 클립,인플루언서서비스 홈 바로가기,인기글,웹문서,,,3,,,,,,,,,,,,,,,,,,,,,,,,,,,,,,,
1633,어버이날,"1,220","4,270","5,490",-,1,2,1,6,어버이날,관련문서,브랜드 콘텐츠,파워링크,네이버 클립,네이버플러스 스토어,선물샵,이미지,뉴스,어학사전다른 어학정보 13,🤔 보류,,,,,,,,,,,,,,,,,,,,,,,,,,,,,,,
1634,어머님선물,50,270,320,-,0,6,0,1,파워링크,네이버플러스 스토어,선물샵,함께 많이 찾는,육아·결혼 인기글,이미지,웹문서,,,,3,,,,,,,,,,,,,,,,,,,,,,,,,,,,,,,
1635,어머님생신선물,150,"1,070","1,220",-,0,6,0,3,파워링크,네이버플러스 스토어,선물샵,함께 많이 찾는,패션·미용 인기글,이미지,웹문서,,,,4,,,,,,,,,,,,,,,,,,,,,,,,,,,,,,,
1636,어머니선물,90,380,470,-,0,5,0,3,파워링크,네이버플러스 스토어,선물샵,함께 많이 찾는,패션·미용 인기글,웹문서,,,,,3,,,,,,,,,,,,,,,,,,,,,,,,,,,,,,,
1637,어린이방석,40,180,220,-,0,0,0,1,파워링크,네이버 가격비교,네이버플러스 스토어,함께 많이 찾는,웹문서,,,,,,,,,,,,,,,,,,,,,,,,,,,,,,,,,,,,,
1638,어린이무릎보호대,80,760,840,-,0,4,0,7,파워링크,네이버 가격비교,네이버플러스 스토어,함께 많이 찾는,네이버 클립,관련문서,관련문서,이미지,웹문서,,,,,,,,,,,,,,,,,,,,,,,,,,,,,,,,,
1639,어른선물추천,70,450,520,-,0,6,0,1,파워링크,네이버플러스 스토어,선물샵,함께 많이 찾는,네이버 클립,이미지,육아·결혼 인기글,웹문서,,,4,,,,,,,,,,,,,,,,,,,,,,,,,,,,,,,
1640,어르신옷,50,240,290,-,0,0,0,0,파워링크,네이버 가격비교,네이버플러스 스토어,함께 많이 찾는,웹문서,,,,,,,,,,,,,,,,,,,,,,,,,,,,,,,,,,,,,
1641,어르신영양제,60,360,420,-,0,4,1,3,파워링크,네이버 가격비교,네이버플러스 스토어,함께 많이 찾는,건강 주제 네이버 메이트,건강·의학 인기글,웹문서,,,,,,,,,,,,,,,,,,,,,,,,,,,,,,,,,,,
1642,어르신선물추천,110,530,640,-,0,6,1,1,파워링크,네이버플러스 스토어,선물샵,함께 많이 찾는,인기글,이미지,웹문서,,,,4,,,,,,,,,,,,,,,,,,,,,,,,,,,,,,,
1643,어르신무릎보호대,80,250,330,-,0,4,0,9,파워링크,네이버 가격비교,네이버플러스 스토어,함께 많이 찾는,관련문서,관련문서,이미지,웹문서,,,,,,,,,,,,,,,,,,,,,,,,,,,,,,,,,,
1644,어깨MRI,170,520,690,-,3,7,3,5,파워링크,AI 브리핑,건강 주제 네이버 메이트,네이버 클립,브랜드 콘텐츠,관련문서,이미지,함께 많이 찾는,관련문서,웹문서,,,,,,,,,,,,,,,,,,,,,,,,,,,,,,,,
1645,어깨,"1,640","6,970","8,610",-,0,4,0,7,파워링크,AI 브리핑,네이버 가격비교,네이버플러스 스토어,네이버 클립,이미지,뉴스,함께 많이 찾는,관련문서,웹문서,,,,,,,,,,,,,,,,,,,,,,,,,,,,,,,,
1646,양한방병원,60,310,370,-,0,3,0,2,파워링크,브랜드 콘텐츠,이미지,함께 많이 찾는,관련문서,웹문서,,,,,🤔 보류,,,,,,,,,,,,,,,,,,,,,,,,,,,,,,,
1647,양천구한의원,230,720,950,-,2,5,2,6,파워링크,함께 많이 찾는,관련문서,뉴스,웹문서,,,,,,🤔 보류,,,,,,,,,,,,,,,,,,,,,,,,,,,,,,,
1648,양천구정형외과,200,440,640,-,3,3,3,4,파워링크,함께 많이 찾는,관련문서,웹문서,,,,,,,🤔 보류,,,,,,,,,,,,,,,,,,,,,,,,,,,,,,,
1649,양쪽어깨보호대,10,130,140,-,0,2,0,4,파워링크,네이버 가격비교,네이버플러스 스토어,함께 많이 찾는,관련문서,관련문서,이미지,웹문서,,,,,,,,,,,,,,,,,,,,,,,,,,,,,,,,,,
1650,양주재활병원,110,160,270,-,1,4,1,5,파워링크,관련문서,뉴스,함께 많이 찾는,관련문서,이미지,웹문서,,,,🤔 보류,,,,,,,,,,,,,,,,,,,,,,,,,,,,,,,
1651,양재정형외과,250,720,970,-,1,3,1,4,파워링크,네이버 클립,뉴스,함께 많이 찾는,관련문서,웹문서,,,,,🤔 보류,,,,,,,,,,,,,,,,,,,,,,,,,,,,,,,
1652,양재역정형외과,940,"2,640","3,580",-,0,1,0,6,파워링크,함께 많이 찾는,건강·의학 인기글,웹문서,,,,,,,🤔 보류,,,,,,,,,,,,,,,,,,,,,,,,,,,,,,,
1653,양재동정형외과,100,220,320,-,1,4,1,7,파워링크,관련문서,함께 많이 찾는,관련문서,웹문서,,,,,,🤔 보류,,,,,,,,,,,,,,,,,,,,,,,,,,,,,,,
1654,양산통증의학과,70,540,610,-,1,3,1,4,파워링크,함께 많이 찾는,관련문서,뉴스,웹문서,,,,,,🤔 보류,,,,,,,,,,,,,,,,,,,,,,,,,,,,,,,
1655,양산정형외과,400,"2,960","3,360",-,0,5,0,6,파워링크,관련문서,건강·의학 브랜드 콘텐츠,함께 많이 찾는,관련문서,웹문서,,,,,🤔 보류,,,,,,,,,,,,,,,,,,,,,,,,,,,,,,,
1656,양산재활의학과,10,100,110,-,1,4,1,4,파워링크,관련문서,뉴스,함께 많이 찾는,관련문서,웹문서,,,,,🤔 보류,,,,,,,,,,,,,,,,,,,,,,,,,,,,,,,
1657,양산재활병원,30,180,210,-,2,5,2,4,파워링크,관련문서,브랜드 콘텐츠,뉴스,함께 많이 찾는,관련문서,최신 콘텐츠노출기준,이미지,웹문서,,🤔 보류,,,,,,,,,,,,,,,,,,,,,,,,,,,,,,,
1658,양방향척추내시경수술,50,70,120,-,1,5,1,6,파워링크,AI 브리핑,건강 주제 네이버 메이트,네이버 클립,함께 많이 찾는,관련문서,이미지,뉴스,웹문서,,3,,,,,,,,,,,,,,,,,,,,,,,,,,,,,,,
1659,양반다리의자,60,100,160,-,0,3,0,4,파워링크,네이버 가격비교,네이버플러스 스토어,함께 많이 찾는,건강·의학 인기글,이미지,웹문서,,,,,,,,,,,,,,,,,,,,,,,,,,,,,,,,,,,
1660,양면매트리스,30,80,110,-,0,1,0,6,파워링크,네이버 가격비교,네이버플러스 스토어,함께 많이 찾는,네이버 클립,상품리뷰 인기글,웹문서,,,,,,,,,,,,,,,,,,,,,,,,,,,,,,,,,,,
1661,약혼자,320,490,810,-,0,1,2,6,AI 브리핑,어학사전다른 어학정보 19,어학사전,네이버 클립,뉴스,함께 많이 찾는,인기글,웹문서,,,,,,,,,,,,,,,,,,,,,,,,,,,,,,,,,,
1662,약통케이스,550,"3,060","3,610",-,0,0,0,1,파워링크,네이버 가격비교,네이버플러스 스토어,네이버 클립,함께 많이 찾는,웹문서,,,,,,,,,,,,,,,,,,,,,,,,,,,,,,,,,,,,
1663,약국허리보호대,70,620,690,-,0,3,0,5,파워링크,네이버 가격비교,네이버플러스 스토어,함께 많이 찾는,상품리뷰 인기글,웹문서,,,,,5,,,,,,,,,,,,,,,,,,,,,,,,,,,,,,,
1664,야만,380,"2,880","3,260",-,2,5,2,6,파워링크,관련문서,어학사전다른 어학정보 20,어학사전,네이버 클립,증권,이미지,뉴스,함께 많이 찾는,관련문서,,,,,,,,,,,,,,,,,,,,,,,,,,,,,,,,
1665,야구장방석,90,360,450,-,0,1,0,6,네이버 가격비교,네이버플러스 스토어,함께 많이 찾는,스포츠 인기글,파워링크,이미지,웹문서,,,,,,,,,,,,,,,,,,,,,,,,,,,,,,,,,,,
1666,야간한의원,40,520,560,-,2,6,2,4,파워링크,관련문서,브랜드 콘텐츠,함께 많이 찾는,관련문서,웹문서,,,,,🤔 보류,,,,,,,,,,,,,,,,,,,,,,,,,,,,,,,
1667,압박속옷,10,110,120,-,0,0,0,0,파워링크,네이버 가격비교,네이버플러스 스토어,함께 많이 찾는,웹문서,,,,,,,,,,,,,,,,,,,,,,,,,,,,,,,,,,,,,
1668,압박골절,390,"1,200","1,590",-,3,11,3,6,파워링크,AI 브리핑,건강 소식,지식iN 의사 답변,함께 찾는 질병,관련 경험 카페글,압박골절' 브랜드 콘텐츠,네이버 가격비교,네이버플러스 스토어,이미지,2,,,,,,,,,,,,,,,,,,,,,,,,,,,,,,,
1669,압박,360,"1,510","1,870",-,1,1,1,6,파워링크,AI 브리핑,관련문서,네이버 클립,어학사전다른 어학정보 30,어학사전,네이버 가격비교,네이버플러스 스토어,뉴스,이미지,,,,,,,,,,,,,,,,,,,,,,,,,,,,,,,,
1670,압구정역정형외과,50,130,180,-,1,5,1,6,파워링크,관련문서,함께 많이 찾는,관련문서,웹문서,,,,,,3,,,,,,,,,,,,,,,,,,,,,,,,,,,,,,,
1671,안전가드침대,10,120,130,-,0,0,0,0,파워링크,네이버 가격비교,네이버플러스 스토어,함께 많이 찾는,웹문서,,,,,,,,,,,,,,,,,,,,,,,,,,,,,,,,,,,,,
1672,안양병원,170,710,880,-,1,5,1,5,파워링크,뉴스,함께 많이 찾는,관련문서,웹문서,,,,,,,,,,,,,,,,,,,,,,,,,,,,,,,,,,,,,
1673,안산허리디스크,80,90,170,-,2,4,2,6,파워링크,관련문서,이미지,뉴스,함께 많이 찾는,관련문서,웹문서,,,,3,,,,,,,,,,,,,,,,,,,,,,,,,,,,,,,
1674,안산정형외과,770,"2,600","3,370",-,0,3,0,6,파워링크,관련문서,함께 많이 찾는,관련문서,웹문서,,,,,,3,,,,,,,,,,,,,,,,,,,,,,,,,,,,,,,
1675,안산요가,130,550,680,-,0,2,0,6,파워링크,함께 많이 찾는,인기글,웹문서,,,,,,,,,,,,,,,,,,,,,,,,,,,,,,,,,,,,,,
1676,안마배게,20,110,130,-,0,0,0,2,파워링크,네이버 가격비교,네이버플러스 스토어,웹문서,,,,,,,,,,,,,,,,,,,,,,,,,,,,,,,,,,,,,,
1677,안마기추천,190,"2,170","2,360",-,0,3,0,3,파워링크,네이버 가격비교,네이버플러스 스토어,함께 많이 찾는,상품리뷰 인기글,웹문서,,,,,🤔 보류,,,,,,,,,,,,,,,,,,,,,,,,,,,,,,,
1678,안마기브랜드,60,660,720,-,0,5,0,2,파워링크,네이버 가격비교,네이버플러스 스토어,함께 많이 찾는,네이버 클립,상품리뷰 인기글,웹문서,,,,🤔 보류,,,,,,,,,,,,,,,,,,,,,,,,,,,,,,,
1679,안마기렌탈,170,"1,540","1,710",-,0,2,0,2,파워링크,네이버 가격비교,네이버플러스 스토어,함께 많이 찾는,네이버 클립,인플루언서서비스 홈 바로가기,상품리뷰 인기글,웹문서,,,,,,,,,,,,,,,,,,,,,,,,,,,,,,,,,,
1680,아치신발,160,"1,200","1,360",-,0,5,0,2,파워링크,네이버 가격비교,네이버플러스 스토어,네이버 클립,함께 많이 찾는,패션·미용 인기글,웹문서,,,,,,,,,,,,,,,,,,,,,,,,,,,,,,,,,,,
1681,아산한의원,570,"1,240","1,810",-,2,5,2,4,파워링크,관련문서,함께 많이 찾는,관련문서,최신 콘텐츠노출기준,웹문서,,,,,,,,,,,,,,,,,,,,,,,,,,,,,,,,,,,,
1682,아산한방병원,200,280,480,-,1,5,1,6,파워링크,함께 많이 찾는,관련문서,뉴스,웹문서,,,,,,,,,,,,,,,,,,,,,,,,,,,,,,,,,,,,,
1683,아산정형외과,710,"3,490","4,200",-,0,4,0,3,파워링크,함께 많이 찾는,관련문서,웹문서,,,,,,,3,,,,,,,,,,,,,,,,,,,,,,,,,,,,,,,
1684,아산재활병원,80,220,300,-,3,5,3,7,파워링크,관련문서,이미지,뉴스,함께 많이 찾는,관련문서,웹문서,,,,3,,,,,,,,,,,,,,,,,,,,,,,,,,,,,,,
1685,아산신경외과,170,840,"1,010",-,2,4,2,5,파워링크,관련문서,뉴스,함께 많이 찾는,관련문서,웹문서,,,,,3,,,,,,,,,,,,,,,,,,,,,,,,,,,,,,,
1686,아산센텀정형외과,30,220,250,-,0,2,0,3,관련문서,함께 많이 찾는,관련문서,웹문서,,,,,,,3,,,,,,,,,,,,,,,,,,,,,,,,,,,,,,,
1687,아산도수치료,30,100,130,-,0,5,0,4,파워링크,관련문서,이미지,함께 많이 찾는,관련문서,웹문서,,,,,3,,,,,,,,,,,,,,,,,,,,,,,,,,,,,,,
1688,아빠환갑선물,340,"1,390","1,730",-,0,2,0,3,파워링크,네이버플러스 스토어,선물샵,함께 많이 찾는,네이버 클립,인기글,이미지,웹문서,,,2,,,,,,,,,,,,,,,,,,,,,,,,,,,,,,,
1689,아빠선물,210,"1,130","1,340",-,0,5,0,2,파워링크,네이버플러스 스토어,선물샵,함께 많이 찾는,네이버 클립,상품리뷰 인기글,이미지,웹문서,,,2,,,,,,,,,,,,,,,,,,,,,,,,,,,,,,,
1690,아빠생일선물,490,"6,150","6,640",-,0,4,0,2,파워링크,네이버플러스 스토어,선물샵,함께 많이 찾는,네이버 클립,상품리뷰 인기글,지식iN,웹문서,,,2,,,,,,,,,,,,,,,,,,,,,,,,,,,,,,,
1691,아빠생신선물60대,40,190,230,-,3,7,3,6,네이버플러스 스토어,선물샵,함께 많이 찾는,관련문서,관련문서,파워링크,웹문서,,,,2,,,,,,,,,,,,,,,,,,,,,,,,,,,,,,,
1692,아빠생신선물,240,"1,230","1,470",-,0,3,0,3,파워링크,네이버플러스 스토어,선물샵,함께 많이 찾는,네이버 클립,상품리뷰 인기글,웹문서,,,,2,,,,,,,,,,,,,,,,,,,,,,,,,,,,,,,
1693,아버지환갑선물,90,270,360,-,2,9,2,6,파워링크,네이버플러스 스토어,선물샵,함께 많이 찾는,관련문서,관련문서,이미지,웹문서,,,2,,,,,,,,,,,,,,,,,,,,,,,,,,,,,,,
1694,아버지칠순선물,80,200,280,-,3,7,5,5,파워링크,네이버플러스 스토어,선물샵,함께 많이 찾는,관련문서,뉴스,관련문서,이미지,웹문서,,2,,,,,,,,,,,,,,,,,,,,,,,,,,,,,,,
1695,아버지선물,110,310,420,-,0,5,0,3,파워링크,네이버플러스 스토어,선물샵,상품리뷰 인기글,이미지,웹문서,,,,,2,,,,,,,,,,,,,,,,,,,,,,,,,,,,,,,
1696,아버지생신선물,330,"1,730","2,060",-,0,4,0,2,파워링크,네이버플러스 스토어,선물샵,함께 많이 찾는,상품리뷰 인기글,웹문서,,,,,2,,,,,,,,,,,,,,,,,,,,,,,,,,,,,,,
1697,아버님생신선물,190,"1,240","1,430",-,0,5,0,3,파워링크,네이버플러스 스토어,선물샵,함께 많이 찾는,인기글,웹문서,,,,,2,,,,,,,,,,,,,,,,,,,,,,,,,,,,,,,
1698,아바스틴,330,900,"1,230",-,1,5,1,4,파워링크,AI 브리핑,건강 주제 네이버 메이트,관련문서,이미지,함께 많이 찾는,관련문서,웹문서,,,,,,,,,,,,,,,,,,,,,,,,,,,,,,,,,,
1699,아랫배허리통증원인,5,100,105,-,8,5,8,0,AI 브리핑,건강 주제 네이버 메이트,관련문서,파워링크,관련문서,이미지,웹문서,,,,2,,,,,,,,,,,,,,,,,,,,,,,,,,,,,,,
1700,아디다스삼바,"3,940","37,200","41,140",-,0,1,0,6,파워링크,네이버 가격비교,네이버플러스 스토어,네이버 클립,함께 많이 찾는,패션·미용 인기글,웹문서,,,,,,,,,,,,,,,,,,,,,,,,,,,,,,,,,,,
1701,아들생일선물,30,190,220,-,0,5,0,2,파워링크,네이버플러스 스토어,선물샵,함께 많이 찾는,육아·결혼 인기글,이미지,웹문서,,,,,,,,,,,,,,,,,,,,,,,,,,,,,,,,,,,
1702,아내선물,90,230,320,-,0,6,0,2,파워링크,네이버플러스 스토어,선물샵,함께 많이 찾는,네이버 클립,육아·결혼 인기글,이미지,웹문서,,,2,,,,,,,,,,,,,,,,,,,,,,,,,,,,,,,
1703,아내생일이벤트,30,130,160,-,0,4,0,6,파워링크,네이버 가격비교,네이버플러스 스토어,관련문서,함께 많이 찾는,관련문서,이미지,웹문서,,,,,,,,,,,,,,,,,,,,,,,,,,,,,,,,,,
1704,아기화환,280,"1,620","1,900",-,0,0,0,0,파워링크,네이버 가격비교,네이버플러스 스토어,함께 많이 찾는,네이버 클립,웹문서,,,,,,,,,,,,,,,,,,,,,,,,,,,,,,,,,,,,
1705,아기엄마선물,130,560,690,-,0,4,0,3,파워링크,네이버플러스 스토어,선물샵,함께 많이 찾는,육아·결혼 인기글,네이버 클립,지식iN,이미지,웹문서,,2,,,,,,,,,,,,,,,,,,,,,,,,,,,,,,,
1706,쓸개담석,260,"3,090","3,350",-,2,2,2,5,파워링크,인플루언서서비스 홈 바로가기,건강 주제 네이버 메이트,브랜드 콘텐츠,이미지,함께 많이 찾는,관련문서,웹문서,,,,,,,,,,,,,,,,,,,,,,,,,,,,,,,,,,
1707,쓰리에이치침대,40,830,870,-,0,3,0,5,파워링크,네이버 가격비교,네이버플러스 스토어,함께 많이 찾는,관련문서,관련문서,이미지,웹문서,,,4,,,,,,,,,,,,,,,,,,,,,,,,,,,,,,,
1708,쓰리에이치지압침대,20,380,400,-,0,5,0,4,파워링크,네이버 가격비교,네이버플러스 스토어,함께 많이 찾는,관련문서,관련문서,이미지,웹문서,,,4,,,,,,,,,,,,,,,,,,,,,,,,,,,,,,,
1709,쑥뜸기,320,"1,840","2,160",-,0,0,0,0,파워링크,네이버 가격비교,네이버플러스 스토어,함께 많이 찾는,인플루언서서비스 홈 바로가기,웹문서,,,,,4,,,,,,,,,,,,,,,,,,,,,,,,,,,,,,,
1710,쌍용동한의원,360,430,790,-,0,2,0,6,파워링크,함께 많이 찾는,건강·의학 인기글,웹문서,,,,,,,3,,,,,,,,,,,,,,,,,,,,,,,,,,,,,,,
1711,싱글침대매트리스,180,"1,000","1,180",-,0,3,0,1,네이버 가격비교,네이버플러스 스토어,파워링크,함께 많이 찾는,지금 볼만한 브랜드,인테리어·DIY 인기글,웹문서,,,,,,,,,,,,,,,,,,,,,,,,,,,,,,,,,,,
1712,심장두근거림,640,"8,480","9,120",-,2,4,2,7,파워링크,인플루언서서비스 홈 바로가기,건강 주제 네이버 메이트,네이버 클립,건강·의학 브랜드 콘텐츠,관련문서,네이버 가격비교,네이버플러스 스토어,함께 많이 찾는,관련문서,,,,,,,,,,,,,,,,,,,,,,,,,,,,,,,,
1713,실리콘쿨방석,20,180,200,-,0,0,0,1,파워링크,네이버 가격비교,네이버플러스 스토어,함께 많이 찾는,웹문서,,,,,,,,,,,,,,,,,,,,,,,,,,,,,,,,,,,,,
1714,실리콘쿠션,40,180,220,-,0,0,0,0,네이버 가격비교,네이버플러스 스토어,함께 많이 찾는,파워링크,웹문서,,,,,,,,,,,,,,,,,,,,,,,,,,,,,,,,,,,,,
1715,실내자전거매트,160,650,810,-,2,4,2,6,파워링크,네이버 가격비교,네이버플러스 스토어,함께 많이 찾는,관련문서,관련문서,이미지,웹문서,,,,,,,,,,,,,,,,,,,,,,,,,,,,,,,,,,
1716,실내사우나,30,80,110,-,0,0,0,0,파워링크,네이버 가격비교,네이버플러스 스토어,함께 많이 찾는,웹문서,,,,,,🤔 보류,,,,,,,,,,,,,,,,,,,,,,,,,,,,,,,
1717,실내방향제,"2,470","12,100","14,570",-,0,1,0,3,파워링크,네이버 쇼핑 인기 상품,웹문서,함께 많이 찾는,네이버 클립,인플루언서서비스 홈 바로가기,상품리뷰 인기글,,,,,,,,,,,,,,,,,,,,,,,,,,,,,,,,,,,
1718,신혼집집들이선물,330,"1,380","1,710",-,0,4,2,3,파워링크,네이버 클립,네이버플러스 스토어,선물샵,함께 많이 찾는,인기글,이미지,웹문서,,,1,,,,,,,,,,,,,,,,,,,,,,,,,,,,,,,
1719,신혼집선물,260,870,"1,130",-,0,0,2,0,파워링크,네이버플러스 스토어,선물샵,함께 많이 찾는,네이버 클립,이미지,웹문서,,,,1,,,,,,,,,,,,,,,,,,,,,,,,,,,,,,,
1720,신혼집들이선물,290,790,"1,080",-,0,2,0,5,파워링크,네이버 클립,네이버플러스 스토어,선물샵,함께 많이 찾는,상품리뷰 인기글,이미지,웹문서,,,1,,,,,,,,,,,,,,,,,,,,,,,,,,,,,,,
1721,신혼선물,170,950,"1,120",-,0,0,0,0,파워링크,네이버플러스 스토어,선물샵,함께 많이 찾는,이미지,웹문서,,,,,1,,,,,,,,,,,,,,,,,,,,,,,,,,,,,,,
1722,신촌헬스장,580,"1,490","2,070",-,0,1,0,7,파워링크,함께 많이 찾는,스포츠 인기글,웹문서,,,,,,,,,,,,,,,,,,,,,,,,,,,,,,,,,,,,,,
1723,신촌헬스,30,120,150,-,0,0,0,2,파워링크,함께 많이 찾는,웹문서,,,,,,,,,,,,,,,,,,,,,,,,,,,,,,,,,,,,,,,
1724,신촌역피부과,140,400,540,-,0,0,0,0,파워링크,함께 많이 찾는,웹문서,,,,,,,,,,,,,,,,,,,,,,,,,,,,,,,,,,,,,,,
1725,신장결석,"1,180","5,370","6,550",-,3,9,3,6,파워링크,AI 브리핑,건강 소식,지식iN 의사 답변,함께 찾는 질병,관련 경험 카페글,신장결석' 브랜드 콘텐츠,인플루언서서비스 홈 바로가기,이미지,함께 많이 찾는,,,,,,,,,,,,,,,,,,,,,,,,,,,,,,,,
1726,신우신염,"4,990","29,200","34,190",-,3,3,3,7,파워링크,AI 브리핑,건강 소식,지식iN 의사 답변,함께 찾는 질병,건강·의학 브랜드 콘텐츠,인플루언서서비스 홈 바로가기,이미지,함께 많이 찾는,관련문서,,,,,,,,,,,,,,,,,,,,,,,,,,,,,,,,
1727,신용산필라테스,40,120,160,-,0,1,0,10,파워링크,관련문서,네이버 클립,함께 많이 찾는,관련문서,이미지,웹문서,,,,,,,,,,,,,,,,,,,,,,,,,,,,,,,,,,,
1728,신신파프,330,590,920,-,0,1,0,6,파워링크,네이버 가격비교,네이버플러스 스토어,네이버 클립,상품리뷰 인기글,웹문서,,,,,4,,,,,,,,,,,,,,,,,,,,,,,,,,,,,,,
1729,신신파스아렉스,810,"5,670","6,480",-,0,1,0,6,AI 브리핑,건강 주제 네이버 메이트,네이버 가격비교,네이버플러스 스토어,함께 많이 찾는,건강·의학 인기글,웹문서,,,,4,,,,,,,,,,,,,,,,,,,,,,,,,,,,,,,
1730,신사정형외과,80,"1,240","1,320",-,1,3,1,5,파워링크,이미지,함께 많이 찾는,관련문서,웹문서,,,,,,3,,,,,,,,,,,,,,,,,,,,,,,,,,,,,,,
1731,신사역정형외과,230,"1,120","1,350",-,1,2,1,4,파워링크,관련문서,함께 많이 찾는,관련문서,웹문서,,,,,,3,,,,,,,,,,,,,,,,,,,,,,,,,,,,,,,
1732,신사동정형외과,60,190,250,-,0,4,1,5,파워링크,함께 많이 찾는,관련문서,뉴스,웹문서,,,,,,3,,,,,,,,,,,,,,,,,,,,,,,,,,,,,,,
1733,신부님선물,10,110,120,-,0,4,0,5,파워링크,네이버플러스 스토어,선물샵,함께 많이 찾는,인기글,이미지,웹문서,,,,,,,,,,,,,,,,,,,,,,,,,,,,,,,,,,,
1734,신문꽂이,40,100,140,-,0,0,0,0,파워링크,네이버 가격비교,네이버플러스 스토어,함께 많이 찾는,웹문서,,,,,,,,,,,,,,,,,,,,,,,,,,,,,,,,,,,,,
1735,신림한의원,220,600,820,-,2,4,2,5,파워링크,함께 많이 찾는,관련문서,최신 콘텐츠노출기준,뉴스,웹문서,,,,,3,,,,,,,,,,,,,,,,,,,,,,,,,,,,,,,
1736,신림정형외과,"1,130","1,920","3,050",-,2,3,2,3,파워링크,함께 많이 찾는,관련문서,웹문서,,,,,,,3,,,,,,,,,,,,,,,,,,,,,,,,,,,,,,,
1737,신림역정형외과,580,840,"1,420",-,0,5,0,2,파워링크,함께 많이 찾는,건강·의학 인기글,웹문서,,,,,,,3,,,,,,,,,,,,,,,,,,,,,,,,,,,,,,,
1738,신림동한의원,60,160,220,-,3,3,3,6,파워링크,관련문서,함께 많이 찾는,관련문서,웹문서,,,,,,3,,,,,,,,,,,,,,,,,,,,,,,,,,,,,,,
1739,신림동정형외과,370,340,710,-,1,2,1,7,파워링크,관련문서,함께 많이 찾는,관련문서,웹문서,,,,,,3,,,,,,,,,,,,,,,,,,,,,,,,,,,,,,,
1740,신림도수치료,120,90,210,-,0,2,0,5,파워링크,함께 많이 찾는,인기글,웹문서,,,,,,,3,,,,,,,,,,,,,,,,,,,,,,,,,,,,,,,
1741,신도림한의원,600,580,"1,180",-,0,5,0,5,파워링크,관련문서,함께 많이 찾는,관련문서,웹문서,,,,,,3,,,,,,,,,,,,,,,,,,,,,,,,,,,,,,,
1742,신도림정형외과,690,"4,390","5,080",-,1,4,1,5,파워링크,네이버 클립,함께 많이 찾는,관련문서,웹문서,,,,,,3,,,,,,,,,,,,,,,,,,,,,,,,,,,,,,,
1743,신도림재활병원,5,100,105,-,1,2,1,2,파워링크,관련문서,이미지,웹문서,,,,,,,3,,,,,,,,,,,,,,,,,,,,,,,,,,,,,,,
1744,신도림역한의원,390,140,530,-,0,3,0,7,파워링크,관련문서,함께 많이 찾는,관련문서,웹문서,,,,,,3,,,,,,,,,,,,,,,,,,,,,,,,,,,,,,,
1745,신도림신경외과,60,400,460,-,0,1,0,5,파워링크,관련문서,함께 많이 찾는,관련문서,웹문서,,,,,,3,,,,,,,,,,,,,,,,,,,,,,,,,,,,,,,
1746,신당정형외과,60,200,260,-,2,2,2,4,파워링크,관련문서,이미지,관련문서,웹문서,,,,,,3,,,,,,,,,,,,,,,,,,,,,,,,,,,,,,,
1747,신경치료후통증,820,"7,730","8,550",-,5,3,5,6,파워링크,AI 브리핑,건강 주제 네이버 메이트,네이버 클립,브랜드 콘텐츠,이미지,함께 많이 찾는,관련문서,웹문서,,,,,,,,,,,,,,,,,,,,,,,,,,,,,,,,,
1748,신경치료,770,"5,270","6,040",-,3,4,3,6,파워링크,AI 브리핑,건강 소식,지식iN 의사 답변,함께 찾는 질병,인플루언서서비스 홈 바로가기,네이버 가격비교,네이버플러스 스토어,이미지,함께 많이 찾는,,,,,,,,,,,,,,,,,,,,,,,,,,,,,,,,
1749,신경차단술효과기간,10,150,160,-,2,3,2,6,AI 브리핑,건강 주제 네이버 메이트,파워링크,관련문서,함께 많이 찾는,관련문서,이미지,웹문서,,,3,,,,,,,,,,,,,,,,,,,,,,,,,,,,,,,
1750,신경차단술횟수,30,110,140,-,3,3,3,3,AI 브리핑,건강 주제 네이버 메이트,관련문서,파워링크,함께 많이 찾는,관련문서,이미지,웹문서,,,3,,,,,,,,,,,,,,,,,,,,,,,,,,,,,,,
1751,신경차단술주사비용,30,400,430,-,3,7,4,4,AI 브리핑,관련문서,파워링크,함께 많이 찾는,관련문서,이미지,웹문서,,,,3,,,,,,,,,,,,,,,,,,,,,,,,,,,,,,,
1752,신경주사,180,"1,330","1,510",-,2,4,2,5,파워링크,건강 주제 네이버 메이트,뉴스,네이버 클립,함께 많이 찾는,관련문서,이미지,웹문서,,,3,,,,,,,,,,,,,,,,,,,,,,,,,,,,,,,
1753,신경인성방광,160,580,740,-,3,2,3,4,파워링크,AI 브리핑,건강 소식하단 정보 열고 닫기 버튼,진료 관련 통계하단 정보 열고 닫기 버튼,함께 찾는 질병,함께 많이 찾는,관련문서,이미지,웹문서,,,,,,,,,,,,,,,,,,,,,,,,,,,,,,,,,
1754,신경외과전문의,50,190,240,-,1,3,1,1,파워링크,AI 브리핑,교육 주제 네이버 메이트,관련문서,이미지,함께 많이 찾는,관련문서,네이버 도서,웹문서,,3,,,,,,,,,,,,,,,,,,,,,,,,,,,,,,,
1755,신경외과의원,40,220,260,-,0,4,0,3,파워링크,관련문서,함께 많이 찾는,관련문서,웹문서,,,,,,3,,,,,,,,,,,,,,,,,,,,,,,,,,,,,,,
1756,신경외과유명한곳,100,"1,370","1,470",-,0,6,0,3,파워링크,네이버 클립,함께 많이 찾는,건강·의학 인기글,웹문서,,,,,,3,,,,,,,,,,,,,,,,,,,,,,,,,,,,,,,
1757,신경외과병원,70,"1,080","1,150",-,0,5,0,5,파워링크,네이버 클립,함께 많이 찾는,관련문서,웹문서,,,,,,3,,,,,,,,,,,,,,,,,,,,,,,,,,,,,,,
1758,신경외과명의,80,490,570,-,1,3,1,6,파워링크,관련문서,이미지,함께 많이 찾는,관련문서,네이버 클립,웹문서,,,,3,,,,,,,,,,,,,,,,,,,,,,,,,,,,,,,
1759,신경외과,"5,490","58,200","63,690",-,2,5,2,3,파워링크,건강·의학 브랜드 콘텐츠,네이버 클립,함께 많이 찾는,관련문서,웹문서,,,,,3,,,,,,,,,,,,,,,,,,,,,,,,,,,,,,,
1760,신경성형술후기,10,130,140,-,2,5,2,7,관련문서,파워링크,함께 많이 찾는,관련문서,이미지,웹문서,,,,,3,,,,,,,,,,,,,,,,,,,,,,,,,,,,,,,
1761,신경성형술비용,50,530,580,-,2,7,2,3,파워링크,관련문서,함께 많이 찾는,관련문서,이미지,웹문서,,,,,3,,,,,,,,,,,,,,,,,,,,,,,,,,,,,,,
1762,신경성형술,650,"2,890","3,540",-,2,4,2,5,파워링크,AI 브리핑,건강 소식,지식iN 의사 답변,함께 찾는 질병,건강·의학 브랜드 콘텐츠,네이버 클립,이미지,네이버 가격비교,네이버플러스 스토어,3,,,,,,,,,,,,,,,,,,,,,,,,,,,,,,,
1763,신경내과,220,"1,780","2,000",-,2,5,2,4,파워링크,네이버 클립,함께 많이 찾는,관련문서,이미지,웹문서,,,,,3,,,,,,,,,,,,,,,,,,,,,,,,,,,,,,,
1764,신경과의원,130,630,760,-,0,4,0,5,파워링크,네이버 클립,함께 많이 찾는,관련문서,웹문서,,,,,,3,,,,,,,,,,,,,,,,,,,,,,,,,,,,,,,
1765,신경과병원,300,"3,490","3,790",-,1,5,1,3,파워링크,관련문서,네이버 클립,함께 많이 찾는,관련문서,웹문서,,,,,3,,,,,,,,,,,,,,,,,,,,,,,,,,,,,,,
1766,신경과명의,150,"1,230","1,380",-,1,5,1,5,파워링크,관련문서,함께 많이 찾는,관련문서,네이버 클립,이미지,웹문서,,,,3,,,,,,,,,,,,,,,,,,,,,,,,,,,,,,,
1767,식욕부진원인,30,300,330,-,3,7,3,4,AI 브리핑,항암 치료 후 식욕 부진 회복을 위한 관리 방법,파워링크,함께 많이 찾는,관련문서,이미지,웹문서,,,,,,,,,,,,,,,,,,,,,,,,,,,,,,,,,,,
1768,식도협착증증상,20,150,170,-,3,4,3,4,파워링크,관련문서,함께 많이 찾는,관련문서,이미지,웹문서,,,,,,,,,,,,,,,,,,,,,,,,,,,,,,,,,,,,
1769,시흥내과,100,430,530,-,2,3,2,5,파워링크,관련문서,함께 많이 찾는,관련문서,웹문서,,,,,,,,,,,,,,,,,,,,,,,,,,,,,,,,,,,,,
1770,시카케어밴드,200,"1,570","1,770",-,0,4,0,2,파워링크,네이버 가격비교,네이버플러스 스토어,함께 많이 찾는,네이버 클립,인플루언서서비스 홈 바로가기,육아·결혼 인기글,웹문서,,,,,,,,,,,,,,,,,,,,,,,,,,,,,,,,,,
1771,시청정형외과,20,100,120,-,2,3,2,4,파워링크,관련문서,함께 많이 찾는,관련문서,이미지,웹문서,,,,,3,,,,,,,,,,,,,,,,,,,,,,,,,,,,,,,
1772,시원한방석,360,920,"1,280",-,0,0,0,0,파워링크,네이버 가격비교,네이버플러스 스토어,함께 많이 찾는,네이버 클립,웹문서,,,,,,,,,,,,,,,,,,,,,,,,,,,,,,,,,,,,
1773,시원한매트리스,50,230,280,-,1,5,2,7,파워링크,네이버 가격비교,네이버플러스 스토어,함께 많이 찾는,관련문서,인테리어·DIY 브랜드 콘텐츠,뉴스,관련문서,이미지,웹문서,,,,,,,,,,,,,,,,,,,,,,,,,,,,,,,,
1774,시원재활의학과,50,470,520,-,0,3,0,4,관련문서,이미지,함께 많이 찾는,관련문서,웹문서,,,,,,3,,,,,,,,,,,,,,,,,,,,,,,,,,,,,,,
1775,시어머님생신선물,120,560,680,-,0,6,0,2,파워링크,네이버플러스 스토어,선물샵,함께 많이 찾는,인기글,네이버 클립,이미지,웹문서,,,🤔 보류,,,,,,,,,,,,,,,,,,,,,,,,,,,,,,,
1776,시어머니환갑선물,40,210,250,-,3,8,3,5,네이버플러스 스토어,선물샵,관련문서,파워링크,함께 많이 찾는,관련문서,이미지,웹문서,,,🤔 보류,,,,,,,,,,,,,,,,,,,,,,,,,,,,,,,
1777,시어머니선물,120,570,690,-,0,6,0,1,파워링크,네이버플러스 스토어,선물샵,함께 많이 찾는,상품리뷰 인기글,이미지,웹문서,,,,🤔 보류,,,,,,,,,,,,,,,,,,,,,,,,,,,,,,,
1778,시신경,160,910,"1,070",-,0,3,0,7,파워링크,AI 브리핑,네이버 클립,이미지,뉴스,함께 많이 찾는,관련문서,웹문서,,,,,,,,,,,,,,,,,,,,,,,,,,,,,,,,,,
1779,시스템침대,30,110,140,-,0,0,0,0,파워링크,네이버 가격비교,네이버플러스 스토어,함께 많이 찾는,이미지,웹문서,,,,,,,,,,,,,,,,,,,,,,,,,,,,,,,,,,,,
1780,시디즈,"26,900","39,000","65,900",-,0,0,0,0,파워링크,네이버 가격비교,네이버플러스 스토어,증권,(주)시디즈,함께 많이 찾는,웹문서,,,,,,,,,,,,,,,,,,,,,,,,,,,,,,,,,,,
1781,시댁선물,70,340,410,-,0,5,0,2,파워링크,네이버플러스 스토어,선물샵,함께 많이 찾는,인기글,웹문서,,,,,🤔 보류,,,,,,,,,,,,,,,,,,,,,,,,,,,,,,,
1782,슬링운동,100,250,350,-,0,3,0,5,파워링크,건강 주제 네이버 메이트,관련문서,이미지,함께 많이 찾는,관련문서,네이버 가격비교,네이버플러스 스토어,웹문서,,,,,,,,,,,,,,,,,,,,,,,,,,,,,,,,,
1783,슬림매트리스,40,130,170,-,0,0,0,0,파워링크,네이버 가격비교,네이버플러스 스토어,함께 많이 찾는,웹문서,,,,,,,,,,,,,,,,,,,,,,,,,,,,,,,,,,,,,
1784,슬리밍크림,40,180,220,-,0,0,0,0,네이버 가격비교,네이버플러스 스토어,파워링크,함께 많이 찾는,웹문서,,,,,,,,,,,,,,,,,,,,,,,,,,,,,,,,,,,,,
1785,슬룸허리편한케어,40,290,330,-,0,1,0,7,파워링크,네이버 가격비교,네이버플러스 스토어,함께 많이 찾는,관련문서,관련문서,이미지,웹문서,,,,,,,,,,,,,,,,,,,,,,,,,,,,,,,,,,
1786,슬룸허리베개,30,350,380,-,0,1,0,6,파워링크,네이버 가격비교,네이버플러스 스토어,함께 많이 찾는,상품리뷰 인기글,웹문서,,,,,,,,,,,,,,,,,,,,,,,,,,,,,,,,,,,,
1787,슬개건보호대,240,550,790,-,0,1,0,5,파워링크,네이버 가격비교,네이버플러스 스토어,함께 많이 찾는,스포츠 인기글,웹문서,,,,,,,,,,,,,,,,,,,,,,,,,,,,,,,,,,,,
1788,스프링무릎보호대,10,100,110,-,0,3,0,6,네이버 가격비교,네이버플러스 스토어,파워링크,함께 많이 찾는,관련문서,관련문서,이미지,웹문서,,,,,,,,,,,,,,,,,,,,,,,,,,,,,,,,,,
1789,스포츠무릎보호대,30,180,210,-,2,3,2,9,파워링크,네이버 가격비교,네이버플러스 스토어,함께 많이 찾는,관련문서,관련문서,이미지,웹문서,,,,,,,,,,,,,,,,,,,,,,,,,,,,,,,,,,
1790,스포츠마사지크림,80,360,440,-,0,3,0,4,파워링크,네이버 가격비교,네이버플러스 스토어,함께 많이 찾는,패션·미용 인기글,웹문서,,,,,,,,,,,,,,,,,,,,,,,,,,,,,,,,,,,,
1791,스포츠겔,50,180,230,-,0,0,0,0,파워링크,네이버 가격비교,네이버플러스 스토어,함께 많이 찾는,웹문서,,,,,,2,,,,,,,,,,,,,,,,,,,,,,,,,,,,,,,
1792,스팀사우나,20,110,130,-,0,0,0,0,파워링크,네이버 가격비교,네이버플러스 스토어,함께 많이 찾는,웹문서,,,,,,2,,,,,,,,,,,,,,,,,,,,,,,,,,,,,,,
1793,스트레칭봉,390,"1,730","2,120",-,0,2,0,5,파워링크,네이버 가격비교,네이버플러스 스토어,함께 많이 찾는,건강·의학 인기글,이미지,뉴스,웹문서,,,4,,,,,,,,,,,,,,,,,,,,,,,,,,,,,,,
1794,스트레칭보드,830,"5,020","5,850",-,0,0,0,1,파워링크,네이버 가격비교,네이버플러스 스토어,함께 많이 찾는,인플루언서서비스 홈 바로가기,웹문서,,,,,4,,,,,,,,,,,,,,,,,,,,,,,,,,,,,,,
1795,스트레칭매트,220,670,890,-,0,0,0,0,파워링크,네이버 가격비교,네이버플러스 스토어,함께 많이 찾는,네이버 클립,웹문서,,,,,2,,,,,,,,,,,,,,,,,,,,,,,,,,,,,,,
1796,스트레스,"4,000","7,440","11,440",-,0,13,0,6,파워링크,AI 브리핑,함께 찾는 질병,관련 경험 카페글,스트레스' 브랜드 콘텐츠,네이버 클립,네이버 가격비교,네이버플러스 스토어,이미지,뉴스,,,,,,,,,,,,,,,,,,,,,,,,,,,,,,,,
1797,스톤헨지목걸이,"2,020","20,800","22,820",-,0,2,0,5,파워링크,네이버 가격비교,네이버플러스 스토어,함께 많이 찾는,인플루언서서비스 홈 바로가기,패션·미용 인기글,웹문서,,,,,,,,,,,,,,,,,,,,,,,,,,,,,,,,,,,
1798,스테리스트립,"1,690","9,290","10,980",-,2,7,2,8,파워링크,네이버 가격비교,네이버플러스 스토어,함께 많이 찾는,관련문서,관련문서,이미지,웹문서,,,,,,,,,,,,,,,,,,,,,,,,,,,,,,,,,,
1799,스테로이드주사,610,"7,970","8,580",-,5,5,5,6,파워링크,AI 브리핑,지식iN 의사 답변,함께 찾는 질병,함께 많이 찾는,관련문서,네이버 클립,이미지,웹문서,,3,,,,,,,,,,,,,,,,,,,,,,,,,,,,,,,
1800,스탠딩테이블,600,900,"1,500",-,0,0,0,0,파워링크,네이버 가격비교,네이버플러스 스토어,네이버 클립,함께 많이 찾는,웹문서,,,,,4,,,,,,,,,,,,,,,,,,,,,,,,,,,,,,,
1801,스타벅스우산,"2,420","15,300","17,720",-,0,0,2,0,파워링크,네이버 가격비교,네이버플러스 스토어,네이버 클립,함께 많이 찾는,웹문서,,,,,,,,,,,,,,,,,,,,,,,,,,,,,,,,,,,,
1802,스쿼트벨트,20,130,150,-,0,0,0,1,네이버 가격비교,네이버플러스 스토어,파워링크,함께 많이 찾는,웹문서,,,,,,4,,,,,,,,,,,,,,,,,,,,,,,,,,,,,,,
1803,슈퍼싱글매트리스사이즈,510,"1,960","2,470",-,0,4,0,8,파워링크,네이버 가격비교,네이버플러스 스토어,함께 많이 찾는,침대 매트리스 크기,관련문서,관련문서,이미지,관련문서,웹문서,,,,,,,,,,,,,,,,,,,,,,,,,,,,,,,,
1804,슈퍼싱글매트리스,"3,120","20,400","23,520",-,0,3,0,1,파워링크,네이버 가격비교,네이버플러스 스토어,네이버 클립,함께 많이 찾는,지금 볼만한 브랜드,인테리어·DIY 인기글,웹문서,,,,,,,,,,,,,,,,,,,,,,,,,,,,,,,,,,
1805,슈로스,180,900,"1,080",-,3,4,3,9,파워링크,네이버 클립,관련문서,네이버 가격비교,네이버플러스 스토어,이미지,함께 많이 찾는,관련문서,웹문서,,3,,,,,,,,,,,,,,,,,,,,,,,,,,,,,,,
1806,쉐이퍼,120,730,850,-,0,1,0,6,파워링크,네이버 가격비교,네이버플러스 스토어,함께 많이 찾는,패션·미용 인기글,웹문서,,,,,,,,,,,,,,,,,,,,,,,,,,,,,,,,,,,,
1807,순금1돈,"1,900","11,700","13,600",-,3,3,4,9,파워링크,금 계산기,국내 금(원/g),최신 컨텐츠,시장 동향하단 정보 열고 닫기 버튼,전문 콘텐츠하단 정보 열고 닫기 버튼,국내 금 관련 ETF,토론방 인기글,네이버 가격비교,네이버플러스 스토어,,,,,,,,,,,,,,,,,,,,,,,,,,,,,,,,
1808,순금1g,"1,760","7,510","9,270",-,2,2,2,12,파워링크,네이버 가격비교,네이버플러스 스토어,함께 많이 찾는,금 계산기,국내 금(원/g),최신 컨텐츠,시장 동향하단 정보 열고 닫기 버튼,전문 콘텐츠하단 정보 열고 닫기 버튼,토론방 인기글,,,,,,,,,,,,,,,,,,,,,,,,,,,,,,,,
1809,숙면베게,40,350,390,-,0,0,0,0,파워링크,네이버 가격비교,네이버플러스 스토어,함께 많이 찾는,웹문서,,,,,,2,,,,,,,,,,,,,,,,,,,,,,,,,,,,,,,
1810,숙면베개,320,"3,160","3,480",-,0,2,0,2,파워링크,네이버 가격비교,네이버플러스 스토어,함께 많이 찾는,뮤직,상품리뷰 인기글,웹문서,,,,2,,,,,,,,,,,,,,,,,,,,,,,,,,,,,,,
1811,수유의자,"1,520","11,300","12,820",-,0,1,0,5,파워링크,네이버 쇼핑 인기 상품,웹문서,네이버 클립,함께 많이 찾는,인플루언서서비스 홈 바로가기,육아·결혼 인기글,,,,,,,,,,,,,,,,,,,,,,,,,,,,,,,,,,,
1812,수유리클라이너,20,210,230,-,0,5,0,11,네이버 가격비교,네이버플러스 스토어,관련문서,파워링크,함께 많이 찾는,관련문서,이미지,웹문서,,,,,,,,,,,,,,,,,,,,,,,,,,,,,,,,,,
1813,수원허리통증병원,30,130,160,-,2,5,2,7,파워링크,관련문서,건강 주제 네이버 메이트,뉴스,함께 많이 찾는,관련문서,이미지,웹문서,,,3,,,,,,,,,,,,,,,,,,,,,,,,,,,,,,,
1814,수원한의원추천,60,300,360,-,3,10,3,3,파워링크,관련문서,건강·의학 브랜드 콘텐츠,뉴스,관련문서,이미지,웹문서,,,,🤔 보류,,,,,,,,,,,,,,,,,,,,,,,,,,,,,,,
1815,수원재활센터,20,90,110,-,1,2,1,8,파워링크,관련문서,뉴스,관련문서,최신 콘텐츠노출기준,이미지,웹문서,,,,3,,,,,,,,,,,,,,,,,,,,,,,,,,,,,,,
1816,수원류마티스내과,70,440,510,-,0,4,0,8,파워링크,관련문서,함께 많이 찾는,관련문서,이미지,웹문서,,,,,,,,,,,,,,,,,,,,,,,,,,,,,,,,,,,,
1817,수원교통사고한방병원,70,100,170,-,2,4,2,5,파워링크,관련문서,관련문서,웹문서,,,,,,,3,,,,,,,,,,,,,,,,,,,,,,,,,,,,,,,
1818,수원365의원,30,530,560,-,0,3,0,7,파워링크,뉴스,관련문서,이미지,웹문서,,,,,,🤔 보류,,,,,,,,,,,,,,,,,,,,,,,,,,,,,,,
1819,수액클리닉,20,150,170,-,0,3,0,3,파워링크,관련문서,이미지,함께 많이 찾는,관련문서,네이버 가격비교,네이버플러스 스토어,웹문서,,,,,,,,,,,,,,,,,,,,,,,,,,,,,,,,,,
1820,수액,"1,170","7,820","8,990",-,3,5,3,3,파워링크,건강 주제 네이버 메이트,네이버 클립,네이버 가격비교,네이버플러스 스토어,뉴스,함께 많이 찾는,관련문서,이미지,웹문서,,,,,,,,,,,,,,,,,,,,,,,,,,,,,,,,
1821,수압팽창술,160,280,440,-,2,1,2,5,AI 브리핑,건강 주제 네이버 메이트,관련문서,파워링크,이미지,함께 많이 찾는,관련문서,웹문서,,,3,,,,,,,,,,,,,,,,,,,,,,,,,,,,,,,
1822,수술,920,"2,440","3,360",-,0,4,0,4,파워링크,네이버 클립,뉴스,이미지,함께 많이 찾는,관련문서,웹문서,,,,,,,,,,,,,,,,,,,,,,,,,,,,,,,,,,,
1823,수성구요가,20,180,200,-,0,1,0,7,파워링크,함께 많이 찾는,인기글,웹문서,,,,,,,,,,,,,,,,,,,,,,,,,,,,,,,,,,,,,,
1824,수부정형외과,140,720,860,-,3,4,3,5,파워링크,브랜드 콘텐츠,이미지,함께 많이 찾는,관련문서,웹문서,,,,,,,,,,,,,,,,,,,,,,,,,,,,,,,,,,,,
1825,수면허리베개,20,340,360,-,0,0,0,0,파워링크,네이버 가격비교,네이버플러스 스토어,함께 많이 찾는,웹문서,,,,,,4,,,,,,,,,,,,,,,,,,,,,,,,,,,,,,,
1826,소형가전선물,30,100,130,-,0,3,0,4,파워링크,네이버플러스 스토어,선물샵,함께 많이 찾는,상품리뷰 인기글,이미지,웹문서,,,,,,,,,,,,,,,,,,,,,,,,,,,,,,,,,,,
1827,소프트매트리스,30,150,180,-,0,5,0,7,네이버 가격비교,네이버플러스 스토어,파워링크,함께 많이 찾는,관련문서,관련문서,이미지,웹문서,,,,,,,,,,,,,,,,,,,,,,,,,,,,,,,,,,
1828,셀룰라이트마사지기,30,360,390,-,1,4,3,9,파워링크,네이버 가격비교,네이버플러스 스토어,함께 많이 찾는,관련문서,인플루언서서비스 홈 바로가기,관련문서,이미지,웹문서,,,,,,,,,,,,,,,,,,,,,,,,,,,,,,,,,
1829,세탁가능베개,30,120,150,-,0,1,0,6,파워링크,네이버 가격비교,네이버플러스 스토어,함께 많이 찾는,육아 주제 네이버 메이트,인기글,웹문서,,,,,,,,,,,,,,,,,,,,,,,,,,,,,,,,,,,
1830,세종시흑염소,30,180,210,-,0,1,0,6,파워링크,함께 많이 찾는,인기글,웹문서,,,,,,,,,,,,,,,,,,,,,,,,,,,,,,,,,,,,,,
1831,세종시한의원,"1,160","1,620","2,780",-,2,5,2,3,파워링크,관련문서,함께 많이 찾는,관련문서,웹문서,,,,,,🤔 보류,,,,,,,,,,,,,,,,,,,,,,,,,,,,,,,
1832,세종교통사고병원,50,60,110,-,1,2,1,8,파워링크,관련문서,뉴스,관련문서,이미지,웹문서,,,,,🤔 보류,,,,,,,,,,,,,,,,,,,,,,,,,,,,,,,
1833,세라젬의료기기,50,420,470,-,0,3,0,4,네이버 가격비교,네이버플러스 스토어,파워링크,함께 많이 찾는,인기글,웹문서,,,,,4,,,,,,,,,,,,,,,,,,,,,,,,,,,,,,,
1834,세라젬의료기,50,360,410,-,0,5,0,7,파워링크,관련문서,관련문서,이미지,함께 많이 찾는,네이버 가격비교,웹문서,,,,4,,,,,,,,,,,,,,,,,,,,,,,,,,,,,,,
1835,세라젬안마의자렌탈,140,790,930,-,1,5,1,8,파워링크,네이버 가격비교,네이버플러스 스토어,함께 많이 찾는,관련문서,관련문서,이미지,웹문서,,,4,,,,,,,,,,,,,,,,,,,,,,,,,,,,,,,
1836,세라젬안마의자,"2,820","28,400","31,220",-,3,5,3,7,파워링크,네이버 가격비교,네이버플러스 스토어,함께 많이 찾는,관련문서,뉴스,관련문서,인플루언서서비스 홈 바로가기,이미지,웹문서,4,,,,,,,,,,,,,,,,,,,,,,,,,,,,,,,
1837,세라젬렌탈,350,"2,290","2,640",-,0,0,0,0,파워링크,네이버 가격비교,네이버플러스 스토어,함께 많이 찾는,웹문서,,,,,,4,,,,,,,,,,,,,,,,,,,,,,,,,,,,,,,
1838,세라젬가격,70,860,930,-,0,0,0,0,네이버 가격비교,네이버플러스 스토어,파워링크,함께 많이 찾는,웹문서,,,,,,4,,,,,,,,,,,,,,,,,,,,,,,,,,,,,,,
1839,세라젬V6,310,"2,140","2,450",-,0,1,0,6,파워링크,네이버 가격비교,네이버플러스 스토어,함께 많이 찾는,인플루언서서비스 홈 바로가기,건강·의학 인기글,웹문서,,,,4,,,,,,,,,,,,,,,,,,,,,,,,,,,,,,,
1840,성장장애,30,100,130,-,3,7,3,3,AI 브리핑,건강 소식,관련 경험 카페글,관련문서,파워링크,이미지,함께 많이 찾는,관련문서,웹문서,,,,,,,,,,,,,,,,,,,,,,,,,,,,,,,,,
1841,성인언어치료,60,290,350,-,0,2,0,5,파워링크,AI 브리핑,건강 주제 네이버 메이트,관련문서,이미지,웹문서,,,,,,,,,,,,,,,,,,,,,,,,,,,,,,,,,,,,
1842,성신여대정형외과,150,810,960,-,1,4,1,7,파워링크,관련문서,함께 많이 찾는,관련문서,웹문서,,,,,,3,,,,,,,,,,,,,,,,,,,,,,,,,,,,,,,
1843,성성동정형외과,90,520,610,-,0,3,0,5,파워링크,함께 많이 찾는,건강·의학 인기글,웹문서,,,,,,,3,,,,,,,,,,,,,,,,,,,,,,,,,,,,,,,
1844,성상신경차단술,190,680,870,-,1,4,1,3,AI 브리핑,건강 주제 네이버 메이트,관련문서,이미지,함께 많이 찾는,관련문서,웹문서,,,,3,,,,,,,,,,,,,,,,,,,,,,,,,,,,,,,
1845,성상신경절차단술,30,100,130,-,1,1,1,6,AI 브리핑,건강 주제 네이버 메이트,관련문서,파워링크,함께 많이 찾는,관련문서,이미지,웹문서,,,3,,,,,,,,,,,,,,,,,,,,,,,,,,,,,,,
1846,성북구정형외과,290,260,550,-,0,6,0,1,파워링크,함께 많이 찾는,건강·의학 인기글,웹문서,,,,,,,3,,,,,,,,,,,,,,,,,,,,,,,,,,,,,,,
1847,성북구병원,40,150,190,-,2,5,2,4,파워링크,뉴스,함께 많이 찾는,관련문서,웹문서,,,,,,3,,,,,,,,,,,,,,,,,,,,,,,,,,,,,,,
1848,성남통증의학과,30,130,160,-,0,2,0,5,파워링크,관련문서,함께 많이 찾는,관련문서,웹문서,,,,,,3,,,,,,,,,,,,,,,,,,,,,,,,,,,,,,,
1849,성남척추관절전문병원,5,150,155,-,2,4,2,4,파워링크,관련문서,뉴스,관련문서,웹문서,,,,,,3,,,,,,,,,,,,,,,,,,,,,,,,,,,,,,,
1850,성남시판교추나한의원,5,110,115,-,0,2,0,5,파워링크,관련문서,관련문서,이미지,동영상,웹문서,,,,,3,,,,,,,,,,,,,,,,,,,,,,,,,,,,,,,
1851,성남시정형외과,30,160,190,-,3,4,3,6,파워링크,관련문서,뉴스,함께 많이 찾는,관련문서,웹문서,,,,,3,,,,,,,,,,,,,,,,,,,,,,,,,,,,,,,
1852,성남분당판교추나한의원,5,160,165,-,0,2,0,6,파워링크,관련문서,관련문서,이미지,동영상,웹문서,,,,,3,,,,,,,,,,,,,,,,,,,,,,,,,,,,,,,
1853,성남병원,100,520,620,-,1,5,1,4,파워링크,함께 많이 찾는,관련문서,뉴스,웹문서,,,,,,3,,,,,,,,,,,,,,,,,,,,,,,,,,,,,,,
1854,성남도수치료,80,70,150,-,3,3,3,4,파워링크,관련문서,함께 많이 찾는,관련문서,이미지,웹문서,,,,,3,,,,,,,,,,,,,,,,,,,,,,,,,,,,,,,
1855,섬유근통,290,940,"1,230",-,2,3,2,7,파워링크,AI 브리핑,함께 찾는 질병,섬유근통의 다양한 증상과 관리 방법,이미지,함께 많이 찾는,관련문서,네이버 가격비교,네이버플러스 스토어,웹문서,2,,,,,,,,,,,,,,,,,,,,,,,,,,,,,,,
1856,섬유근육통치료,100,500,600,-,3,3,3,6,파워링크,AI 브리핑,함께 찾는 질병,브랜드 콘텐츠,인플루언서서비스 홈 바로가기,함께 많이 찾는,관련문서,이미지,웹문서,,3,,,,,,,,,,,,,,,,,,,,,,,,,,,,,,,
1857,섬유근육통증상,270,"2,620","2,890",-,3,8,3,6,파워링크,AI 브리핑,함께 찾는 질병,관련 경험 카페글,섬유근육통증상' 브랜드 콘텐츠,인플루언서서비스 홈 바로가기,이미지,함께 많이 찾는,관련문서,웹문서,2,,,,,,,,,,,,,,,,,,,,,,,,,,,,,,,
1858,섬유근육통약,60,300,360,-,3,4,3,5,파워링크,함께 많이 찾는,관련문서,이미지,네이버 가격비교,네이버플러스 스토어,웹문서,,,,3,,,,,,,,,,,,,,,,,,,,,,,,,,,,,,,
1859,설문조사기프티콘,230,140,370,-,0,4,0,6,파워링크,AI 브리핑,"세종광역치매센터sejong.nid.or.kr›notice[선착순 기프티콘 증정] 2026년 치매정책세미나 사전 설문조사 참여 2026.03.09.세종광역치매센터 개소 10주년을 맞아 세종시 시민·종사자·치매가족 대상 인식 및 요구도 설문조사를 실시하고, 그 결과를 분석하여 실현 가능한 세종형 치매 정책 대안 모색하기 위해 사전 설문조사를 실시하고자 합니다. 설문 완료자 중 선착순 응답자 대상으로 모바일 기프티콘도 증정하고 있으니 많은 관심과 참여 부탁드립니다.한국가스안전공사311만 인용2주 전[이벤트 ] 가치체계 인식 설문조사 참여하고 커피 기프티콘 받아가세요! ☕안녕하세요 한국가스안전공사입니다 공사의 조직의 방향성과 정체성을 담고 있는 가치체계(미션·비전·핵심가치)에 대해 여러분의 인식을 확인하고, 더 나은 개선방안을 마련하기 위해 설문조사를 실시합니다. 조사주제 : 가치체계 및 전략체계 공유 인식도 수준 진단 조사기간 : 2026. 7. 20. ~ 7. 31. 참여 혜택 : 추첨을 통해 커피 20개 발송 이번...소소하지만 확실한 행복.4주 전광명시 공공디자인 관련 설문 / 커피 기프티콘 전부(?)https://form.naver.com/response/l4hEQeY5av918wHHYZGLjA 여기저기 많이 퍼져서 어찌될지는 모르겠네요 3분정도 소요됩니다 재미로 해보세요광주교통공사 홍보블로그2026.07.01.[이벤트] 여러분의 의견을 들려주세요! 공공데이터 개방 및 활용도 설문조사 (feat. 기프티콘 선물 )14(화) 참여 대상 : 전 국민 누구나 설문 내용 : 공공데이터 개방 및 활용에 관한 설문조사 이벤트 혜택 : 참여자 추첨을 통해 기프티콘 증정 (1인 1매) 당첨자 발표 : 2026. 7. 20(월) / 총 85명 참여 하기 > > 여러분의 소중한 의견이 모여 더욱 스마트한 광주교통공사를 만듭니다. 지금 바로 참여하시고 의 주인공이 되어보세요! 앞으로도 늘 시민 여러분과...독취사-취업,대학생,대기업,공기업,GSAT,NCS,인턴,공모전,토익2026.05.30.설문조사 참여한 세 분께 기프티콘을 드립니다.정성껏 답변해주신 응답자 분들 중 세 분을 뽑아 투썸 기프티콘을 드릴 예정입니다. 응답 내용은 익명으로 수집되며, 설문 결과는 학회 프로젝트 및 연구 목적 외에는 사용되지 않습니다. 수집된 개인정보는 조사 종료 후 폐기됩니다. 감사합니다. https://forms.gle/8Z8BW19dtTmssfSE6 꼭 봐야할 이번주 독취사 인기글 토익/토스/오픽...",관련문서,이미지,웹문서,,,,,,,,,,,,,,,,,,,,,,,,,,,,,,,,,,,,
1860,선풍기방석,270,500,770,-,0,0,0,0,파워링크,네이버 가격비교,네이버플러스 스토어,함께 많이 찾는,웹문서,,,,,,,,,,,,,,,,,,,,,,,,,,,,,,,,,,,,,
1861,선생님선물추천,20,210,230,-,1,10,1,5,파워링크,네이버플러스 스토어,선물샵,함께 많이 찾는,관련문서,네이버 클립,뉴스,관련문서,이미지,웹문서,🤔 보류,,,,,,,,,,,,,,,,,,,,,,,,,,,,,,,
1862,선생님선물,140,"1,450","1,590",-,0,3,0,2,파워링크,네이버플러스 스토어,선물샵,함께 많이 찾는,네이버 클립,이미지,인기글,웹문서,,,🤔 보류,,,,,,,,,,,,,,,,,,,,,,,,,,,,,,,
1863,선물하기,"1,200","1,560","2,760",-,1,4,1,6,파워링크,네이버 클립,네이버플러스 스토어,선물샵,함께 많이 찾는,관련문서,브랜드 콘텐츠,뉴스,관련문서,이미지,🤔 보류,,,,,,,,,,,,,,,,,,,,,,,,,,,,,,,
1864,선물용디퓨저,40,160,200,-,0,1,0,6,파워링크,네이버플러스 스토어,선물샵,함께 많이 찾는,인기글,웹문서,,,,,,,,,,,,,,,,,,,,,,,,,,,,,,,,,,,,
1865,선물아이디어,5,130,135,-,0,0,0,0,네이버플러스 스토어,선물샵,함께 많이 찾는,네이버 클립,파워링크,웹문서,,,,,🤔 보류,,,,,,,,,,,,,,,,,,,,,,,,,,,,,,,
1866,선물셋트,40,130,170,-,0,0,0,0,파워링크,네이버플러스 스토어,선물샵,함께 많이 찾는,웹문서,,,,,,🤔 보류,,,,,,,,,,,,,,,,,,,,,,,,,,,,,,,
1867,선물세트추천,50,130,180,-,0,5,0,2,파워링크,네이버플러스 스토어,선물샵,함께 많이 찾는,네이버 클립,육아·결혼 인기글,이미지,웹문서,,,🤔 보류,,,,,,,,,,,,,,,,,,,,,,,,,,,,,,,
1868,선물세트,"1,640","3,500","5,140",-,0,3,0,1,파워링크,네이버 클립,네이버플러스 스토어,선물샵,함께 많이 찾는,이미지,상품리뷰 인기글,웹문서,,,🤔 보류,,,,,,,,,,,,,,,,,,,,,,,,,,,,,,,
1869,선릉정형외과,280,470,750,-,1,2,1,6,파워링크,관련문서,뉴스,함께 많이 찾는,관련문서,웹문서,,,,,3,,,,,,,,,,,,,,,,,,,,,,,,,,,,,,,
1870,선릉역정형외과,380,790,"1,170",-,1,2,1,7,파워링크,"koreahealthpages.com›선릉역-정형외과Click10+ 선릉역 정형외과 잘하는 곳.Click10 선릉역 정형외과 잘하는 곳. 선릉 근처에서 치료 잘하기로 유명한 정형외과를 정리해보았습니다. 관절과 뼈관련 치료를 받기 위해 수많은 선릉역 정형외과 중에서 어디를 가실지 모르시겠으면, 아래의 추천 선릉 정형외과를 방문해 보세요! 선릉역에서 리뷰 좋은 정...expathealthseoul.com›listing,health-blog,cost10+ LIST 선릉역 정형외과 추천 리스트10 LIST 선릉역 정형외과 추천 리스트입니다. 많은 분들이 팔, 손목, 척추 등 신체의 여러 기관의 문제를 해결하기에 찾습니다. 해당 정형외과의 정보를 사이트에서 확인하여 자신이 찾아갈 병원을 결정하세요.10+ LIST 선릉역 정형외과 추천 리스트10 LIST 선릉역 정형외과 추천 리스트입니다. 많은 분들이 팔, 손목, 척추 등 신체의 여러 기관의 문제를 해결하기에 찾습니다. 해당 의 정보를 사이트에서 확인하여 자신이 찾아갈 병원을 결정하세요.관련문서 더보기choicehospitalwww.choicehospital.co.kr강남초이스병원강남정형외과·선릉정형외과 강남초이스병원. 강남도수치료·비수술 척추관절 치료, 강남재활병원 수준의 맞춤 재활 시스템 제공. 빠른 예약 가능.대치수준수학blog.naver.com›xdqkuyx446220선릉역정형외과 3개월 다니다 결국 정착한 것2일 전회사가 선릉역이라 어깨만 뭉치면 점심시간에 선릉역정형외과부터 뛰어갔었음. 사무직 3년차인데 하루종일 모니터 앞에 앉아있으니 승모근은 항상 솟아있고, 뒷목은 자고 일어나도 뻐근한 게 그냥 기본값이었거든. 거울 볼 때마다 어깨가 귀에 붙어있는 것 같고 목은 앞으로 나와서, 오프숄더나 목 파인 옷은 옷장 깊숙이 박아둔 지가 벌써 몇 년째였음ㅠㅠ 단체사진...선릉 굿본재활의학과blog.naver.com›gbrehabsun선릉역정형외과, 갑자기 어깨를 못 들겠다면 '석회성건염' 의심?2주 전선릉역정형외과 그중 하나가 석회성건염입니다. 이 글을 통해 발생 원리와 증상의 특징을 알면 어깨 통증을 구분하는 데 도움이 될 겁니다. ▶ 다친 적도 없는데 왜 이렇게 아플까요? 석회성건염은 어깨를 움직이는 회전근개 힘줄에 칼슘 성분이 쌓인 상태를 말하는데요. 칼슘이 쌓여 있다고 해서 처음부터 통증이 생기는 건 아닙니다. 시간이 지나 침착된...",함께 많이 찾는,관련문서,웹문서,,,,,,3,,,,,,,,,,,,,,,,,,,,,,,,,,,,,,,
1871,석회화건염,160,680,840,-,2,6,2,5,파워링크,AI 브리핑,건강 소식,지식iN 의사 답변,함께 찾는 질병,어깨 석회화건염의 효과적인 치료 방법과 관리법,석회화건염' 브랜드 콘텐츠,네이버 클립,인플루언서서비스 홈 바로가기,이미지,2,,,,,,,,,,,,,,,,,,,,,,,,,,,,,,,
1872,석회성건염,"1,060","4,550","5,610",-,2,4,2,6,파워링크,AI 브리핑,건강 소식,지식iN 의사 답변,함께 찾는 질병,어깨 석회성 건염의 치료 방법과 효과,석회성건염' 브랜드 콘텐츠,네이버 가격비교,네이버플러스 스토어,이미지,2,,,,,,,,,,,,,,,,,,,,,,,,,,,,,,,
1873,석회건염,110,420,530,-,2,9,2,6,파워링크,AI 브리핑,건강 소식,지식iN 의사 답변,함께 찾는 질병,관련 경험 카페글,네이버 클립,이미지,함께 많이 찾는,관련문서,2,,,,,,,,,,,,,,,,,,,,,,,,,,,,,,,
1874,서현정형외과,610,"1,190","1,800",-,0,3,0,4,파워링크,함께 많이 찾는,관련문서,웹문서,,,,,,,3,,,,,,,,,,,,,,,,,,,,,,,,,,,,,,,
1875,서현동정형외과,90,320,410,-,0,3,0,5,파워링크,함께 많이 찾는,관련문서,웹문서,,,,,,,3,,,,,,,,,,,,,,,,,,,,,,,,,,,,,,,
1876,서초정형외과,320,330,650,-,2,4,2,5,파워링크,관련문서,뉴스,함께 많이 찾는,관련문서,웹문서,,,,,3,,,,,,,,,,,,,,,,,,,,,,,,,,,,,,,
1877,서초역한의원,90,80,170,-,0,4,0,7,파워링크,관련문서,함께 많이 찾는,관련문서,웹문서,,,,,,3,,,,,,,,,,,,,,,,,,,,,,,,,,,,,,,
1878,서재의자,220,550,770,-,0,3,0,3,파워링크,네이버 가격비교,네이버플러스 스토어,함께 많이 찾는,네이버 클립,이미지,지금 볼만한 브랜드,인테리어·DIY 인기글,웹문서,,,,,,,,,,,,,,,,,,,,,,,,,,,,,,,,,
1879,서장훈방석,20,90,110,-,0,4,0,3,파워링크,네이버 가격비교,네이버플러스 스토어,인기글,웹문서,,,,,,,,,,,,,,,,,,,,,,,,,,,,,,,,,,,,,
1880,서울허리잘보는병원,20,100,120,-,3,8,3,6,파워링크,관련문서,관련문서,이미지,웹문서,,,,,,3,,,,,,,,,,,,,,,,,,,,,,,,,,,,,,,
1881,서울통증의학과,110,"1,420","1,530",-,1,4,1,6,파워링크,네이버 클립,뉴스,함께 많이 찾는,관련문서,웹문서,,,,,3,,,,,,,,,,,,,,,,,,,,,,,,,,,,,,,
1882,서울척탑병원,630,"1,830","2,460",-,0,4,0,7,관련문서,파워링크,네이버 클립,이미지,함께 많이 찾는,관련문서,웹문서,,,,3,,,,,,,,,,,,,,,,,,,,,,,,,,,,,,,
1883,서울척추전문병원,160,880,"1,040",-,1,4,1,3,파워링크,관련문서,뉴스,함께 많이 찾는,관련문서,이미지,웹문서,,,,3,,,,,,,,,,,,,,,,,,,,,,,,,,,,,,,
1884,서울척추병원,30,110,140,-,1,3,1,5,파워링크,관련문서,브랜드 콘텐츠,이미지,뉴스,함께 많이 찾는,관련문서,웹문서,,,,,,,,,,,,,,,,,,,,,,,,,,,,,,,,,,
1885,서울척병원,"2,780","10,900","13,680",-,1,2,1,8,파워링크,이미지,함께 많이 찾는,관련문서,웹문서,,,,,,,,,,,,,,,,,,,,,,,,,,,,,,,,,,,,,
1886,서울정형외과추천,60,170,230,-,3,7,3,7,파워링크,관련문서,브랜드 콘텐츠,함께 많이 찾는,관련문서,이미지,웹문서,,,,,,,,,,,,,,,,,,,,,,,,,,,,,,,,,,,
1887,서울정형외과,"1,530","14,000","15,530",-,1,5,1,4,파워링크,건강·의학 브랜드 콘텐츠,네이버 클립,뉴스,함께 많이 찾는,관련문서,웹문서,,,,,,,,,,,,,,,,,,,,,,,,,,,,,,,,,,,
1888,서울우리들병원,250,"1,330","1,580",-,3,5,3,5,파워링크,관련문서,네이버 클립,이미지,함께 많이 찾는,관련문서,웹문서,,,,,,,,,,,,,,,,,,,,,,,,,,,,,,,,,,,
1889,서울신경외과,140,"1,520","1,660",-,2,4,2,5,파워링크,브랜드 콘텐츠,네이버 클립,뉴스,함께 많이 찾는,관련문서,웹문서,,,,,,,,,,,,,,,,,,,,,,,,,,,,,,,,,,,
1890,서울무릎병원,40,190,230,-,0,4,0,1,파워링크,인기글,웹문서,,,,,,,,,,,,,,,,,,,,,,,,,,,,,,,,,,,,,,,
1891,서울도수치료,60,120,180,-,1,4,1,5,파워링크,AI 브리핑,푸드 주제 네이버 메이트,브랜드 콘텐츠,이미지,뉴스,함께 많이 찾는,관련문서,웹문서,,,,,,,,,,,,,,,,,,,,,,,,,,,,,,,,,
1892,서서일하는책상,150,190,340,-,0,1,0,7,파워링크,네이버 가격비교,네이버플러스 스토어,함께 많이 찾는,관련문서,브랜드 콘텐츠,관련문서,이미지,웹문서,,,,,,,,,,,,,,,,,,,,,,,,,,,,,,,,,
1893,서비스테이블,100,90,190,-,0,0,0,0,파워링크,네이버 가격비교,네이버플러스 스토어,함께 많이 찾는,웹문서,,,,,,,,,,,,,,,,,,,,,,,,,,,,,,,,,,,,,
1894,서면통증의학과,50,230,280,-,1,3,1,4,파워링크,함께 많이 찾는,관련문서,웹문서,,,,,,,,,,,,,,,,,,,,,,,,,,,,,,,,,,,,,,
1895,서면신경외과,100,180,280,-,0,5,0,5,파워링크,관련문서,뉴스,함께 많이 찾는,관련문서,웹문서,,,,,,,,,,,,,,,,,,,,,,,,,,,,,,,,,,,,
1896,서면병원,50,350,400,-,2,5,2,4,파워링크,관련문서,뉴스,함께 많이 찾는,관련문서,웹문서,,,,,,,,,,,,,,,,,,,,,,,,,,,,,,,,,,,,
1897,서면도수치료,110,450,560,-,3,5,3,5,파워링크,관련문서,브랜드 콘텐츠,이미지,함께 많이 찾는,관련문서,웹문서,,,,,,,,,,,,,,,,,,,,,,,,,,,,,,,,,,,
1898,서류금고,50,70,120,-,0,0,0,0,파워링크,네이버 가격비교,네이버플러스 스토어,함께 많이 찾는,웹문서,,,,,,,,,,,,,,,,,,,,,,,,,,,,,,,,,,,,,
1899,샤넬파우치,330,"4,050","4,380",-,0,0,0,0,파워링크,네이버 쇼핑 인기 상품,웹문서,함께 많이 찾는,인플루언서서비스 홈 바로가기,,,,,,,,,,,,,,,,,,,,,,,,,,,,,,,,,,,,,
1900,생일축하이벤트,40,220,260,-,2,6,3,6,파워링크,네이버 가격비교,네이버플러스 스토어,함께 많이 찾는,관련문서,네이버 클립,뉴스,관련문서,이미지,웹문서,,,,,,,,,,,,,,,,,,,,,,,,,,,,,,,,
1901,생일이벤트,650,"2,980","3,630",-,0,0,0,0,파워링크,네이버 가격비교,네이버플러스 스토어,함께 많이 찾는,네이버 클립,인플루언서서비스 홈 바로가기,웹문서,,,,,,,,,,,,,,,,,,,,,,,,,,,,,,,,,,,
1902,생일,"2,350","15,200","17,550",-,0,0,0,0,파워링크,AI 브리핑,네이버 클립,함께 많이 찾는,네이버플러스 스토어,선물샵,웹문서,,,,,,,,,,,,,,,,,,,,,,,,,,,,,,,,,,,
1903,생애주기별건강검진,460,"2,600","3,060",-,0,4,0,6,파워링크,AI 브리핑,건강 주제 네이버 메이트,이미지,함께 많이 찾는,관련문서,웹문서,,,,,,,,,,,,,,,,,,,,,,,,,,,,,,,,,,,
1904,생신선물,200,870,"1,070",-,0,4,0,1,파워링크,네이버플러스 스토어,선물샵,함께 많이 찾는,인기글,이미지,웹문서,,,,,,,,,,,,,,,,,,,,,,,,,,,,,,,,,,,
1905,생리핫팩,10,150,160,-,0,2,0,5,네이버 가격비교,네이버플러스 스토어,파워링크,함께 많이 찾는,건강 주제 네이버 메이트,인기글,웹문서,,,,,,,,,,,,,,,,,,,,,,,,,,,,,,,,,,,
1906,생리통허리통증약,40,310,350,-,2,7,3,6,AI 브리핑,건강 주제 네이버 메이트,관련문서,파워링크,함께 많이 찾는,관련문서,이미지,웹문서,,,,,,,,,,,,,,,,,,,,,,,,,,,,,,,,,,
1907,생리통핫팩,30,260,290,-,3,2,3,7,파워링크,네이버 가격비교,네이버플러스 스토어,함께 많이 찾는,관련문서,관련문서,이미지,웹문서,,,,,,,,,,,,,,,,,,,,,,,,,,,,,,,,,,
1908,생리통찜질팩,40,220,260,-,0,2,0,5,파워링크,네이버 가격비교,네이버플러스 스토어,함께 많이 찾는,건강·의학 인기글,웹문서,,,,,,,,,,,,,,,,,,,,,,,,,,,,,,,,,,,,
1909,생리통찜질기,80,480,560,-,0,1,0,6,파워링크,네이버 가격비교,네이버플러스 스토어,네이버 클립,함께 많이 찾는,건강·의학 인기글,웹문서,,,,,,,,,,,,,,,,,,,,,,,,,,,,,,,,,,,
1910,생리통찜질,20,140,160,-,2,4,2,8,파워링크,네이버 가격비교,네이버플러스 스토어,함께 많이 찾는,관련문서,관련문서,이미지,웹문서,,,,,,,,,,,,,,,,,,,,,,,,,,,,,,,,,,
1911,생리통완화기계,30,160,190,-,0,4,0,11,파워링크,네이버 가격비교,네이버플러스 스토어,함께 많이 찾는,네이버 클립,관련문서,관련문서,이미지,웹문서,,,,,,,,,,,,,,,,,,,,,,,,,,,,,,,,,
1912,상체운동,210,840,"1,050",-,3,7,4,6,파워링크,AI 브리핑,건강 주제 네이버 메이트,관련문서,네이버 클립,인플루언서서비스 홈 바로가기,이미지,네이버 가격비교,네이버플러스 스토어,뉴스,,,,,,,,,,,,,,,,,,,,,,,,,,,,,,,,
1913,상암동정형외과,150,550,700,-,0,5,0,2,파워링크,함께 많이 찾는,건강·의학 인기글,웹문서,,,,,,,3,,,,,,,,,,,,,,,,,,,,,,,,,,,,,,,
1914,상담의자,70,90,160,-,0,0,0,0,파워링크,네이버 가격비교,네이버플러스 스토어,함께 많이 찾는,웹문서,,,,,,,,,,,,,,,,,,,,,,,,,,,,,,,,,,,,,
1915,상담데스크,70,100,170,-,0,0,0,0,파워링크,네이버 가격비교,네이버플러스 스토어,함께 많이 찾는,이미지,웹문서,,,,,,,,,,,,,,,,,,,,,,,,,,,,,,,,,,,,
1916,상견례선물,"4,000","17,400","21,400",-,0,4,0,1,파워링크,네이버플러스 스토어,선물샵,함께 많이 찾는,육아·결혼 인기글,웹문서,,,,,,,,,,,,,,,,,,,,,,,,,,,,,,,,,,,,
1917,산후조리음식,50,420,470,-,2,7,2,4,파워링크,AI 브리핑,관련문서,브랜드 콘텐츠,푸드 주제 네이버 메이트,이미지,네이버 가격비교,네이버플러스 스토어,함께 많이 찾는,관련문서,,,,,,,,,,,,,,,,,,,,,,,,,,,,,,,,
1918,산후조리선물,30,160,190,-,0,5,0,1,파워링크,네이버플러스 스토어,선물샵,함께 많이 찾는,육아·결혼 인기글,웹문서,,,,,,,,,,,,,,,,,,,,,,,,,,,,,,,,,,,,
1919,산후,50,290,340,-,0,6,0,1,산후,네이버 클립,파워링크,육아·결혼 인기글,어학사전다른 어학정보 20,어학사전,웹문서,,,,,,,,,,,,,,,,,,,,,,,,,,,,,,,,,,,
1920,산모에게좋은음식,130,"1,310","1,440",-,2,8,2,4,파워링크,브랜드 콘텐츠,관련문서,네이버 클립,육아 주제 네이버 메이트,이미지,함께 많이 찾는,관련문서,네이버 가격비교,네이버플러스 스토어,,,,,,,,,,,,,,,,,,,,,,,,,,,,,,,,
1921,사향공진단가격,160,"1,310","1,470",-,0,1,0,3,파워링크,네이버 가격비교,네이버플러스 스토어,함께 많이 찾는,건강·의학 인기글,웹문서,,,,,,,,,,,,,,,,,,,,,,,,,,,,,,,,,,,,
1922,사하구정형외과,80,360,440,-,0,3,0,3,파워링크,함께 많이 찾는,건강·의학 인기글,웹문서,,,,,,,3,,,,,,,,,,,,,,,,,,,,,,,,,,,,,,,
1923,사타구니통증,440,"7,830","8,270",-,2,5,2,7,파워링크,AI 브리핑,인플루언서서비스 홈 바로가기,브랜드 콘텐츠,이미지,함께 많이 찾는,관련문서,웹문서,,,,,,,,,,,,,,,,,,,,,,,,,,,,,,,,,,
1924,사우나공사,90,50,140,-,0,5,0,2,파워링크,함께 많이 찾는,인테리어·DIY 인기글,웹문서,,,,,,,,,,,,,,,,,,,,,,,,,,,,,,,,,,,,,,
1925,사우나,"4,160","81,700","85,860",-,0,3,0,1,파워링크,네이버 클립,네이버 가격비교,네이버플러스 스토어,뉴스,함께 많이 찾는,국내여행 인기글,웹문서,,,,,,,,,,,,,,,,,,,,,,,,,,,,,,,,,,
1926,사무실쿨방석,360,860,"1,220",-,0,0,0,0,파워링크,네이버 가격비교,네이버플러스 스토어,함께 많이 찾는,웹문서,,,,,,,,,,,,,,,,,,,,,,,,,,,,,,,,,,,,,
1927,사무실이사선물,50,100,150,-,0,4,0,6,파워링크,네이버플러스 스토어,선물샵,관련문서,함께 많이 찾는,관련문서,이미지,웹문서,,,,,,,,,,,,,,,,,,,,,,,,,,,,,,,,,,
1928,사무실의자등받이,300,390,690,-,1,4,1,7,파워링크,네이버 가격비교,네이버플러스 스토어,함께 많이 찾는,네이버 클립,관련문서,뉴스,관련문서,이미지,웹문서,,,,,,,,,,,,,,,,,,,,,,,,,,,,,,,,
1929,사무실여름방석,170,160,330,-,0,2,0,12,파워링크,네이버 가격비교,네이버플러스 스토어,함께 많이 찾는,관련문서,관련문서,이미지,웹문서,,,,,,,,,,,,,,,,,,,,,,,,,,,,,,,,,,
1930,사무실선물,160,450,610,-,0,6,0,1,파워링크,네이버플러스 스토어,선물샵,함께 많이 찾는,이미지,인기글,웹문서,,,,,,,,,,,,,,,,,,,,,,,,,,,,,,,,,,,
1931,사무실방향제,490,360,850,-,0,2,0,4,파워링크,네이버 가격비교,네이버플러스 스토어,함께 많이 찾는,네이버 클립,상품리뷰 인기글,웹문서,,,,,,,,,,,,,,,,,,,,,,,,,,,,,,,,,,,
1932,사무실방석추천,140,130,270,-,2,5,2,8,파워링크,네이버 가격비교,네이버플러스 스토어,함께 많이 찾는,관련문서,관련문서,이미지,웹문서,,,4,,,,,,,,,,,,,,,,,,,,,,,,,,,,,,,
1933,사무실개업선물,240,840,"1,080",-,0,3,0,2,파워링크,네이버플러스 스토어,선물샵,함께 많이 찾는,네이버 클립,인기글,웹문서,,,,,,,,,,,,,,,,,,,,,,,,,,,,,,,,,,,
1934,사랑의편지,70,160,230,-,0,0,0,0,파워링크,음악 주제 네이버 메이트,사랑의 편지,함께 많이 찾는,이미지,웹문서,,,,,,,,,,,,,,,,,,,,,,,,,,,,,,,,,,,,
1935,사돈선물,50,590,640,-,0,5,0,1,파워링크,네이버플러스 스토어,선물샵,함께 많이 찾는,육아·결혼 인기글,네이버 클립,이미지,웹문서,,,,,,,,,,,,,,,,,,,,,,,,,,,,,,,,,,
1936,사당정형외과,300,"2,090","2,390",-,1,1,1,5,파워링크,관련문서,네이버 클립,함께 많이 찾는,관련문서,웹문서,,,,,3,,,,,,,,,,,,,,,,,,,,,,,,,,,,,,,
1937,비아그라,"2,320","19,500","21,820",-,0,0,0,0,파워링크,뉴스,어학사전다른 어학정보 5,어학사전,웹문서,,,,,,,,,,,,,,,,,,,,,,,,,,,,,,,,,,,,,
1938,브라이덜샤워소품,570,"2,250","2,820",-,0,1,0,6,파워링크,네이버 가격비교,네이버플러스 스토어,함께 많이 찾는,육아·결혼 인기글,웹문서,,,,,,,,,,,,,,,,,,,,,,,,,,,,,,,,,,,,
1939,뷰티디바이스,"4,880","15,500","20,380",-,0,4,0,1,브랜드검색,파워링크,네이버 가격비교,네이버플러스 스토어,함께 많이 찾는,인플루언서서비스 홈 바로가기,패션·미용 인기글,웹문서,,,,,,,,,,,,,,,,,,,,,,,,,,,,,,,,,,
1940,붓기크림,60,150,210,-,0,1,0,6,파워링크,네이버 가격비교,네이버플러스 스토어,함께 많이 찾는,패션·미용 인기글,웹문서,,,,,,,,,,,,,,,,,,,,,,,,,,,,,,,,,,,,
1941,불독살,450,"1,870","2,320",-,3,4,5,7,파워링크,건강·의학 브랜드 콘텐츠,관련문서,건강 주제 네이버 메이트,이미지,네이버 가격비교,네이버플러스 스토어,뉴스,함께 많이 찾는,관련문서,,,,,,,,,,,,,,,,,,,,,,,,,,,,,,,,
1942,불당동한의원,680,"1,130","1,810",-,2,4,2,5,파워링크,관련문서,건강·의학 브랜드 콘텐츠,함께 많이 찾는,관련문서,웹문서,,,,,3,,,,,,,,,,,,,,,,,,,,,,,,,,,,,,,
1943,불당동정형외과,330,"1,060","1,390",-,0,4,0,3,파워링크,함께 많이 찾는,건강·의학 인기글,웹문서,,,,,,,3,,,,,,,,,,,,,,,,,,,,,,,,,,,,,,,
1944,분쇄골절,340,"1,210","1,550",-,2,2,2,4,파워링크,AI 브리핑,건강 주제 네이버 메이트,관련문서,이미지,함께 많이 찾는,관련문서,네이버 가격비교,네이버플러스 스토어,웹문서,2,,,,,,,,,,,,,,,,,,,,,,,,,,,,,,,
1945,분리형침대,150,640,790,-,0,6,0,3,파워링크,네이버 가격비교,네이버플러스 스토어,함께 많이 찾는,네이버 클립,육아·결혼 인기글,웹문서,,,,,,,,,,,,,,,,,,,,,,,,,,,,,,,,,,,
1946,분당통증의학과,80,130,210,-,0,3,0,5,파워링크,함께 많이 찾는,관련문서,웹문서,,,,,,,3,,,,,,,,,,,,,,,,,,,,,,,,,,,,,,,
1947,분당내과,280,650,930,-,3,5,3,4,파워링크,건강 주제 네이버 메이트,관련문서,뉴스,함께 많이 찾는,관련문서,웹문서,,,,,,,,,,,,,,,,,,,,,,,,,,,,,,,,,,,
1948,북파우치,890,"3,670","4,560",-,0,1,0,6,파워링크,네이버 가격비교,네이버플러스 스토어,함께 많이 찾는,네이버 클립,상품리뷰 인기글,이미지,웹문서,,,,,,,,,,,,,,,,,,,,,,,,,,,,,,,,,,
1949,부황기계,40,210,250,-,0,2,0,5,파워링크,네이버 가격비교,네이버플러스 스토어,함께 많이 찾는,건강·의학 인기글,웹문서,,,,,4,,,,,,,,,,,,,,,,,,,,,,,,,,,,,,,
1950,부황기,180,"1,430","1,610",-,0,0,0,0,파워링크,네이버 가격비교,네이버플러스 스토어,함께 많이 찾는,웹문서,,,,,,4,,,,,,,,,,,,,,,,,,,,,,,,,,,,,,,
1951,부항기,370,"2,300","2,670",-,0,0,0,0,파워링크,네이버 가격비교,네이버플러스 스토어,함께 많이 찾는,네이버 클립,웹문서,,,,,4,,,,,,,,,,,,,,,,,,,,,,,,,,,,,,,
1952,부항,"1,040","8,620","9,660",-,2,2,2,6,파워링크,AI 브리핑,네이버 가격비교,네이버플러스 스토어,함께 많이 찾는,네이버 클립,관련문서,건강·의학 브랜드 콘텐츠,인플루언서서비스 홈 바로가기,관련문서,2,,,,,,,,,,,,,,,,,,,,,,,,,,,,,,,
1953,부평정형외과,"1,020","2,730","3,750",-,3,4,3,3,파워링크,관련문서,뉴스,함께 많이 찾는,관련문서,웹문서,,,,,3,,,,,,,,,,,,,,,,,,,,,,,,,,,,,,,
1954,부평재활병원,40,90,130,-,0,5,0,3,파워링크,관련문서,이미지,웹문서,,,,,,,3,,,,,,,,,,,,,,,,,,,,,,,,,,,,,,,
1955,부평교통사고한의원,210,80,290,-,0,5,0,6,파워링크,관련문서,관련문서,웹문서,,,,,,,3,,,,,,,,,,,,,,,,,,,,,,,,,,,,,,,
1956,부천정형외과,930,"7,110","8,040",-,2,4,2,4,파워링크,함께 많이 찾는,관련문서,웹문서,,,,,,,3,,,,,,,,,,,,,,,,,,,,,,,,,,,,,,,
1957,부정맥치료,660,"6,290","6,950",-,3,10,3,6,파워링크,AI 브리핑,건강 소식하단 정보 열고 닫기 버튼,진료 관련 통계하단 정보 열고 닫기 버튼,함께 찾는 질병,관련 경험 카페글,네이버 클립,부정맥치료' 브랜드 콘텐츠,이미지,함께 많이 찾는,,,,,,,,,,,,,,,,,,,,,,,,,,,,,,,,
1958,부전동정형외과,50,150,200,-,1,1,1,7,파워링크,관련문서,함께 많이 찾는,관련문서,웹문서,,,,,,3,,,,,,,,,,,,,,,,,,,,,,,,,,,,,,,
1959,부인과,250,"1,700","1,950",-,2,5,2,0,파워링크,관련문서,네이버 클립,뉴스,함께 많이 찾는,관련문서,웹문서,,,,,,,,,,,,,,,,,,,,,,,,,,,,,,,,,,,
1960,부산허리통증병원,10,100,110,-,2,7,2,5,파워링크,관련문서,뉴스,관련문서,이미지,웹문서,,,,,3,,,,,,,,,,,,,,,,,,,,,,,,,,,,,,,
1961,부산허리통증,60,60,120,-,2,5,2,5,파워링크,관련문서,브랜드 콘텐츠,이미지,뉴스,함께 많이 찾는,관련문서,웹문서,,,2,,,,,,,,,,,,,,,,,,,,,,,,,,,,,,,
1962,부산허리병원,230,430,660,-,0,3,0,2,파워링크,함께 많이 찾는,건강·의학 인기글,웹문서,,,,,,,3,,,,,,,,,,,,,,,,,,,,,,,,,,,,,,,
1963,부산허리디스크한의원,5,230,235,-,2,4,2,5,파워링크,관련문서,관련문서,이미지,웹문서,,,,,,3,,,,,,,,,,,,,,,,,,,,,,,,,,,,,,,
1964,부산허리디스크병원,110,370,480,-,2,5,2,2,파워링크,건강·의학 브랜드 콘텐츠,함께 많이 찾는,관련문서,이미지,웹문서,,,,,3,,,,,,,,,,,,,,,,,,,,,,,,,,,,,,,
1965,부산프롤로주사,60,50,110,-,1,3,1,7,파워링크,관련문서,함께 많이 찾는,관련문서,이미지,웹문서,,,,,3,,,,,,,,,,,,,,,,,,,,,,,,,,,,,,,
1966,부산통증의학과,70,310,380,-,0,5,0,4,파워링크,브랜드 콘텐츠,뉴스,함께 많이 찾는,관련문서,웹문서,,,,,3,,,,,,,,,,,,,,,,,,,,,,,,,,,,,,,
1967,부산큰힘병원,820,"7,610","8,430",-,3,5,3,3,파워링크,관련문서,네이버 클립,이미지,뉴스,함께 많이 찾는,관련문서,웹문서,,,3,,,,,,,,,,,,,,,,,,,,,,,,,,,,,,,
1968,부산카이로프랙틱,20,160,180,-,0,2,0,11,파워링크,관련문서,네이버 클립,함께 많이 찾는,관련문서,이미지,웹문서,,,,3,,,,,,,,,,,,,,,,,,,,,,,,,,,,,,,
1969,부산체형교정,560,"1,630","2,190",-,1,4,1,7,파워링크,브랜드 콘텐츠,이미지,함께 많이 찾는,관련문서,웹문서,,,,,3,,,,,,,,,,,,,,,,,,,,,,,,,,,,,,,
1970,부산체외충격파,140,"1,190","1,330",-,1,2,1,7,파워링크,관련문서,이미지,함께 많이 찾는,관련문서,웹문서,,,,,3,,,,,,,,,,,,,,,,,,,,,,,,,,,,,,,
1971,부산척추전문병원,160,780,940,-,0,5,0,2,파워링크,함께 많이 찾는,건강·의학 인기글,웹문서,,,,,,,3,,,,,,,,,,,,,,,,,,,,,,,,,,,,,,,
1972,부산척추명의,40,280,320,-,1,5,1,6,관련문서,함께 많이 찾는,관련문서,이미지,뉴스,웹문서,,,,,3,,,,,,,,,,,,,,,,,,,,,,,,,,,,,,,
1973,부산진구정형외과,80,180,260,-,2,4,2,5,파워링크,관련문서,함께 많이 찾는,관련문서,웹문서,,,,,,3,,,,,,,,,,,,,,,,,,,,,,,,,,,,,,,
1974,부산종합건강검진,70,140,210,-,2,5,2,6,파워링크,이미지,뉴스,함께 많이 찾는,관련문서,웹문서,,,,,,,,,,,,,,,,,,,,,,,,,,,,,,,,,,,,
1975,부산정형외과추천,160,850,"1,010",-,0,6,0,1,파워링크,푸드 주제 네이버 메이트,함께 많이 찾는,건강·의학 인기글,웹문서,,,,,,3,,,,,,,,,,,,,,,,,,,,,,,,,,,,,,,
1976,부산정형외과,670,"2,200","2,870",-,2,4,2,4,파워링크,건강·의학 브랜드 콘텐츠,함께 많이 찾는,관련문서,웹문서,,,,,,3,,,,,,,,,,,,,,,,,,,,,,,,,,,,,,,
1977,부산재활병원,290,"1,270","1,560",-,2,4,2,5,파워링크,건강·의학 브랜드 콘텐츠,이미지,뉴스,함께 많이 찾는,관련문서,동영상,웹문서,,,3,,,,,,,,,,,,,,,,,,,,,,,,,,,,,,,
1978,부산어깨수술,40,100,140,-,2,4,2,6,파워링크,관련문서,뉴스,함께 많이 찾는,관련문서,이미지,웹문서,,,,,,,,,,,,,,,,,,,,,,,,,,,,,,,,,,,
1979,부산어깨병원,40,220,260,-,0,4,0,2,파워링크,건강 주제 네이버 메이트,함께 많이 찾는,인기글,웹문서,,,,,,,,,,,,,,,,,,,,,,,,,,,,,,,,,,,,,
1980,부산야간진료,30,120,150,-,0,2,0,5,파워링크,함께 많이 찾는,인기글,웹문서,,,,,,,🤔 보류,,,,,,,,,,,,,,,,,,,,,,,,,,,,,,,
1981,부산신경차단술,40,80,120,-,0,3,0,6,파워링크,관련문서,뉴스,함께 많이 찾는,관련문서,이미지,웹문서,,,,3,,,,,,,,,,,,,,,,,,,,,,,,,,,,,,,
1982,부산신경외과,250,800,"1,050",-,1,4,1,4,파워링크,함께 많이 찾는,관련문서,웹문서,,,,,,,3,,,,,,,,,,,,,,,,,,,,,,,,,,,,,,,
1983,부산소음순수술,160,400,560,-,0,0,0,0,뉴스,웹문서,,,,,,,,,,,,,,,,,,,,,,,,,,,,,,,,,,,,,,,,
1984,부산서면정형외과,70,480,550,-,0,3,0,4,파워링크,함께 많이 찾는,인기글,웹문서,,,,,,,3,,,,,,,,,,,,,,,,,,,,,,,,,,,,,,,
1985,부산목디스크병원,140,360,500,-,0,3,0,3,파워링크,푸드 주제 네이버 메이트,건강·의학 브랜드 콘텐츠,이미지,함께 많이 찾는,"www.bonhospital.co.kr›center통증센터 - 부산 관절전문병원 본병원 | 관절센터 | 척추센터목디스크란? ; 목 쪽 척추인 경추와 경추 사이에 있는 추간판(디스크) 내부의 수핵이 빠져 나와서 신경근 또는 척수를 누르는 질환입니다. 원인 경추 추간판(디스크)이 나이가 증가함에 따라 수분이 감소하여 퇴행성 변화를 일으켜 탄력성이 상실되어 굳어지고 추간판 벽에 균열이 발생하여 내부의 굳어진 수핵이 빠져나와 증상을 유발하게 됩니다.(*주원인: 디스크높이 감소,골......부산마이크로병원www.busanmicrohospital.com›Module어깨 결리고, 손 저린 이유, '목디스크'목디스크라 흔히 불리는 경추 추간판 탈출증은 말 그대로 목뼈의 추간판(디스크)가 탈출하여 각종 증상을 유발하는 것을 말합니다. 따라서 목디스크 질환으로 인해 압박 받는 신경 부위에 따라 - 목이나 견갑골 깊은 곳에 느껴지는 통증 - 어깨나 팔로, 팔에서 손이나 손가락 등으로 뻗치는 통증 - 팔에 힘이 들어가지 않는 근력 약화, 마비되거나 저린 느낌 - 목 근육의 경련성 수.....목 디스크와 혼동하기 쉬운 ‘후종인대골화증’후종인대골화증(ossification of posterior longitudinal ligament, opll)이란 척추체의 뒤쪽을 지지하는 인대인 후종인대가 뼈처럼 단단하게 굳어지는 질환이다. 흉추나 요추에서 생기기도 하지만 주로 부분인 경추에서 생긴다. 발생 원인에 대해 아직까지 명확하게 밝혀진 것은 없으나, 서양인보다는 한국, 일본 등 동양인에게 잘 나타나는 것으로 알려져 있으며 주로 40세 이후, 남자가 여.....관련문서 더보기부산고려병원www.koreah.co.kr›contents목디스크일까? 흉곽출구증후군 - 김성진 원장3주 전안녕하세요. 여러분의 관절 척추 건강을 위해 올바른 의학 정보를 전해드리는 부산고려병원입니다. 최근 목부터 팔까지 이어지는 저림 증상으로 내원하시는 분들이 많습니다. 보통 이런 증상이 나타나면 가장 먼저 '목디스크'를 떠올리시곤 합니다. 하지만 디스크 치료를 꾸준히 받아도 증상이 나아지지 않아 답답함을 호소하시는 경우가 종종 있는데요. 만약 가슴 쪽이나 쇄골 ....",관련문서,동영상,"큰힘병원keunhim.com›cervical-disc목 디스크 치료 - 큰힘병원목 디스크의 핵심은 신경 압박 해소입니다. 부산 관절·척추·내과·검진 중점 큰힘병원에서 팔 저림과 두통 원인을 찾아 맞춤 치료하세요.학장마디척.com부산 학장마디척 - 부산정형외과, 사상정형외과, 부산허리디스크, 부산목디스크부산정형외과, 사상정형외과, 학장동신경외과, 임시공휴일/대체공휴일 정상진료, , 척추클리닉, 관절클리닉, 통증클리닉, 도수치료, 물리치료 다이소 부산학장점 건물 6층에서 진료 중입니다.연산당당한방병원blog.naver.com›candlemong11부산목디스크병원 발생 원인과 추나요법3일 전머리의 무거운 무게가 얇은 목으로 집중되면 뼈와 뼈 사이에서 충격을 흡수하는 디스크가 버티지 못하고 강한 압력을 받게... 원리 목 주변 골격이 어긋나고 굳어진 상태라면 척추 배열을 바로잡는 추나요법을 적용할 수 있습니다. 이는 손이나 신체 일부로 뼈와 근육을 부드럽게 밀고 당겨 굳은 경추 관절을 이완하는 방식입니다. 치료 진행 시 개인의...휴병원www.hu-hospital.co.kr›spine휴병원목은 머리와 어깨를 연결하는 중요한 부위로, 하루 종일 움직임이 많고 부담이 가기 쉬운 곳입니다. 장시간 앉아있거나 목이 앞으로 숙여진 자세가 지속되면 목과 어깨의 근육에 과도한 부담을 주어 목이 뻐근하고 통증이 발생할 수 있습니다. 목 통증은 일상생활에 큰 불편함을 주지만, 초기에 적절한 치료와 관리를 진행하면 충분히 완화될 수 있습니다.",웹문서,,,,,,,,,,,,,,,,,,,,,,,,,,,,,,,,
1986,부산마취통증의학과,50,160,210,-,0,4,0,6,파워링크,뉴스,함께 많이 찾는,관련문서,웹문서,,,,,,3,,,,,,,,,,,,,,,,,,,,,,,,,,,,,,,
1987,부산동래힘찬병원,20,410,430,-,0,0,0,8,관련문서,함께 많이 찾는,관련문서,이미지,웹문서,,,,,,3,,,,,,,,,,,,,,,,,,,,,,,,,,,,,,,
1988,부산동래정형외과,260,330,590,-,1,5,1,4,파워링크,관련문서,함께 많이 찾는,관련문서,웹문서,,,,,,3,,,,,,,,,,,,,,,,,,,,,,,,,,,,,,,
1989,부산도수치료병원,60,60,120,-,2,4,2,6,파워링크,브랜드 콘텐츠,관련문서,이미지,함께 많이 찾는,관련문서,웹문서,,,,3,,,,,,,,,,,,,,,,,,,,,,,,,,,,,,,
1990,부산대연동정형외과,10,110,120,-,1,4,1,5,파워링크,관련문서,함께 많이 찾는,관련문서,웹문서,,,,,,3,,,,,,,,,,,,,,,,,,,,,,,,,,,,,,,
1991,부산교통사고한의원,510,160,670,-,2,7,2,5,파워링크,브랜드 콘텐츠,관련문서,뉴스,관련문서,웹문서,,,,,3,,,,,,,,,,,,,,,,,,,,,,,,,,,,,,,
1992,부산MRI,20,130,150,-,2,4,2,6,파워링크,관련문서,뉴스,함께 많이 찾는,관련문서,이미지,웹문서,,,,3,,,,,,,,,,,,,,,,,,,,,,,,,,,,,,,
1993,부모님인사선물,110,330,440,-,0,3,0,2,파워링크,네이버플러스 스토어,선물샵,함께 많이 찾는,네이버 클립,인기글,웹문서,,,,2,,,,,,,,,,,,,,,,,,,,,,,,,,,,,,,
1994,부모님선물추천,130,250,380,-,2,9,2,4,파워링크,네이버플러스 스토어,선물샵,함께 많이 찾는,육아 주제 네이버 메이트,네이버 클립,관련문서,뉴스,관련문서,이미지,4,,,,,,,,,,,,,,,,,,,,,,,,,,,,,,,
1995,부모님선물세트,40,120,160,-,3,5,3,7,파워링크,네이버플러스 스토어,선물샵,함께 많이 찾는,관련문서,뉴스,관련문서,이미지,웹문서,,3,,,,,,,,,,,,,,,,,,,,,,,,,,,,,,,
1996,부모님선물,770,"2,790","3,560",-,0,4,0,1,파워링크,네이버플러스 스토어,선물샵,함께 많이 찾는,네이버 클립,육아·결혼 인기글,웹문서,,,,2,,,,,,,,,,,,,,,,,,,,,,,,,,,,,,,
1997,봉침한의원,20,170,190,-,2,4,2,3,파워링크,관련문서,이미지,함께 많이 찾는,관련문서,웹문서,,,,,3,,,,,,,,,,,,,,,,,,,,,,,,,,,,,,,
1998,봉침가격,30,430,460,-,3,5,3,5,파워링크,관련문서,네이버 가격비교,네이버플러스 스토어,이미지,함께 많이 찾는,관련문서,웹문서,,,3,,,,,,,,,,,,,,,,,,,,,,,,,,,,,,,
1999,봉침,530,"2,630","3,160",-,0,2,0,5,파워링크,관련문서,건강 주제 네이버 메이트,네이버 가격비교,네이버플러스 스토어,인플루언서서비스 홈 바로가기,이미지,함께 많이 찾는,관련문서,웹문서,2,,,,,,,,,,,,,,,,,,,,,,,,,,,,,,,
2000,봉독,240,890,"1,130",-,3,2,3,6,파워링크,네이버 가격비교,네이버플러스 스토어,함께 많이 찾는,관련문서,네이버 클립,뉴스,관련문서,이미지,웹문서,1,,,,,,,,,,,,,,,,,,,,,,,,,,,,,,,
2001,봉공근,400,"1,700","2,100",-,3,1,3,6,AI 브리핑,관련문서,건강 주제 네이버 메이트,파워링크,네이버 클립,인플루언서서비스 홈 바로가기,이미지,함께 많이 찾는,관련문서,웹문서,2,,,,,,,,,,,,,,,,,,,,,,,,,,,,,,,
2002,본스필한의원,640,"4,100","4,740",-,0,1,0,6,관련문서,파워링크,이미지,함께 많이 찾는,관련문서,웹문서,,,,,3,,,,,,,,,,,,,,,,,,,,,,,,,,,,,,,
2003,복압벨트,320,"1,070","1,390",-,0,1,0,5,파워링크,네이버 가격비교,네이버플러스 스토어,함께 많이 찾는,인플루언서서비스 홈 바로가기,스포츠 인기글,웹문서,,,,4,,,,,,,,,,,,,,,,,,,,,,,,,,,,,,,
2004,복부핫팩,20,90,110,-,0,0,0,0,파워링크,네이버 가격비교,네이버플러스 스토어,함께 많이 찾는,건강 주제 네이버 메이트,웹문서,,,,,4,,,,,,,,,,,,,,,,,,,,,,,,,,,,,,,
2005,복부찜질팩,50,370,420,-,0,0,0,0,파워링크,네이버 가격비교,네이버플러스 스토어,함께 많이 찾는,웹문서,,,,,,5,,,,,,,,,,,,,,,,,,,,,,,,,,,,,,,
2006,복부찜질기,130,570,700,-,0,2,0,4,파워링크,네이버 가격비교,네이버플러스 스토어,함께 많이 찾는,네이버 클립,상품리뷰 인기글,웹문서,,,,5,,,,,,,,,,,,,,,,,,,,,,,,,,,,,,,
2007,복부찜질,30,110,140,-,0,0,0,0,파워링크,네이버 가격비교,네이버플러스 스토어,함께 많이 찾는,건강 주제 네이버 메이트,웹문서,,,,,2,,,,,,,,,,,,,,,,,,,,,,,,,,,,,,,
2008,복부저주파,20,100,120,-,0,2,0,5,파워링크,네이버 가격비교,네이버플러스 스토어,함께 많이 찾는,인기글,웹문서,,,,,4,,,,,,,,,,,,,,,,,,,,,,,,,,,,,,,
2009,복부온열찜질기,200,940,"1,140",-,0,2,0,4,파워링크,네이버 가격비교,네이버플러스 스토어,함께 많이 찾는,네이버 클립,상품리뷰 인기글,웹문서,,,,5,,,,,,,,,,,,,,,,,,,,,,,,,,,,,,,
2010,복부마사지기,510,"2,770","3,280",-,0,3,0,1,파워링크,네이버 가격비교,네이버플러스 스토어,함께 많이 찾는,네이버 클립,건강 주제 네이버 메이트,패션·미용 인기글,웹문서,,,4,,,,,,,,,,,,,,,,,,,,,,,,,,,,,,,
2011,복대팬티,10,160,170,-,0,0,0,0,파워링크,네이버 가격비교,네이버플러스 스토어,함께 많이 찾는,웹문서,,,,,,🤔 보류,,,,,,,,,,,,,,,,,,,,,,,,,,,,,,,
2012,복대,990,"4,470","5,460",-,0,4,0,1,파워링크,네이버 가격비교,네이버플러스 스토어,함께 많이 찾는,지금 볼만한 브랜드,육아·결혼 인기글,이미지,웹문서,,,5,,,,,,,,,,,,,,,,,,,,,,,,,,,,,,,
2013,보호,840,"1,580","2,420",-,2,2,2,5,파워링크,AI 브리핑,관련문서,네이버 클립,어학사전다른 어학정보 32,어학사전,네이버 가격비교,네이버플러스 스토어,뉴스,이미지,🤔 보류,,,,,,,,,,,,,,,,,,,,,,,,,,,,,,,
2014,보온복대,50,140,190,-,0,0,0,0,파워링크,네이버 가격비교,네이버플러스 스토어,함께 많이 찾는,네이버 클립,웹문서,,,,,4,,,,,,,,,,,,,,,,,,,,,,,,,,,,,,,
2015,방문재활치료,50,160,210,-,3,3,3,3,파워링크,브랜드 콘텐츠,건강 주제 네이버 메이트,함께 많이 찾는,관련문서,이미지,네이버 가격비교,네이버플러스 스토어,웹문서,,🤔 보류,,,,,,,,,,,,,,,,,,,,,,,,,,,,,,,
2016,방문재활비용,80,390,470,-,2,9,2,4,파워링크,관련문서,이미지,뉴스,함께 많이 찾는,관련문서,웹문서,,,,🤔 보류,,,,,,,,,,,,,,,,,,,,,,,,,,,,,,,
2017,방문재활,910,"1,470","2,380",-,2,4,2,2,파워링크,건강·의학 브랜드 콘텐츠,함께 많이 찾는,관련문서,이미지,웹문서,,,,,🤔 보류,,,,,,,,,,,,,,,,,,,,,,,,,,,,,,,
2018,발열허리보호대,20,160,180,-,0,1,0,5,파워링크,네이버 가격비교,네이버플러스 스토어,함께 많이 찾는,관련문서,관련문서,이미지,웹문서,,,4,,,,,,,,,,,,,,,,,,,,,,,,,,,,,,,
2019,발산한의원,140,470,610,-,2,2,2,5,파워링크,뉴스,함께 많이 찾는,관련문서,최신 콘텐츠노출기준,웹문서,,,,,🤔 보류,,,,,,,,,,,,,,,,,,,,,,,,,,,,,,,
2020,발산정형외과,100,410,510,-,2,1,2,6,파워링크,관련문서,함께 많이 찾는,관련문서,웹문서,,,,,,🤔 보류,,,,,,,,,,,,,,,,,,,,,,,,,,,,,,,
2021,발산역한의원,520,340,860,-,2,3,2,5,파워링크,관련문서,함께 많이 찾는,관련문서,웹문서,,,,,,🤔 보류,,,,,,,,,,,,,,,,,,,,,,,,,,,,,,,
2022,반테린허리보호대,20,250,270,-,0,3,0,7,파워링크,네이버 가격비교,네이버플러스 스토어,함께 많이 찾는,관련문서,관련문서,이미지,웹문서,,,,,,,,,,,,,,,,,,,,,,,,,,,,,,,,,,
2023,박경우원장,20,250,270,-,0,0,0,7,파워링크,관련문서,이미지,관련문서,뉴스,동영상,웹문서,,,,,,,,,,,,,,,,,,,,,,,,,,,,,,,,,,,
2024,바이오힐링패치,20,210,230,-,0,0,0,6,파워링크,네이버 가격비교,네이버플러스 스토어,함께 많이 찾는,네이버 클립,관련문서,관련문서,이미지,웹문서,,2,,,,,,,,,,,,,,,,,,,,,,,,,,,,,,,
2025,바른자세쿠션,80,180,260,-,0,0,0,0,파워링크,네이버 가격비교,네이버플러스 스토어,함께 많이 찾는,웹문서,,,,,,2,,,,,,,,,,,,,,,,,,,,,,,,,,,,,,,
2026,바른자세밴드,70,240,310,-,0,0,0,0,파워링크,네이버 가격비교,네이버플러스 스토어,함께 많이 찾는,웹문서,,,,,,2,,,,,,,,,,,,,,,,,,,,,,,,,,,,,,,
2027,바디마사지기,130,540,670,-,0,0,0,0,파워링크,네이버 가격비교,네이버플러스 스토어,네이버 클립,함께 많이 찾는,웹문서,,,,,2,,,,,,,,,,,,,,,,,,,,,,,,,,,,,,,
2028,민재활의학과,370,"2,640","3,010",-,0,2,0,3,관련문서,이미지,함께 많이 찾는,관련문서,웹문서,,,,,,3,,,,,,,,,,,,,,,,,,,,,,,,,,,,,,,
2029,미쯔이,50,90,140,-,0,4,0,5,파워링크,관련문서,이미지,함께 많이 찾는,관련문서,뉴스,일본어사전다른 어학정보 1,일본어사전,웹문서,,🤔 보류,,,,,,,,,,,,,,,,,,,,,,,,,,,,,,,
2030,미아정형외과,90,240,330,-,1,4,1,5,파워링크,관련문서,함께 많이 찾는,관련문서,이미지,웹문서,,,,,3,,,,,,,,,,,,,,,,,,,,,,,,,,,,,,,
2031,명지추나한의원,5,320,325,-,3,3,3,5,파워링크,관련문서,관련문서,이미지,웹문서,,,,,,3,,,,,,,,,,,,,,,,,,,,,,,,,,,,,,,
2032,디스크복대,10,110,120,-,0,5,0,2,네이버 가격비교,네이버플러스 스토어,파워링크,함께 많이 찾는,건강·의학 인기글,웹문서,,,,,4,,,,,,,,,,,,,,,,,,,,,,,,,,,,,,,
2033,도수치료7월,810,"2,530","3,340",-,2,3,2,8,AI 브리핑,건강 주제 네이버 메이트,네이버 클립,이미지,파워링크,함께 많이 찾는,관련문서,뉴스,웹문서,,3,,,,,,,,,,,,,,,,,,,,,,,,,,,,,,,
2034,도수치료,"11,700","48,100","59,800",-,0,5,0,6,파워링크,AI 브리핑,지식iN 의사 답변,건강·의학 브랜드 콘텐츠,관련문서,인플루언서서비스 홈 바로가기,뉴스,이미지,네이버 가격비교,네이버플러스 스토어,3,,,,,,,,,,,,,,,,,,,,,,,,,,,,,,,
2035,도봉구한방병원,120,90,210,-,1,6,1,4,파워링크,관련문서,함께 많이 찾는,관련문서,웹문서,,,,,,3,,,,,,,,,,,,,,,,,,,,,,,,,,,,,,,
2036,도곡동한의원,100,300,400,-,2,3,2,6,파워링크,관련문서,함께 많이 찾는,관련문서,웹문서,,,,,,3,,,,,,,,,,,,,,,,,,,,,,,,,,,,,,,
2037,도곡동정형외과,90,670,760,-,0,4,0,5,파워링크,관련문서,함께 많이 찾는,관련문서,뉴스,웹문서,,,,,3,,,,,,,,,,,,,,,,,,,,,,,,,,,,,,,
2038,덕천정형외과,190,730,920,-,1,4,1,6,파워링크,관련문서,함께 많이 찾는,관련문서,웹문서,,,,,,3,,,,,,,,,,,,,,,,,,,,,,,,,,,,,,,
2039,덕천동정형외과,480,650,"1,130",-,3,1,3,7,파워링크,관련문서,함께 많이 찾는,관련문서,웹문서,,,,,,3,,,,,,,,,,,,,,,,,,,,,,,,,,,,,,,
2040,더패치,30,160,190,-,0,5,0,2,파워링크,네이버 가격비교,네이버플러스 스토어,함께 많이 찾는,패션·미용 인기글,웹문서,,,,,🤔 보류,,,,,,,,,,,,,,,,,,,,,,,,,,,,,,,
2041,대연동통증의학과,30,250,280,-,3,0,3,5,파워링크,관련문서,네이버 클립,함께 많이 찾는,관련문서,웹문서,,,,,3,,,,,,,,,,,,,,,,,,,,,,,,,,,,,,,
2042,대연동정형외과,190,"1,300","1,490",-,0,5,0,1,파워링크,네이버 클립,함께 많이 찾는,건강·의학 인기글,웹문서,,,,,,3,,,,,,,,,,,,,,,,,,,,,,,,,,,,,,,
2043,대연동신경외과,10,120,130,-,0,2,0,6,파워링크,관련문서,함께 많이 찾는,관련문서,웹문서,,,,,,3,,,,,,,,,,,,,,,,,,,,,,,,,,,,,,,
2044,대구허리통증병원,70,140,210,-,2,8,2,7,파워링크,네이버 클립,관련문서,뉴스,함께 많이 찾는,관련문서,이미지,웹문서,,,3,,,,,,,,,,,,,,,,,,,,,,,,,,,,,,,
2045,대구허리잘보는병원,160,840,"1,000",-,2,7,2,7,파워링크,푸드 주제 네이버 메이트,함께 많이 찾는,관련문서,이미지,동영상,웹문서,,,,3,,,,,,,,,,,,,,,,,,,,,,,,,,,,,,,
2046,대구허리병원,240,280,520,-,2,5,2,6,파워링크,건강 주제 네이버 메이트,네이버 클립,브랜드 콘텐츠,뉴스,함께 많이 찾는,관련문서,이미지,웹문서,,3,,,,,,,,,,,,,,,,,,,,,,,,,,,,,,,
2047,남자선물,590,"3,350","3,940",-,0,4,2,1,파워링크,네이버플러스 스토어,선물샵,함께 많이 찾는,네이버 클립,패션·미용 인기글,이미지,웹문서,,,🤔 보류,,,,,,,,,,,,,,,,,,,,,,,,,,,,,,,
2048,남자복대,60,120,180,-,0,0,0,0,파워링크,네이버 가격비교,네이버플러스 스토어,함께 많이 찾는,네이버 클립,웹문서,,,,,4,,,,,,,,,,,,,,,,,,,,,,,,,,,,,,,
2049,꼬리뼈통증방석,40,140,180,-,1,4,1,9,파워링크,네이버 가격비교,네이버플러스 스토어,함께 많이 찾는,관련문서,관련문서,이미지,웹문서,,,,,,,,,,,,,,,,,,,,,,,,,,,,,,,,,,
2050,까치산역정형외과,240,680,920,-,2,1,2,9,파워링크,관련문서,함께 많이 찾는,관련문서,웹문서,,,,,,,,,,,,,,,,,,,,,,,,,,,,,,,,,,,,,
2051,김해정형외과,380,"2,040","2,420",-,2,5,2,5,파워링크,관련문서,함께 많이 찾는,관련문서,웹문서,,,,,,,,,,,,,,,,,,,,,,,,,,,,,,,,,,,,,
2052,김해신경외과,120,590,710,-,3,3,3,5,파워링크,관련문서,함께 많이 찾는,관련문서,웹문서,,,,,,,,,,,,,,,,,,,,,,,,,,,,,,,,,,,,,
2053,김해도수치료,70,120,190,-,0,5,0,2,파워링크,함께 많이 찾는,건강·의학 인기글,웹문서,,,,,,,,,,,,,,,,,,,,,,,,,,,,,,,,,,,,,,
2054,김수자안마기,40,400,440,-,0,1,0,6,파워링크,네이버 가격비교,네이버플러스 스토어,함께 많이 찾는,이미지,상품리뷰 인기글,웹문서,,,,,,,,,,,,,,,,,,,,,,,,,,,,,,,,,,,
2055,김수자마사지기,120,"1,230","1,350",-,0,0,0,0,파워링크,네이버 가격비교,네이버플러스 스토어,함께 많이 찾는,웹문서,,,,,,,,,,,,,,,,,,,,,,,,,,,,,,,,,,,,,
2056,길음역정형외과,180,270,450,-,0,2,0,7,파워링크,관련문서,함께 많이 찾는,관련문서,웹문서,,,,,,,,,,,,,,,,,,,,,,,,,,,,,,,,,,,,,
2057,길음동정형외과,100,180,280,-,0,2,0,6,파워링크,관련문서,함께 많이 찾는,관련문서,웹문서,,,,,,,,,,,,,,,,,,,,,,,,,,,,,,,,,,,,,
2058,길동재활병원,10,140,150,-,0,3,0,3,파워링크,관련문서,함께 많이 찾는,관련문서,이미지,웹문서,,,,,,,,,,,,,,,,,,,,,,,,,,,,,,,,,,,,
2059,기업선물,120,50,170,-,0,2,0,3,파워링크,네이버플러스 스토어,선물샵,함께 많이 찾는,비즈니스·경제 인기글,웹문서,,,,,,,,,,,,,,,,,,,,,,,,,,,,,,,,,,,,
2060,급성요추염좌치료,30,160,190,-,3,3,3,5,AI 브리핑,파워링크,건강 주제 네이버 메이트,관련문서,함께 많이 찾는,관련문서,이미지,웹문서,,,,,,,,,,,,,,,,,,,,,,,,,,,,,,,,,,
2061,근육패치,10,120,130,-,0,0,0,0,파워링크,네이버 가격비교,네이버플러스 스토어,함께 많이 찾는,웹문서,,,,,,4,,,,,,,,,,,,,,,,,,,,,,,,,,,,,,,
2062,근육통파스,190,"1,190","1,380",-,2,3,2,6,파워링크,AI 브리핑,네이버 클립,건강 주제 네이버 메이트,관련문서,네이버 가격비교,네이버플러스 스토어,이미지,함께 많이 찾는,관련문서,4,,,,,,,,,,,,,,,,,,,,,,,,,,,,,,,
2063,근육통크림,40,170,210,-,0,0,0,0,파워링크,네이버 가격비교,네이버플러스 스토어,함께 많이 찾는,웹문서,,,,,,4,,,,,,,,,,,,,,,,,,,,,,,,,,,,,,,
2064,근육통,690,"4,460","5,150",-,2,9,2,5,파워링크,AI 브리핑,건강 소식,함께 찾는 질병,관련 경험 카페글,네이버 클립,근육통' 브랜드 콘텐츠,인플루언서서비스 홈 바로가기,뉴스,함께 많이 찾는,2,,,,,,,,,,,,,,,,,,,,,,,,,,,,,,,
2065,근육이완제추천,80,370,450,-,4,3,5,4,AI 브리핑,관련문서,건강 주제 네이버 메이트,파워링크,네이버 가격비교,네이버플러스 스토어,이미지,뉴스,관련문서,웹문서,4,,,,,,,,,,,,,,,,,,,,,,,,,,,,,,,
2066,근육이완제,"1,570","17,300","18,870",-,4,3,4,7,AI 브리핑,파워링크,건강 주제 네이버 메이트,네이버 클립,인플루언서서비스 홈 바로가기,네이버 가격비교,네이버플러스 스토어,이미지,함께 많이 찾는,관련문서,4,,,,,,,,,,,,,,,,,,,,,,,,,,,,,,,
2067,근육이완,130,530,660,-,2,4,2,6,파워링크,AI 브리핑,건강 주제 네이버 메이트,네이버 클립,네이버 가격비교,네이버플러스 스토어,이미지,함께 많이 찾는,관련문서,웹문서,1,,,,,,,,,,,,,,,,,,,,,,,,,,,,,,,
2068,근육마사지기,30,200,230,-,0,0,0,0,파워링크,네이버 가격비교,네이버플러스 스토어,함께 많이 찾는,웹문서,,,,,,4,,,,,,,,,,,,,,,,,,,,,,,,,,,,,,,
2069,근육마사지,80,440,520,-,2,5,2,4,파워링크,AI 브리핑,건강 주제 네이버 메이트,네이버 클립,관련문서,네이버 가격비교,네이버플러스 스토어,이미지,함께 많이 찾는,관련문서,2,,,,,,,,,,,,,,,,,,,,,,,,,,,,,,,
2070,근막통증증후군,"1,530","6,190","7,720",-,3,6,3,6,파워링크,AI 브리핑,함께 찾는 질병,근막통증증후군 증상과 효과적인 치료 방법,근막통증증후군' 브랜드 콘텐츠,네이버 클립,인플루언서서비스 홈 바로가기,이미지,함께 많이 찾는,관련문서,2,,,,,,,,,,,,,,,,,,,,,,,,,,,,,,,
2071,구로구한의원,80,130,210,-,1,4,1,5,파워링크,관련문서,브랜드 콘텐츠,네이버 클립,함께 많이 찾는,관련문서,웹문서,,,,3,,,,,,,,,,,,,,,,,,,,,,,,,,,,,,,
2072,교통사고후유증,460,"1,560","2,020",-,3,5,3,4,파워링크,브랜드 콘텐츠,이미지,뉴스,관련문서,웹문서,,,,,2,,,,,,,,,,,,,,,,,,,,,,,,,,,,,,,
2073,교통사고한의원,"1,260","2,050","3,310",-,2,9,2,4,파워링크,건강·의학 브랜드 콘텐츠,관련문서,뉴스,관련문서,웹문서,,,,,3,,,,,,,,,,,,,,,,,,,,,,,,,,,,,,,
2074,교통사고한방병원입원,210,750,960,-,2,5,2,2,파워링크,건강 주제 네이버 메이트,브랜드 콘텐츠,관련문서,이미지,웹문서,,,,,3,,,,,,,,,,,,,,,,,,,,,,,,,,,,,,,
2075,교통사고한방병원,850,"4,570","5,420",-,2,5,2,2,파워링크,건강·의학 브랜드 콘텐츠,뉴스,관련문서,웹문서,,,,,,3,,,,,,,,,,,,,,,,,,,,,,,,,,,,,,,
2076,교통사고통원치료,130,350,480,-,5,6,5,4,파워링크,건강 주제 네이버 메이트,브랜드 콘텐츠,관련문서,이미지,웹문서,,,,,3,,,,,,,,,,,,,,,,,,,,,,,,,,,,,,,
2077,교통사고치료기간,70,410,480,-,3,5,3,3,파워링크,관련문서,브랜드 콘텐츠,인플루언서서비스 홈 바로가기,이미지,관련문서,웹문서,,,,2,,,,,,,,,,,,,,,,,,,,,,,,,,,,,,,
2078,교통사고치료,70,250,320,-,3,5,3,4,파워링크,브랜드 콘텐츠,뉴스,이미지,관련문서,웹문서,,,,,3,,,,,,,,,,,,,,,,,,,,,,,,,,,,,,,
2079,교통사고입원병원,240,590,830,-,3,11,3,3,파워링크,브랜드 콘텐츠,관련문서,관련문서,이미지,웹문서,,,,,3,,,,,,,,,,,,,,,,,,,,,,,,,,,,,,,
2080,광화문정형외과,490,"1,840","2,330",-,0,2,0,7,파워링크,관련문서,함께 많이 찾는,관련문서,웹문서,,,,,,,,,,,,,,,,,,,,,,,,,,,,,,,,,,,,,
2081,광치료기,80,240,320,-,0,1,0,6,파워링크,네이버 가격비교,네이버플러스 스토어,함께 많이 찾는,네이버 클립,건강·의학 인기글,웹문서,,,,,,,,,,,,,,,,,,,,,,,,,,,,,,,,,,,
2082,광진구정형외과,440,620,"1,060",-,1,4,1,4,파워링크,관련문서,함께 많이 찾는,관련문서,웹문서,,,,,,,,,,,,,,,,,,,,,,,,,,,,,,,,,,,,,
2083,50만원대선물,160,560,720,-,0,0,2,0,파워링크,네이버플러스 스토어,선물샵,함께 많이 찾는,이미지,웹문서,,,,,🤔 보류,,,,,,,,,,,,,,,,,,,,,,,,,,,,,,,
2084,50대선물추천,30,190,220,-,0,5,0,2,네이버플러스 스토어,선물샵,함께 많이 찾는,인기글,파워링크,이미지,웹문서,,,,🤔 보류,,,,,,,,,,,,,,,,,,,,,,,,,,,,,,,
2085,50대생일선물여성,40,310,350,-,3,6,3,7,파워링크,네이버플러스 스토어,선물샵,함께 많이 찾는,관련문서,관련문서,이미지,웹문서,,,🤔 보류,,,,,,,,,,,,,,,,,,,,,,,,,,,,,,,
2086,50대생일선물,120,400,520,-,0,0,0,0,파워링크,네이버플러스 스토어,선물샵,함께 많이 찾는,이미지,웹문서,,,,,🤔 보류,,,,,,,,,,,,,,,,,,,,,,,,,,,,,,,
2087,50대부모님선물,20,100,120,-,3,5,3,9,파워링크,네이버플러스 스토어,선물샵,함께 많이 찾는,육아 주제 네이버 메이트,관련문서,뉴스,관련문서,이미지,웹문서,🤔 보류,,,,,,,,,,,,,,,,,,,,,,,,,,,,,,,
2088,50대남편생일선물,50,210,260,-,2,4,2,10,파워링크,네이버플러스 스토어,선물샵,함께 많이 찾는,관련문서,관련문서,이미지,웹문서,,,🤔 보류,,,,,,,,,,,,,,,,,,,,,,,,,,,,,,,
2089,40대여자선물추천,40,240,280,-,2,10,3,6,파워링크,네이버플러스 스토어,선물샵,함께 많이 찾는,패션 주제 네이버 메이트,네이버 클립,관련문서,관련문서,이미지,웹문서,🤔 보류,,,,,,,,,,,,,,,,,,,,,,,,,,,,,,,
2090,40대여자선물,520,"2,710","3,230",-,0,4,0,2,파워링크,네이버플러스 스토어,선물샵,함께 많이 찾는,패션 주제 네이버 메이트,패션·미용 인기글,웹문서,,,,🤔 보류,,,,,,,,,,,,,,,,,,,,,,,,,,,,,,,
,,,,,,,,,,,,,,,,,,,,3,,,,,,,,,,,,,,,,,,,,,,,,,,,,,,,
,,,,,,,,,,,,,,,,,,,,3,,,,,,,,,,,,,,,,,,,,,,,,,,,,,,,
,,,,,,,,,,,,,,,,,,,,보류,,,,,,,,,,,,,,,,,,,,,,,,,,,,,,,
,,,,,,,,,,,,,,,,,,,,보류,,,,,,,,,,,,,,,,,,,,,,,,,,,,,,,
,,,,,,,,,,,,,,,,,,,,보류,,,,,,,,,,,,,,,,,,,,,,,,,,,,,,,
,,,,,,,,,,,,,,,,,,,,보류,,,,,,,,,,,,,,,,,,,,,,,,,,,,,,,
,,,,,,,,,,,,,,,,,,,,2,,,,,,,,,,,,,,,,,,,,,,,,,,,,,,,
,,,,,,,,,,,,,,,,,,,,3,,,,,,,,,,,,,,,,,,,,,,,,,,,,,,,
,,,,,,,,,,,,,,,,,,,,2,,,,,,,,,,,,,,,,,,,,,,,,,,,,,,,
,,,,,,,,,,,,,,,,,,,,보류,,,,,,,,,,,,,,,,,,,,,,,,,,,,,,,
,,,,,,,,,,,,,,,,,,,,보류,,,,,,,,,,,,,,,,,,,,,,,,,,,,,,,
,,,,,,,,,,,,,,,,,,,,보류,,,,,,,,,,,,,,,,,,,,,,,,,,,,,,,
,,,,,,,,,,,,,,,,,,,,보류,,,,,,,,,,,,,,,,,,,,,,,,,,,,,,,
,,,,,,,,,,,,,,,,,,,,보류,,,,,,,,,,,,,,,,,,,,,,,,,,,,,,,
,,,,,,,,,,,,,,,,,,,,보류,,,,,,,,,,,,,,,,,,,,,,,,,,,,,,,
,,,,,,,,,,,,,,,,,,,,보류,,,,,,,,,,,,,,,,,,,,,,,,,,,,,,,
,,,,,,,,,,,,,,,,,,,,보류,,,,,,,,,,,,,,,,,,,,,,,,,,,,,,,
,,,,,,,,,,,,,,,,,,,,보류,,,,,,,,,,,,,,,,,,,,,,,,,,,,,,,
,,,,,,,,,,,,,,,,,,,,보류,,,,,,,,,,,,,,,,,,,,,,,,,,,,,,,
,,,,,,,,,,,,,,,,,,,,1,,,,,,,,,,,,,,,,,,,,,,,,,,,,,,,
,,,,,,,,,,,,,,,,,,,,4,,,,,,,,,,,,,,,,,,,,,,,,,,,,,,,
,,,,,,,,,,,,,,,,,,,,3,,,,,,,,,,,,,,,,,,,,,,,,,,,,,,,
,,,,,,,,,,,,,,,,,,,,2,,,,,,,,,,,,,,,,,,,,,,,,,,,,,,,
,,,,,,,,,,,,,,,,,,,,2,,,,,,,,,,,,,,,,,,,,,,,,,,,,,,,
,,,,,,,,,,,,,,,,,,,,2,,,,,,,,,,,,,,,,,,,,,,,,,,,,,,,
,,,,,,,,,,,,,,,,,,,,2,,,,,,,,,,,,,,,,,,,,,,,,,,,,,,,
,,,,,,,,,,,,,,,,,,,,1,,,,,,,,,,,,,,,,,,,,,,,,,,,,,,,
,,,,,,,,,,,,,,,,,,,,3,,,,,,,,,,,,,,,,,,,,,,,,,,,,,,,
,,,,,,,,,,,,,,,,,,,,3,,,,,,,,,,,,,,,,,,,,,,,,,,,,,,,
,,,,,,,,,,,,,,,,,,,,3,,,,,,,,,,,,,,,,,,,,,,,,,,,,,,,
,,,,,,,,,,,,,,,,,,,,2,,,,,,,,,,,,,,,,,,,,,,,,,,,,,,,
,,,,,,,,,,,,,,,,,,,,1,,,,,,,,,,,,,,,,,,,,,,,,,,,,,,,
,,,,,,,,,,,,,,,,,,,,4,,,,,,,,,,,,,,,,,,,,,,,,,,,,,,,
,,,,,,,,,,,,,,,,,,,,4,,,,,,,,,,,,,,,,,,,,,,,,,,,,,,,
,,,,,,,,,,,,,,,,,,,,3,,,,,,,,,,,,,,,,,,,,,,,,,,,,,,,
,,,,,,,,,,,,,,,,,,,,3,,,,,,,,,,,,,,,,,,,,,,,,,,,,,,,
,,,,,,,,,,,,,,,,,,,,2,,,,,,,,,,,,,,,,,,,,,,,,,,,,,,,
,,,,,,,,,,,,,,,,,,,,2,,,,,,,,,,,,,,,,,,,,,,,,,,,,,,,
,,,,,,,,,,,,,,,,,,,,1,,,,,,,,,,,,,,,,,,,,,,,,,,,,,,,
,,,,,,,,,,,,,,,,,,,,2,,,,,,,,,,,,,,,,,,,,,,,,,,,,,,,
,,,,,,,,,,,,,,,,,,,,4,,,,,,,,,,,,,,,,,,,,,,,,,,,,,,,
,,,,,,,,,,,,,,,,,,,,3,,,,,,,,,,,,,,,,,,,,,,,,,,,,,,,
,,,,,,,,,,,,,,,,,,,,2,,,,,,,,,,,,,,,,,,,,,,,,,,,,,,,
,,,,,,,,,,,,,,,,,,,,2,,,,,,,,,,,,,,,,,,,,,,,,,,,,,,,
,,,,,,,,,,,,,,,,,,,,3,,,,,,,,,,,,,,,,,,,,,,,,,,,,,,,
,,,,,,,,,,,,,,,,,,,,2,,,,,,,,,,,,,,,,,,,,,,,,,,,,,,,
,,,,,,,,,,,,,,,,,,,,1,,,,,,,,,,,,,,,,,,,,,,,,,,,,,,,
,,,,,,,,,,,,,,,,,,,,1,,,,,,,,,,,,,,,,,,,,,,,,,,,,,,,
,,,,,,,,,,,,,,,,,,,,2,,,,,,,,,,,,,,,,,,,,,,,,,,,,,,,
,,,,,,,,,,,,,,,,,,,,2,,,,,,,,,,,,,,,,,,,,,,,,,,,,,,,
,,,,,,,,,,,,,,,,,,,,3,,,,,,,,,,,,,,,,,,,,,,,,,,,,,,,
,,,,,,,,,,,,,,,,,,,,3,,,,,,,,,,,,,,,,,,,,,,,,,,,,,,,
,,,,,,,,,,,,,,,,,,,,4,,,,,,,,,,,,,,,,,,,,,,,,,,,,,,,
,,,,,,,,,,,,,,,,,,,,4,,,,,,,,,,,,,,,,,,,,,,,,,,,,,,,
,,,,,,,,,,,,,,,,,,,,4,,,,,,,,,,,,,,,,,,,,,,,,,,,,,,,
,,,,,,,,,,,,,,,,,,,,2,,,,,,,,,,,,,,,,,,,,,,,,,,,,,,,
,,,,,,,,,,,,,,,,,,,,3,,,,,,,,,,,,,,,,,,,,,,,,,,,,,,,
,,,,,,,,,,,,,,,,,,,,2,,,,,,,,,,,,,,,,,,,,,,,,,,,,,,,
,,,,,,,,,,,,,,,,,,,,4,,,,,,,,,,,,,,,,,,,,,,,,,,,,,,,
,,,,,,,,,,,,,,,,,,,,4,,,,,,,,,,,,,,,,,,,,,,,,,,,,,,,
,,,,,,,,,,,,,,,,,,,,2,,,,,,,,,,,,,,,,,,,,,,,,,,,,,,,
,,,,,,,,,,,,,,,,,,,,3,,,,,,,,,,,,,,,,,,,,,,,,,,,,,,,
,,,,,,,,,,,,,,,,,,,,3,,,,,,,,,,,,,,,,,,,,,,,,,,,,,,,
,,,,,,,,,,,,,,,,,,,,2,,,,,,,,,,,,,,,,,,,,,,,,,,,,,,,
,,,,,,,,,,,,,,,,,,,,2,,,,,,,,,,,,,,,,,,,,,,,,,,,,,,,
,,,,,,,,,,,,,,,,,,,,4,,,,,,,,,,,,,,,,,,,,,,,,,,,,,,,
,,,,,,,,,,,,,,,,,,,,4,,,,,,,,,,,,,,,,,,,,,,,,,,,,,,,
,,,,,,,,,,,,,,,,,,,,2,,,,,,,,,,,,,,,,,,,,,,,,,,,,,,,
,,,,,,,,,,,,,,,,,,,,4,,,,,,,,,,,,,,,,,,,,,,,,,,,,,,,
,,,,,,,,,,,,,,,,,,,,4,,,,,,,,,,,,,,,,,,,,,,,,,,,,,,,
,,,,,,,,,,,,,,,,,,,,4,,,,,,,,,,,,,,,,,,,,,,,,,,,,,,,
,,,,,,,,,,,,,,,,,,,,4,,,,,,,,,,,,,,,,,,,,,,,,,,,,,,,
,,,,,,,,,,,,,,,,,,,,2,,,,,,,,,,,,,,,,,,,,,,,,,,,,,,,
,,,,,,,,,,,,,,,,,,,,4,,,,,,,,,,,,,,,,,,,,,,,,,,,,,,,
,,,,,,,,,,,,,,,,,,,,2,,,,,,,,,,,,,,,,,,,,,,,,,,,,,,,
,,,,,,,,,,,,,,,,,,,,2,,,,,,,,,,,,,,,,,,,,,,,,,,,,,,,
,,,,,,,,,,,,,,,,,,,,5,,,,,,,,,,,,,,,,,,,,,,,,,,,,,,,
,,,,,,,,,,,,,,,,,,,,2,,,,,,,,,,,,,,,,,,,,,,,,,,,,,,,
,,,,,,,,,,,,,,,,,,,,3,,,,,,,,,,,,,,,,,,,,,,,,,,,,,,,
,,,,,,,,,,,,,,,,,,,,보류,,,,,,,,,,,,,,,,,,,,,,,,,,,,,,,
,,,,,,,,,,,,,,,,,,,,3,,,,,,,,,,,,,,,,,,,,,,,,,,,,,,,
,,,,,,,,,,,,,,,,,,,,3,,,,,,,,,,,,,,,,,,,,,,,,,,,,,,,
,,,,,,,,,,,,,,,,,,,,4,,,,,,,,,,,,,,,,,,,,,,,,,,,,,,,
,,,,,,,,,,,,,,,,,,,,3,,,,,,,,,,,,,,,,,,,,,,,,,,,,,,,
,,,,,,,,,,,,,,,,,,,,3,,,,,,,,,,,,,,,,,,,,,,,,,,,,,,,
,,,,,,,,,,,,,,,,,,,,3,,,,,,,,,,,,,,,,,,,,,,,,,,,,,,,
,,,,,,,,,,,,,,,,,,,,3,,,,,,,,,,,,,,,,,,,,,,,,,,,,,,,
,,,,,,,,,,,,,,,,,,,,3,,,,,,,,,,,,,,,,,,,,,,,,,,,,,,,
,,,,,,,,,,,,,,,,,,,,3,,,,,,,,,,,,,,,,,,,,,,,,,,,,,,,
,,,,,,,,,,,,,,,,,,,,3,,,,,,,,,,,,,,,,,,,,,,,,,,,,,,,
,,,,,,,,,,,,,,,,,,,,3,,,,,,,,,,,,,,,,,,,,,,,,,,,,,,,
,,,,,,,,,,,,,,,,,,,,4,,,,,,,,,,,,,,,,,,,,,,,,,,,,,,,
,,,,,,,,,,,,,,,,,,,,4,,,,,,,,,,,,,,,,,,,,,,,,,,,,,,,
,,,,,,,,,,,,,,,,,,,,3,,,,,,,,,,,,,,,,,,,,,,,,,,,,,,,
,,,,,,,,,,,,,,,,,,,,3,,,,,,,,,,,,,,,,,,,,,,,,,,,,,,,
,,,,,,,,,,,,,,,,,,,,3,,,,,,,,,,,,,,,,,,,,,,,,,,,,,,,
,,,,,,,,,,,,,,,,,,,,3,,,,,,,,,,,,,,,,,,,,,,,,,,,,,,,
,,,,,,,,,,,,,,,,,,,,3,,,,,,,,,,,,,,,,,,,,,,,,,,,,,,,
,,,,,,,,,,,,,,,,,,,,3,,,,,,,,,,,,,,,,,,,,,,,,,,,,,,,
,,,,,,,,,,,,,,,,,,,,3,,,,,,,,,,,,,,,,,,,,,,,,,,,,,,,
,,,,,,,,,,,,,,,,,,,,3,,,,,,,,,,,,,,,,,,,,,,,,,,,,,,,
,,,,,,,,,,,,,,,,,,,,3,,,,,,,,,,,,,,,,,,,,,,,,,,,,,,,
,,,,,,,,,,,,,,,,,,,,3,,,,,,,,,,,,,,,,,,,,,,,,,,,,,,,
,,,,,,,,,,,,,,,,,,,,3,,,,,,,,,,,,,,,,,,,,,,,,,,,,,,,
,,,,,,,,,,,,,,,,,,,,3,,,,,,,,,,,,,,,,,,,,,,,,,,,,,,,
,,,,,,,,,,,,,,,,,,,,3,,,,,,,,,,,,,,,,,,,,,,,,,,,,,,,
,,,,,,,,,,,,,,,,,,,,3,,,,,,,,,,,,,,,,,,,,,,,,,,,,,,,
,,,,,,,,,,,,,,,,,,,,3,,,,,,,,,,,,,,,,,,,,,,,,,,,,,,,
,,,,,,,,,,,,,,,,,,,,3,,,,,,,,,,,,,,,,,,,,,,,,,,,,,,,
,,,,,,,,,,,,,,,,,,,,3,,,,,,,,,,,,,,,,,,,,,,,,,,,,,,,
,,,,,,,,,,,,,,,,,,,,3,,,,,,,,,,,,,,,,,,,,,,,,,,,,,,,
,,,,,,,,,,,,,,,,,,,,보류,,,,,,,,,,,,,,,,,,,,,,,,,,,,,,,
,,,,,,,,,,,,,,,,,,,,보류,,,,,,,,,,,,,,,,,,,,,,,,,,,,,,,
,,,,,,,,,,,,,,,,,,,,3,,,,,,,,,,,,,,,,,,,,,,,,,,,,,,,
,,,,,,,,,,,,,,,,,,,,3,,,,,,,,,,,,,,,,,,,,,,,,,,,,,,,
,,,,,,,,,,,,,,,,,,,,3,,,,,,,,,,,,,,,,,,,,,,,,,,,,,,,
,,,,,,,,,,,,,,,,,,,,3,,,,,,,,,,,,,,,,,,,,,,,,,,,,,,,
,,,,,,,,,,,,,,,,,,,,보류,,,,,,,,,,,,,,,,,,,,,,,,,,,,,,,
,,,,,,,,,,,,,,,,,,,,3,,,,,,,,,,,,,,,,,,,,,,,,,,,,,,,
,,,,,,,,,,,,,,,,,,,,3,,,,,,,,,,,,,,,,,,,,,,,,,,,,,,,
,,,,,,,,,,,,,,,,,,,,3,,,,,,,,,,,,,,,,,,,,,,,,,,,,,,,
,,,,,,,,,,,,,,,,,,,,3,,,,,,,,,,,,,,,,,,,,,,,,,,,,,,,
,,,,,,,,,,,,,,,,,,,,3,,,,,,,,,,,,,,,,,,,,,,,,,,,,,,,
,,,,,,,,,,,,,,,,,,,,3,,,,,,,,,,,,,,,,,,,,,,,,,,,,,,,
,,,,,,,,,,,,,,,,,,,,2,,,,,,,,,,,,,,,,,,,,,,,,,,,,,,,
,,,,,,,,,,,,,,,,,,,,3,,,,,,,,,,,,,,,,,,,,,,,,,,,,,,,
,,,,,,,,,,,,,,,,,,,,3,,,,,,,,,,,,,,,,,,,,,,,,,,,,,,,
,,,,,,,,,,,,,,,,,,,,3,,,,,,,,,,,,,,,,,,,,,,,,,,,,,,,
,,,,,,,,,,,,,,,,,,,,3,,,,,,,,,,,,,,,,,,,,,,,,,,,,,,,
,,,,,,,,,,,,,,,,,,,,2,,,,,,,,,,,,,,,,,,,,,,,,,,,,,,,
,,,,,,,,,,,,,,,,,,,,3,,,,,,,,,,,,,,,,,,,,,,,,,,,,,,,
,,,,,,,,,,,,,,,,,,,,3,,,,,,,,,,,,,,,,,,,,,,,,,,,,,,,
,,,,,,,,,,,,,,,,,,,,3,,,,,,,,,,,,,,,,,,,,,,,,,,,,,,,
,,,,,,,,,,,,,,,,,,,,3,,,,,,,,,,,,,,,,,,,,,,,,,,,,,,,
,,,,,,,,,,,,,,,,,,,,3,,,,,,,,,,,,,,,,,,,,,,,,,,,,,,,
,,,,,,,,,,,,,,,,,,,,3,,,,,,,,,,,,,,,,,,,,,,,,,,,,,,,
,,,,,,,,,,,,,,,,,,,,3,,,,,,,,,,,,,,,,,,,,,,,,,,,,,,,
,,,,,,,,,,,,,,,,,,,,3,,,,,,,,,,,,,,,,,,,,,,,,,,,,,,,
,,,,,,,,,,,,,,,,,,,,3,,,,,,,,,,,,,,,,,,,,,,,,,,,,,,,
,,,,,,,,,,,,,,,,,,,,3,,,,,,,,,,,,,,,,,,,,,,,,,,,,,,,
,,,,,,,,,,,,,,,,,,,,3,,,,,,,,,,,,,,,,,,,,,,,,,,,,,,,
,,,,,,,,,,,,,,,,,,,,3,,,,,,,,,,,,,,,,,,,,,,,,,,,,,,,
,,,,,,,,,,,,,,,,,,,,3,,,,,,,,,,,,,,,,,,,,,,,,,,,,,,,
,,,,,,,,,,,,,,,,,,,,3,,,,,,,,,,,,,,,,,,,,,,,,,,,,,,,
,,,,,,,,,,,,,,,,,,,,3,,,,,,,,,,,,,,,,,,,,,,,,,,,,,,,
,,,,,,,,,,,,,,,,,,,,3,,,,,,,,,,,,,,,,,,,,,,,,,,,,,,,
,,,,,,,,,,,,,,,,,,,,3,,,,,,,,,,,,,,,,,,,,,,,,,,,,,,,
,,,,,,,,,,,,,,,,,,,,3,,,,,,,,,,,,,,,,,,,,,,,,,,,,,,,
,,,,,,,,,,,,,,,,,,,,3,,,,,,,,,,,,,,,,,,,,,,,,,,,,,,,
,,,,,,,,,,,,,,,,,,,,3,,,,,,,,,,,,,,,,,,,,,,,,,,,,,,,
,,,,,,,,,,,,,,,,,,,,3,,,,,,,,,,,,,,,,,,,,,,,,,,,,,,,
,,,,,,,,,,,,,,,,,,,,3,,,,,,,,,,,,,,,,,,,,,,,,,,,,,,,
,,,,,,,,,,,,,,,,,,,,2,,,,,,,,,,,,,,,,,,,,,,,,,,,,,,,
,,,,,,,,,,,,,,,,,,,,3,,,,,,,,,,,,,,,,,,,,,,,,,,,,,,,
,,,,,,,,,,,,,,,,,,,,3,,,,,,,,,,,,,,,,,,,,,,,,,,,,,,,
,,,,,,,,,,,,,,,,,,,,3,,,,,,,,,,,,,,,,,,,,,,,,,,,,,,,
,,,,,,,,,,,,,,,,,,,,3,,,,,,,,,,,,,,,,,,,,,,,,,,,,,,,
,,,,,,,,,,,,,,,,,,,,3,,,,,,,,,,,,,,,,,,,,,,,,,,,,,,,
,,,,,,,,,,,,,,,,,,,,3,,,,,,,,,,,,,,,,,,,,,,,,,,,,,,,
,,,,,,,,,,,,,,,,,,,,3,,,,,,,,,,,,,,,,,,,,,,,,,,,,,,,
,,,,,,,,,,,,,,,,,,,,3,,,,,,,,,,,,,,,,,,,,,,,,,,,,,,,
,,,,,,,,,,,,,,,,,,,,3,,,,,,,,,,,,,,,,,,,,,,,,,,,,,,,
,,,,,,,,,,,,,,,,,,,,3,,,,,,,,,,,,,,,,,,,,,,,,,,,,,,,
,,,,,,,,,,,,,,,,,,,,3,,,,,,,,,,,,,,,,,,,,,,,,,,,,,,,
,,,,,,,,,,,,,,,,,,,,3,,,,,,,,,,,,,,,,,,,,,,,,,,,,,,,
,,,,,,,,,,,,,,,,,,,,3,,,,,,,,,,,,,,,,,,,,,,,,,,,,,,,
,,,,,,,,,,,,,,,,,,,,3,,,,,,,,,,,,,,,,,,,,,,,,,,,,,,,
,,,,,,,,,,,,,,,,,,,,3,,,,,,,,,,,,,,,,,,,,,,,,,,,,,,,
,,,,,,,,,,,,,,,,,,,,2,,,,,,,,,,,,,,,,,,,,,,,,,,,,,,,
,,,,,,,,,,,,,,,,,,,,4,,,,,,,,,,,,,,,,,,,,,,,,,,,,,,,
,,,,,,,,,,,,,,,,,,,,4,,,,,,,,,,,,,,,,,,,,,,,,,,,,,,,
,,,,,,,,,,,,,,,,,,,,5,,,,,,,,,,,,,,,,,,,,,,,,,,,,,,,
,,,,,,,,,,,,,,,,,,,,4,,,,,,,,,,,,,,,,,,,,,,,,,,,,,,,
,,,,,,,,,,,,,,,,,,,,4,,,,,,,,,,,,,,,,,,,,,,,,,,,,,,,
,,,,,,,,,,,,,,,,,,,,4,,,,,,,,,,,,,,,,,,,,,,,,,,,,,,,
,,,,,,,,,,,,,,,,,,,,4,,,,,,,,,,,,,,,,,,,,,,,,,,,,,,,
,,,,,,,,,,,,,,,,,,,,4,,,,,,,,,,,,,,,,,,,,,,,,,,,,,,,
,,,,,,,,,,,,,,,,,,,,3,,,,,,,,,,,,,,,,,,,,,,,,,,,,,,,
,,,,,,,,,,,,,,,,,,,,보류,,,,,,,,,,,,,,,,,,,,,,,,,,,,,,,
,,,,,,,,,,,,,,,,,,,,보류,,,,,,,,,,,,,,,,,,,,,,,,,,,,,,,
,,,,,,,,,,,,,,,,,,,,보류,,,,,,,,,,,,,,,,,,,,,,,,,,,,,,,
,,,,,,,,,,,,,,,,,,,,4,,,,,,,,,,,,,,,,,,,,,,,,,,,,,,,
,,,,,,,,,,,,,,,,,,,,3,,,,,,,,,,,,,,,,,,,,,,,,,,,,,,,
,,,,,,,,,,,,,,,,,,,,보류,,,,,,,,,,,,,,,,,,,,,,,,,,,,,,,
,,,,,,,,,,,,,,,,,,,,보류,,,,,,,,,,,,,,,,,,,,,,,,,,,,,,,
,,,,,,,,,,,,,,,,,,,,보류,,,,,,,,,,,,,,,,,,,,,,,,,,,,,,,
,,,,,,,,,,,,,,,,,,,,보류,,,,,,,,,,,,,,,,,,,,,,,,,,,,,,,
,,,,,,,,,,,,,,,,,,,,3,,,,,,,,,,,,,,,,,,,,,,,,,,,,,,,
,,,,,,,,,,,,,,,,,,,,3,,,,,,,,,,,,,,,,,,,,,,,,,,,,,,,
,,,,,,,,,,,,,,,,,,,,3,,,,,,,,,,,,,,,,,,,,,,,,,,,,,,,
,,,,,,,,,,,,,,,,,,,,보류,,,,,,,,,,,,,,,,,,,,,,,,,,,,,,,
,,,,,,,,,,,,,,,,,,,,보류,,,,,,,,,,,,,,,,,,,,,,,,,,,,,,,
,,,,,,,,,,,,,,,,,,,,5,,,,,,,,,,,,,,,,,,,,,,,,,,,,,,,
,,,,,,,,,,,,,,,,,,,,1,,,,,,,,,,,,,,,,,,,,,,,,,,,,,,,
,,,,,,,,,,,,,,,,,,,,4,,,,,,,,,,,,,,,,,,,,,,,,,,,,,,,
,,,,,,,,,,,,,,,,,,,,4,,,,,,,,,,,,,,,,,,,,,,,,,,,,,,,
,,,,,,,,,,,,,,,,,,,,4,,,,,,,,,,,,,,,,,,,,,,,,,,,,,,,
,,,,,,,,,,,,,,,,,,,,보류,,,,,,,,,,,,,,,,,,,,,,,,,,,,,,,
,,,,,,,,,,,,,,,,,,,,보류,,,,,,,,,,,,,,,,,,,,,,,,,,,,,,,
,,,,,,,,,,,,,,,,,,,,보류,,,,,,,,,,,,,,,,,,,,,,,,,,,,,,,
,,,,,,,,,,,,,,,,,,,,보류,,,,,,,,,,,,,,,,,,,,,,,,,,,,,,,
,,,,,,,,,,,,,,,,,,,,보류,,,,,,,,,,,,,,,,,,,,,,,,,,,,,,,
,,,,,,,,,,,,,,,,,,,,보류,,,,,,,,,,,,,,,,,,,,,,,,,,,,,,,
,,,,,,,,,,,,,,,,,,,,보류,,,,,,,,,,,,,,,,,,,,,,,,,,,,,,,
,,,,,,,,,,,,,,,,,,,,보류,,,,,,,,,,,,,,,,,,,,,,,,,,,,,,,
,,,,,,,,,,,,,,,,,,,,보류,,,,,,,,,,,,,,,,,,,,,,,,,,,,,,,
,,,,,,,,,,,,,,,,,,,,2,,,,,,,,,,,,,,,,,,,,,,,,,,,,,,,
,,,,,,,,,,,,,,,,,,,,2,,,,,,,,,,,,,,,,,,,,,,,,,,,,,,,
,,,,,,,,,,,,,,,,,,,,보류,,,,,,,,,,,,,,,,,,,,,,,,,,,,,,,
,,,,,,,,,,,,,,,,,,,,4,,,,,,,,,,,,,,,,,,,,,,,,,,,,,,,
,,,,,,,,,,,,,,,,,,,,보류,,,,,,,,,,,,,,,,,,,,,,,,,,,,,,,
,,,,,,,,,,,,,,,,,,,,보류,,,,,,,,,,,,,,,,,,,,,,,,,,,,,,,
,,,,,,,,,,,,,,,,,,,,2,,,,,,,,,,,,,,,,,,,,,,,,,,,,,,,
,,,,,,,,,,,,,,,,,,,,3,,,,,,,,,,,,,,,,,,,,,,,,,,,,,,,
,,,,,,,,,,,,,,,,,,,,3,,,,,,,,,,,,,,,,,,,,,,,,,,,,,,,
,,,,,,,,,,,,,,,,,,,,4,,,,,,,,,,,,,,,,,,,,,,,,,,,,,,,
,,,,,,,,,,,,,,,,,,,,2,,,,,,,,,,,,,,,,,,,,,,,,,,,,,,,
,,,,,,,,,,,,,,,,,,,,4,,,,,,,,,,,,,,,,,,,,,,,,,,,,,,,
,,,,,,,,,,,,,,,,,,,,4,,,,,,,,,,,,,,,,,,,,,,,,,,,,,,,
,,,,,,,,,,,,,,,,,,,,3,,,,,,,,,,,,,,,,,,,,,,,,,,,,,,,
,,,,,,,,,,,,,,,,,,,,3,,,,,,,,,,,,,,,,,,,,,,,,,,,,,,,
,,,,,,,,,,,,,,,,,,,,3,,,,,,,,,,,,,,,,,,,,,,,,,,,,,,,
,,,,,,,,,,,,,,,,,,,,3,,,,,,,,,,,,,,,,,,,,,,,,,,,,,,,
,,,,,,,,,,,,,,,,,,,,3,,,,,,,,,,,,,,,,,,,,,,,,,,,,,,,
,,,,,,,,,,,,,,,,,,,,3,,,,,,,,,,,,,,,,,,,,,,,,,,,,,,,
,,,,,,,,,,,,,,,,,,,,3,,,,,,,,,,,,,,,,,,,,,,,,,,,,,,,
,,,,,,,,,,,,,,,,,,,,3,,,,,,,,,,,,,,,,,,,,,,,,,,,,,,,
,,,,,,,,,,,,,,,,,,,,3,,,,,,,,,,,,,,,,,,,,,,,,,,,,,,,
,,,,,,,,,,,,,,,,,,,,4,,,,,,,,,,,,,,,,,,,,,,,,,,,,,,,
,,,,,,,,,,,,,,,,,,,,4,,,,,,,,,,,,,,,,,,,,,,,,,,,,,,,
,,,,,,,,,,,,,,,,,,,,보류,,,,,,,,,,,,,,,,,,,,,,,,,,,,,,,
,,,,,,,,,,,,,,,,,,,,3,,,,,,,,,,,,,,,,,,,,,,,,,,,,,,,
,,,,,,,,,,,,,,,,,,,,3,,,,,,,,,,,,,,,,,,,,,,,,,,,,,,,
,,,,,,,,,,,,,,,,,,,,3,,,,,,,,,,,,,,,,,,,,,,,,,,,,,,,
,,,,,,,,,,,,,,,,,,,,보류,,,,,,,,,,,,,,,,,,,,,,,,,,,,,,,
,,,,,,,,,,,,,,,,,,,,보류,,,,,,,,,,,,,,,,,,,,,,,,,,,,,,,
,,,,,,,,,,,,,,,,,,,,2,,,,,,,,,,,,,,,,,,,,,,,,,,,,,,,
,,,,,,,,,,,,,,,,,,,,2,,,,,,,,,,,,,,,,,,,,,,,,,,,,,,,
,,,,,,,,,,,,,,,,,,,,2,,,,,,,,,,,,,,,,,,,,,,,,,,,,,,,
,,,,,,,,,,,,,,,,,,,,3,,,,,,,,,,,,,,,,,,,,,,,,,,,,,,,
,,,,,,,,,,,,,,,,,,,,2,,,,,,,,,,,,,,,,,,,,,,,,,,,,,,,
,,,,,,,,,,,,,,,,,,,,3,,,,,,,,,,,,,,,,,,,,,,,,,,,,,,,
,,,,,,,,,,,,,,,,,,,,3,,,,,,,,,,,,,,,,,,,,,,,,,,,,,,,
,,,,,,,,,,,,,,,,,,,,3,,,,,,,,,,,,,,,,,,,,,,,,,,,,,,,
,,,,,,,,,,,,,,,,,,,,3,,,,,,,,,,,,,,,,,,,,,,,,,,,,,,,
,,,,,,,,,,,,,,,,,,,,3,,,,,,,,,,,,,,,,,,,,,,,,,,,,,,,
,,,,,,,,,,,,,,,,,,,,3,,,,,,,,,,,,,,,,,,,,,,,,,,,,,,,
,,,,,,,,,,,,,,,,,,,,1,,,,,,,,,,,,,,,,,,,,,,,,,,,,,,,
,,,,,,,,,,,,,,,,,,,,1,,,,,,,,,,,,,,,,,,,,,,,,,,,,,,,
,,,,,,,,,,,,,,,,,,,,4,,,,,,,,,,,,,,,,,,,,,,,,,,,,,,,
,,,,,,,,,,,,,,,,,,,,5,,,,,,,,,,,,,,,,,,,,,,,,,,,,,,,
,,,,,,,,,,,,,,,,,,,,4,,,,,,,,,,,,,,,,,,,,,,,,,,,,,,,
,,,,,,,,,,,,,,,,,,,,1,,,,,,,,,,,,,,,,,,,,,,,,,,,,,,,
,,,,,,,,,,,,,,,,,,,,1,,,,,,,,,,,,,,,,,,,,,,,,,,,,,,,
,,,,,,,,,,,,,,,,,,,,4,,,,,,,,,,,,,,,,,,,,,,,,,,,,,,,
,,,,,,,,,,,,,,,,,,,,2,,,,,,,,,,,,,,,,,,,,,,,,,,,,,,,
,,,,,,,,,,,,,,,,,,,,4,,,,,,,,,,,,,,,,,,,,,,,,,,,,,,,
,,,,,,,,,,,,,,,,,,,,4,,,,,,,,,,,,,,,,,,,,,,,,,,,,,,,
,,,,,,,,,,,,,,,,,,,,4,,,,,,,,,,,,,,,,,,,,,,,,,,,,,,,
,,,,,,,,,,,,,,,,,,,,3,,,,,,,,,,,,,,,,,,,,,,,,,,,,,,,
,,,,,,,,,,,,,,,,,,,,3,,,,,,,,,,,,,,,,,,,,,,,,,,,,,,,
,,,,,,,,,,,,,,,,,,,,2,,,,,,,,,,,,,,,,,,,,,,,,,,,,,,,
,,,,,,,,,,,,,,,,,,,,4,,,,,,,,,,,,,,,,,,,,,,,,,,,,,,,
,,,,,,,,,,,,,,,,,,,,4,,,,,,,,,,,,,,,,,,,,,,,,,,,,,,,
,,,,,,,,,,,,,,,,,,,,1,,,,,,,,,,,,,,,,,,,,,,,,,,,,,,,
,,,,,,,,,,,,,,,,,,,,4,,,,,,,,,,,,,,,,,,,,,,,,,,,,,,,
,,,,,,,,,,,,,,,,,,,,2,,,,,,,,,,,,,,,,,,,,,,,,,,,,,,,
,,,,,,,,,,,,,,,,,,,,4,,,,,,,,,,,,,,,,,,,,,,,,,,,,,,,
,,,,,,,,,,,,,,,,,,,,2,,,,,,,,,,,,,,,,,,,,,,,,,,,,,,,
,,,,,,,,,,,,,,,,,,,,4,,,,,,,,,,,,,,,,,,,,,,,,,,,,,,,
,,,,,,,,,,,,,,,,,,,,2,,,,,,,,,,,,,,,,,,,,,,,,,,,,,,,
,,,,,,,,,,,,,,,,,,,,1,,,,,,,,,,,,,,,,,,,,,,,,,,,,,,,
,,,,,,,,,,,,,,,,,,,,보류,,,,,,,,,,,,,,,,,,,,,,,,,,,,,,,
,,,,,,,,,,,,,,,,,,,,보류,,,,,,,,,,,,,,,,,,,,,,,,,,,,,,,
,,,,,,,,,,,,,,,,,,,,2,,,,,,,,,,,,,,,,,,,,,,,,,,,,,,,
,,,,,,,,,,,,,,,,,,,,2,,,,,,,,,,,,,,,,,,,,,,,,,,,,,,,
,,,,,,,,,,,,,,,,,,,,2,,,,,,,,,,,,,,,,,,,,,,,,,,,,,,,
,,,,,,,,,,,,,,,,,,,,2,,,,,,,,,,,,,,,,,,,,,,,,,,,,,,,
,,,,,,,,,,,,,,,,,,,,3,,,,,,,,,,,,,,,,,,,,,,,,,,,,,,,
,,,,,,,,,,,,,,,,,,,,3,,,,,,,,,,,,,,,,,,,,,,,,,,,,,,,
,,,,,,,,,,,,,,,,,,,,2,,,,,,,,,,,,,,,,,,,,,,,,,,,,,,,
,,,,,,,,,,,,,,,,,,,,3,,,,,,,,,,,,,,,,,,,,,,,,,,,,,,,
,,,,,,,,,,,,,,,,,,,,3,,,,,,,,,,,,,,,,,,,,,,,,,,,,,,,
,,,,,,,,,,,,,,,,,,,,3,,,,,,,,,,,,,,,,,,,,,,,,,,,,,,,
,,,,,,,,,,,,,,,,,,,,3,,,,,,,,,,,,,,,,,,,,,,,,,,,,,,,
,,,,,,,,,,,,,,,,,,,,3,,,,,,,,,,,,,,,,,,,,,,,,,,,,,,,
,,,,,,,,,,,,,,,,,,,,3,,,,,,,,,,,,,,,,,,,,,,,,,,,,,,,
,,,,,,,,,,,,,,,,,,,,3,,,,,,,,,,,,,,,,,,,,,,,,,,,,,,,
,,,,,,,,,,,,,,,,,,,,3,,,,,,,,,,,,,,,,,,,,,,,,,,,,,,,
,,,,,,,,,,,,,,,,,,,,3,,,,,,,,,,,,,,,,,,,,,,,,,,,,,,,
,,,,,,,,,,,,,,,,,,,,4,,,,,,,,,,,,,,,,,,,,,,,,,,,,,,,
,,,,,,,,,,,,,,,,,,,,3,,,,,,,,,,,,,,,,,,,,,,,,,,,,,,,
,,,,,,,,,,,,,,,,,,,,2,,,,,,,,,,,,,,,,,,,,,,,,,,,,,,,
,,,,,,,,,,,,,,,,,,,,3,,,,,,,,,,,,,,,,,,,,,,,,,,,,,,,
,,,,,,,,,,,,,,,,,,,,3,,,,,,,,,,,,,,,,,,,,,,,,,,,,,,,
,,,,,,,,,,,,,,,,,,,,3,,,,,,,,,,,,,,,,,,,,,,,,,,,,,,,
,,,,,,,,,,,,,,,,,,,,3,,,,,,,,,,,,,,,,,,,,,,,,,,,,,,,
,,,,,,,,,,,,,,,,,,,,3,,,,,,,,,,,,,,,,,,,,,,,,,,,,,,,
,,,,,,,,,,,,,,,,,,,,2,,,,,,,,,,,,,,,,,,,,,,,,,,,,,,,
,,,,,,,,,,,,,,,,,,,,3,,,,,,,,,,,,,,,,,,,,,,,,,,,,,,,
,,,,,,,,,,,,,,,,,,,,3,,,,,,,,,,,,,,,,,,,,,,,,,,,,,,,
,,,,,,,,,,,,,,,,,,,,3,,,,,,,,,,,,,,,,,,,,,,,,,,,,,,,
,,,,,,,,,,,,,,,,,,,,3,,,,,,,,,,,,,,,,,,,,,,,,,,,,,,,
,,,,,,,,,,,,,,,,,,,,3,,,,,,,,,,,,,,,,,,,,,,,,,,,,,,,
,,,,,,,,,,,,,,,,,,,,3,,,,,,,,,,,,,,,,,,,,,,,,,,,,,,,
,,,,,,,,,,,,,,,,,,,,3,,,,,,,,,,,,,,,,,,,,,,,,,,,,,,,
,,,,,,,,,,,,,,,,,,,,3,,,,,,,,,,,,,,,,,,,,,,,,,,,,,,,
,,,,,,,,,,,,,,,,,,,,3,,,,,,,,,,,,,,,,,,,,,,,,,,,,,,,
,,,,,,,,,,,,,,,,,,,,2,,,,,,,,,,,,,,,,,,,,,,,,,,,,,,,
,,,,,,,,,,,,,,,,,,,,4,,,,,,,,,,,,,,,,,,,,,,,,,,,,,,,
,,,,,,,,,,,,,,,,,,,,2,,,,,,,,,,,,,,,,,,,,,,,,,,,,,,,
,,,,,,,,,,,,,,,,,,,,4,,,,,,,,,,,,,,,,,,,,,,,,,,,,,,,
,,,,,,,,,,,,,,,,,,,,보류,,,,,,,,,,,,,,,,,,,,,,,,,,,,,,,
,,,,,,,,,,,,,,,,,,,,보류,,,,,,,,,,,,,,,,,,,,,,,,,,,,,,,
,,,,,,,,,,,,,,,,,,,,3,,,,,,,,,,,,,,,,,,,,,,,,,,,,,,,
,,,,,,,,,,,,,,,,,,,,3,,,,,,,,,,,,,,,,,,,,,,,,,,,,,,,
,,,,,,,,,,,,,,,,,,,,3,,,,,,,,,,,,,,,,,,,,,,,,,,,,,,,
,,,,,,,,,,,,,,,,,,,,4,,,,,,,,,,,,,,,,,,,,,,,,,,,,,,,
,,,,,,,,,,,,,,,,,,,,3,,,,,,,,,,,,,,,,,,,,,,,,,,,,,,,
,,,,,,,,,,,,,,,,,,,,3,,,,,,,,,,,,,,,,,,,,,,,,,,,,,,,
,,,,,,,,,,,,,,,,,,,,3,,,,,,,,,,,,,,,,,,,,,,,,,,,,,,,
,,,,,,,,,,,,,,,,,,,,3,,,,,,,,,,,,,,,,,,,,,,,,,,,,,,,
,,,,,,,,,,,,,,,,,,,,3,,,,,,,,,,,,,,,,,,,,,,,,,,,,,,,
,,,,,,,,,,,,,,,,,,,,3,,,,,,,,,,,,,,,,,,,,,,,,,,,,,,,
,,,,,,,,,,,,,,,,,,,,3,,,,,,,,,,,,,,,,,,,,,,,,,,,,,,,
,,,,,,,,,,,,,,,,,,,,3,,,,,,,,,,,,,,,,,,,,,,,,,,,,,,,
,,,,,,,,,,,,,,,,,,,,3,,,,,,,,,,,,,,,,,,,,,,,,,,,,,,,
,,,,,,,,,,,,,,,,,,,,4,,,,,,,,,,,,,,,,,,,,,,,,,,,,,,,
,,,,,,,,,,,,,,,,,,,,3,,,,,,,,,,,,,,,,,,,,,,,,,,,,,,,
,,,,,,,,,,,,,,,,,,,,보류,,,,,,,,,,,,,,,,,,,,,,,,,,,,,,,
,,,,,,,,,,,,,,,,,,,,4,,,,,,,,,,,,,,,,,,,,,,,,,,,,,,,
,,,,,,,,,,,,,,,,,,,,4,,,,,,,,,,,,,,,,,,,,,,,,,,,,,,,
,,,,,,,,,,,,,,,,,,,,2,,,,,,,,,,,,,,,,,,,,,,,,,,,,,,,
,,,,,,,,,,,,,,,,,,,,2,,,,,,,,,,,,,,,,,,,,,,,,,,,,,,,
,,,,,,,,,,,,,,,,,,,,2,,,,,,,,,,,,,,,,,,,,,,,,,,,,,,,
,,,,,,,,,,,,,,,,,,,,4,,,,,,,,,,,,,,,,,,,,,,,,,,,,,,,
,,,,,,,,,,,,,,,,,,,,3,,,,,,,,,,,,,,,,,,,,,,,,,,,,,,,
,,,,,,,,,,,,,,,,,,,,3,,,,,,,,,,,,,,,,,,,,,,,,,,,,,,,
,,,,,,,,,,,,,,,,,,,,3,,,,,,,,,,,,,,,,,,,,,,,,,,,,,,,
,,,,,,,,,,,,,,,,,,,,1,,,,,,,,,,,,,,,,,,,,,,,,,,,,,,,
,,,,,,,,,,,,,,,,,,,,4,,,,,,,,,,,,,,,,,,,,,,,,,,,,,,,
,,,,,,,,,,,,,,,,,,,,3,,,,,,,,,,,,,,,,,,,,,,,,,,,,,,,
,,,,,,,,,,,,,,,,,,,,2,,,,,,,,,,,,,,,,,,,,,,,,,,,,,,,
,,,,,,,,,,,,,,,,,,,,2,,,,,,,,,,,,,,,,,,,,,,,,,,,,,,,
,,,,,,,,,,,,,,,,,,,,1,,,,,,,,,,,,,,,,,,,,,,,,,,,,,,,
,,,,,,,,,,,,,,,,,,,,4,,,,,,,,,,,,,,,,,,,,,,,,,,,,,,,
,,,,,,,,,,,,,,,,,,,,1,,,,,,,,,,,,,,,,,,,,,,,,,,,,,,,
,,,,,,,,,,,,,,,,,,,,3,,,,,,,,,,,,,,,,,,,,,,,,,,,,,,,
,,,,,,,,,,,,,,,,,,,,2,,,,,,,,,,,,,,,,,,,,,,,,,,,,,,,
,,,,,,,,,,,,,,,,,,,,4,,,,,,,,,,,,,,,,,,,,,,,,,,,,,,,
,,,,,,,,,,,,,,,,,,,,1,,,,,,,,,,,,,,,,,,,,,,,,,,,,,,,
,,,,,,,,,,,,,,,,,,,,1,,,,,,,,,,,,,,,,,,,,,,,,,,,,,,,
,,,,,,,,,,,,,,,,,,,,1,,,,,,,,,,,,,,,,,,,,,,,,,,,,,,,
,,,,,,,,,,,,,,,,,,,,1,,,,,,,,,,,,,,,,,,,,,,,,,,,,,,,
,,,,,,,,,,,,,,,,,,,,보류,,,,,,,,,,,,,,,,,,,,,,,,,,,,,,,
,,,,,,,,,,,,,,,,,,,,2,,,,,,,,,,,,,,,,,,,,,,,,,,,,,,,
,,,,,,,,,,,,,,,,,,,,2,,,,,,,,,,,,,,,,,,,,,,,,,,,,,,,
,,,,,,,,,,,,,,,,,,,,2,,,,,,,,,,,,,,,,,,,,,,,,,,,,,,,
,,,,,,,,,,,,,,,,,,,,3,,,,,,,,,,,,,,,,,,,,,,,,,,,,,,,
,,,,,,,,,,,,,,,,,,,,2,,,,,,,,,,,,,,,,,,,,,,,,,,,,,,,
,,,,,,,,,,,,,,,,,,,,1,,,,,,,,,,,,,,,,,,,,,,,,,,,,,,,
,,,,,,,,,,,,,,,,,,,,2,,,,,,,,,,,,,,,,,,,,,,,,,,,,,,,
,,,,,,,,,,,,,,,,,,,,4,,,,,,,,,,,,,,,,,,,,,,,,,,,,,,,
,,,,,,,,,,,,,,,,,,,,4,,,,,,,,,,,,,,,,,,,,,,,,,,,,,,,
,,,,,,,,,,,,,,,,,,,,4,,,,,,,,,,,,,,,,,,,,,,,,,,,,,,,
,,,,,,,,,,,,,,,,,,,,4,,,,,,,,,,,,,,,,,,,,,,,,,,,,,,,
,,,,,,,,,,,,,,,,,,,,2,,,,,,,,,,,,,,,,,,,,,,,,,,,,,,,
,,,,,,,,,,,,,,,,,,,,3,,,,,,,,,,,,,,,,,,,,,,,,,,,,,,,
,,,,,,,,,,,,,,,,,,,,3,,,,,,,,,,,,,,,,,,,,,,,,,,,,,,,
,,,,,,,,,,,,,,,,,,,,2,,,,,,,,,,,,,,,,,,,,,,,,,,,,,,,
,,,,,,,,,,,,,,,,,,,,3,,,,,,,,,,,,,,,,,,,,,,,,,,,,,,,
,,,,,,,,,,,,,,,,,,,,3,,,,,,,,,,,,,,,,,,,,,,,,,,,,,,,
,,,,,,,,,,,,,,,,,,,,4,,,,,,,,,,,,,,,,,,,,,,,,,,,,,,,
,,,,,,,,,,,,,,,,,,,,4,,,,,,,,,,,,,,,,,,,,,,,,,,,,,,,
,,,,,,,,,,,,,,,,,,,,4,,,,,,,,,,,,,,,,,,,,,,,,,,,,,,,
,,,,,,,,,,,,,,,,,,,,4,,,,,,,,,,,,,,,,,,,,,,,,,,,,,,,
,,,,,,,,,,,,,,,,,,,,보류,,,,,,,,,,,,,,,,,,,,,,,,,,,,,,,
,,,,,,,,,,,,,,,,,,,,1,,,,,,,,,,,,,,,,,,,,,,,,,,,,,,,
,,,,,,,,,,,,,,,,,,,,4,,,,,,,,,,,,,,,,,,,,,,,,,,,,,,,
,,,,,,,,,,,,,,,,,,,,4,,,,,,,,,,,,,,,,,,,,,,,,,,,,,,,
,,,,,,,,,,,,,,,,,,,,3,,,,,,,,,,,,,,,,,,,,,,,,,,,,,,,
,,,,,,,,,,,,,,,,,,,,4,,,,,,,,,,,,,,,,,,,,,,,,,,,,,,,
,,,,,,,,,,,,,,,,,,,,4,,,,,,,,,,,,,,,,,,,,,,,,,,,,,,,
,,,,,,,,,,,,,,,,,,,,3,,,,,,,,,,,,,,,,,,,,,,,,,,,,,,,
,,,,,,,,,,,,,,,,,,,,보류,,,,,,,,,,,,,,,,,,,,,,,,,,,,,,,
,,,,,,,,,,,,,,,,,,,,보류,,,,,,,,,,,,,,,,,,,,,,,,,,,,,,,
,,,,,,,,,,,,,,,,,,,,보류,,,,,,,,,,,,,,,,,,,,,,,,,,,,,,,
,,,,,,,,,,,,,,,,,,,,보류,,,,,,,,,,,,,,,,,,,,,,,,,,,,,,,
,,,,,,,,,,,,,,,,,,,,3,,,,,,,,,,,,,,,,,,,,,,,,,,,,,,,
,,,,,,,,,,,,,,,,,,,,2,,,,,,,,,,,,,,,,,,,,,,,,,,,,,,,
,,,,,,,,,,,,,,,,,,,,2,,,,,,,,,,,,,,,,,,,,,,,,,,,,,,,
,,,,,,,,,,,,,,,,,,,,3,,,,,,,,,,,,,,,,,,,,,,,,,,,,,,,
,,,,,,,,,,,,,,,,,,,,2,,,,,,,,,,,,,,,,,,,,,,,,,,,,,,,
,,,,,,,,,,,,,,,,,,,,보류,,,,,,,,,,,,,,,,,,,,,,,,,,,,,,,
,,,,,,,,,,,,,,,,,,,,보류,,,,,,,,,,,,,,,,,,,,,,,,,,,,,,,
,,,,,,,,,,,,,,,,,,,,보류,,,,,,,,,,,,,,,,,,,,,,,,,,,,,,,
,,,,,,,,,,,,,,,,,,,,3,,,,,,,,,,,,,,,,,,,,,,,,,,,,,,,
,,,,,,,,,,,,,,,,,,,,4,,,,,,,,,,,,,,,,,,,,,,,,,,,,,,,
,,,,,,,,,,,,,,,,,,,,3,,,,,,,,,,,,,,,,,,,,,,,,,,,,,,,
,,,,,,,,,,,,,,,,,,,,4,,,,,,,,,,,,,,,,,,,,,,,,,,,,,,,
,,,,,,,,,,,,,,,,,,,,2,,,,,,,,,,,,,,,,,,,,,,,,,,,,,,,
,,,,,,,,,,,,,,,,,,,,4,,,,,,,,,,,,,,,,,,,,,,,,,,,,,,,
,,,,,,,,,,,,,,,,,,,,3,,,,,,,,,,,,,,,,,,,,,,,,,,,,,,,
,,,,,,,,,,,,,,,,,,,,4,,,,,,,,,,,,,,,,,,,,,,,,,,,,,,,
,,,,,,,,,,,,,,,,,,,,보류,,,,,,,,,,,,,,,,,,,,,,,,,,,,,,,
,,,,,,,,,,,,,,,,,,,,보류,,,,,,,,,,,,,,,,,,,,,,,,,,,,,,,
,,,,,,,,,,,,,,,,,,,,2,,,,,,,,,,,,,,,,,,,,,,,,,,,,,,,
,,,,,,,,,,,,,,,,,,,,2,,,,,,,,,,,,,,,,,,,,,,,,,,,,,,,
,,,,,,,,,,,,,,,,,,,,1,,,,,,,,,,,,,,,,,,,,,,,,,,,,,,,
,,,,,,,,,,,,,,,,,,,,4,,,,,,,,,,,,,,,,,,,,,,,,,,,,,,,
,,,,,,,,,,,,,,,,,,,,4,,,,,,,,,,,,,,,,,,,,,,,,,,,,,,,
,,,,,,,,,,,,,,,,,,,,1,,,,,,,,,,,,,,,,,,,,,,,,,,,,,,,
,,,,,,,,,,,,,,,,,,,,1,,,,,,,,,,,,,,,,,,,,,,,,,,,,,,,
,,,,,,,,,,,,,,,,,,,,4,,,,,,,,,,,,,,,,,,,,,,,,,,,,,,,
,,,,,,,,,,,,,,,,,,,,보류,,,,,,,,,,,,,,,,,,,,,,,,,,,,,,,
,,,,,,,,,,,,,,,,,,,,4,,,,,,,,,,,,,,,,,,,,,,,,,,,,,,,
,,,,,,,,,,,,,,,,,,,,보류,,,,,,,,,,,,,,,,,,,,,,,,,,,,,,,
,,,,,,,,,,,,,,,,,,,,보류,,,,,,,,,,,,,,,,,,,,,,,,,,,,,,,
,,,,,,,,,,,,,,,,,,,,1,,,,,,,,,,,,,,,,,,,,,,,,,,,,,,,
,,,,,,,,,,,,,,,,,,,,4,,,,,,,,,,,,,,,,,,,,,,,,,,,,,,,
,,,,,,,,,,,,,,,,,,,,4,,,,,,,,,,,,,,,,,,,,,,,,,,,,,,,
,,,,,,,,,,,,,,,,,,,,보류,,,,,,,,,,,,,,,,,,,,,,,,,,,,,,,
,,,,,,,,,,,,,,,,,,,,3,,,,,,,,,,,,,,,,,,,,,,,,,,,,,,,
,,,,,,,,,,,,,,,,,,,,4,,,,,,,,,,,,,,,,,,,,,,,,,,,,,,,
,,,,,,,,,,,,,,,,,,,,보류,,,,,,,,,,,,,,,,,,,,,,,,,,,,,,,
,,,,,,,,,,,,,,,,,,,,3,,,,,,,,,,,,,,,,,,,,,,,,,,,,,,,
,,,,,,,,,,,,,,,,,,,,보류,,,,,,,,,,,,,,,,,,,,,,,,,,,,,,,
,,,,,,,,,,,,,,,,,,,,보류,,,,,,,,,,,,,,,,,,,,,,,,,,,,,,,
,,,,,,,,,,,,,,,,,,,,보류,,,,,,,,,,,,,,,,,,,,,,,,,,,,,,,
,,,,,,,,,,,,,,,,,,,,2,,,,,,,,,,,,,,,,,,,,,,,,,,,,,,,
,,,,,,,,,,,,,,,,,,,,3,,,,,,,,,,,,,,,,,,,,,,,,,,,,,,,
,,,,,,,,,,,,,,,,,,,,3,,,,,,,,,,,,,,,,,,,,,,,,,,,,,,,
,,,,,,,,,,,,,,,,,,,,2,,,,,,,,,,,,,,,,,,,,,,,,,,,,,,,
,,,,,,,,,,,,,,,,,,,,보류,,,,,,,,,,,,,,,,,,,,,,,,,,,,,,,
,,,,,,,,,,,,,,,,,,,,보류,,,,,,,,,,,,,,,,,,,,,,,,,,,,,,,
,,,,,,,,,,,,,,,,,,,,보류,,,,,,,,,,,,,,,,,,,,,,,,,,,,,,,
,,,,,,,,,,,,,,,,,,,,보류,,,,,,,,,,,,,,,,,,,,,,,,,,,,,,,
,,,,,,,,,,,,,,,,,,,,보류,,,,,,,,,,,,,,,,,,,,,,,,,,,,,,,
,,,,,,,,,,,,,,,,,,,,보류,,,,,,,,,,,,,,,,,,,,,,,,,,,,,,,
,,,,,,,,,,,,,,,,,,,,3,,,,,,,,,,,,,,,,,,,,,,,,,,,,,,,
,,,,,,,,,,,,,,,,,,,,보류,,,,,,,,,,,,,,,,,,,,,,,,,,,,,,,
,,,,,,,,,,,,,,,,,,,,보류,,,,,,,,,,,,,,,,,,,,,,,,,,,,,,,
,,,,,,,,,,,,,,,,,,,,3,,,,,,,,,,,,,,,,,,,,,,,,,,,,,,,
,,,,,,,,,,,,,,,,,,,,보류,,,,,,,,,,,,,,,,,,,,,,,,,,,,,,,
,,,,,,,,,,,,,,,,,,,,보류,,,,,,,,,,,,,,,,,,,,,,,,,,,,,,,
,,,,,,,,,,,,,,,,,,,,3,,,,,,,,,,,,,,,,,,,,,,,,,,,,,,,
,,,,,,,,,,,,,,,,,,,,3,,,,,,,,,,,,,,,,,,,,,,,,,,,,,,,
,,,,,,,,,,,,,,,,,,,,3,,,,,,,,,,,,,,,,,,,,,,,,,,,,,,,
,,,,,,,,,,,,,,,,,,,,보류,,,,,,,,,,,,,,,,,,,,,,,,,,,,,,,
,,,,,,,,,,,,,,,,,,,,보류,,,,,,,,,,,,,,,,,,,,,,,,,,,,,,,
,,,,,,,,,,,,,,,,,,,,보류,,,,,,,,,,,,,,,,,,,,,,,,,,,,,,,
,,,,,,,,,,,,,,,,,,,,보류,,,,,,,,,,,,,,,,,,,,,,,,,,,,,,,
,,,,,,,,,,,,,,,,,,,,보류,,,,,,,,,,,,,,,,,,,,,,,,,,,,,,,
,,,,,,,,,,,,,,,,,,,,보류,,,,,,,,,,,,,,,,,,,,,,,,,,,,,,,
,,,,,,,,,,,,,,,,,,,,3,,,,,,,,,,,,,,,,,,,,,,,,,,,,,,,
,,,,,,,,,,,,,,,,,,,,보류,,,,,,,,,,,,,,,,,,,,,,,,,,,,,,,
,,,,,,,,,,,,,,,,,,,,3,,,,,,,,,,,,,,,,,,,,,,,,,,,,,,,
,,,,,,,,,,,,,,,,,,,,3,,,,,,,,,,,,,,,,,,,,,,,,,,,,,,,
,,,,,,,,,,,,,,,,,,,,보류,,,,,,,,,,,,,,,,,,,,,,,,,,,,,,,
,,,,,,,,,,,,,,,,,,,,보류,,,,,,,,,,,,,,,,,,,,,,,,,,,,,,,
,,,,,,,,,,,,,,,,,,,,보류,,,,,,,,,,,,,,,,,,,,,,,,,,,,,,,
,,,,,,,,,,,,,,,,,,,,3,,,,,,,,,,,,,,,,,,,,,,,,,,,,,,,
,,,,,,,,,,,,,,,,,,,,2,,,,,,,,,,,,,,,,,,,,,,,,,,,,,,,
,,,,,,,,,,,,,,,,,,,,2,,,,,,,,,,,,,,,,,,,,,,,,,,,,,,,
,,,,,,,,,,,,,,,,,,,,2,,,,,,,,,,,,,,,,,,,,,,,,,,,,,,,
,,,,,,,,,,,,,,,,,,,,2,,,,,,,,,,,,,,,,,,,,,,,,,,,,,,,
,,,,,,,,,,,,,,,,,,,,2,,,,,,,,,,,,,,,,,,,,,,,,,,,,,,,
,,,,,,,,,,,,,,,,,,,,2,,,,,,,,,,,,,,,,,,,,,,,,,,,,,,,
,,,,,,,,,,,,,,,,,,,,2,,,,,,,,,,,,,,,,,,,,,,,,,,,,,,,
,,,,,,,,,,,,,,,,,,,,2,,,,,,,,,,,,,,,,,,,,,,,,,,,,,,,
,,,,,,,,,,,,,,,,,,,,3,,,,,,,,,,,,,,,,,,,,,,,,,,,,,,,
,,,,,,,,,,,,,,,,,,,,4,,,,,,,,,,,,,,,,,,,,,,,,,,,,,,,
,,,,,,,,,,,,,,,,,,,,보류,,,,,,,,,,,,,,,,,,,,,,,,,,,,,,,
,,,,,,,,,,,,,,,,,,,,보류,,,,,,,,,,,,,,,,,,,,,,,,,,,,,,,
,,,,,,,,,,,,,,,,,,,,보류,,,,,,,,,,,,,,,,,,,,,,,,,,,,,,,
,,,,,,,,,,,,,,,,,,,,4,,,,,,,,,,,,,,,,,,,,,,,,,,,,,,,
,,,,,,,,,,,,,,,,,,,,보류,,,,,,,,,,,,,,,,,,,,,,,,,,,,,,,
,,,,,,,,,,,,,,,,,,,,4,,,,,,,,,,,,,,,,,,,,,,,,,,,,,,,
,,,,,,,,,,,,,,,,,,,,보류,,,,,,,,,,,,,,,,,,,,,,,,,,,,,,,
,,,,,,,,,,,,,,,,,,,,4,,,,,,,,,,,,,,,,,,,,,,,,,,,,,,,
,,,,,,,,,,,,,,,,,,,,4,,,,,,,,,,,,,,,,,,,,,,,,,,,,,,,
,,,,,,,,,,,,,,,,,,,,5,,,,,,,,,,,,,,,,,,,,,,,,,,,,,,,
,,,,,,,,,,,,,,,,,,,,4,,,,,,,,,,,,,,,,,,,,,,,,,,,,,,,
,,,,,,,,,,,,,,,,,,,,5,,,,,,,,,,,,,,,,,,,,,,,,,,,,,,,
,,,,,,,,,,,,,,,,,,,,4,,,,,,,,,,,,,,,,,,,,,,,,,,,,,,,
,,,,,,,,,,,,,,,,,,,,4,,,,,,,,,,,,,,,,,,,,,,,,,,,,,,,
,,,,,,,,,,,,,,,,,,,,4,,,,,,,,,,,,,,,,,,,,,,,,,,,,,,,
,,,,,,,,,,,,,,,,,,,,4,,,,,,,,,,,,,,,,,,,,,,,,,,,,,,,
,,,,,,,,,,,,,,,,,,,,4,,,,,,,,,,,,,,,,,,,,,,,,,,,,,,,
,,,,,,,,,,,,,,,,,,,,보류,,,,,,,,,,,,,,,,,,,,,,,,,,,,,,,
,,,,,,,,,,,,,,,,,,,,3,,,,,,,,,,,,,,,,,,,,,,,,,,,,,,,
,,,,,,,,,,,,,,,,,,,,3,,,,,,,,,,,,,,,,,,,,,,,,,,,,,,,
,,,,,,,,,,,,,,,,,,,,3,,,,,,,,,,,,,,,,,,,,,,,,,,,,,,,
,,,,,,,,,,,,,,,,,,,,3,,,,,,,,,,,,,,,,,,,,,,,,,,,,,,,
,,,,,,,,,,,,,,,,,,,,보류,,,,,,,,,,,,,,,,,,,,,,,,,,,,,,,
,,,,,,,,,,,,,,,,,,,,4,,,,,,,,,,,,,,,,,,,,,,,,,,,,,,,
,,,,,,,,,,,,,,,,,,,,보류,,,,,,,,,,,,,,,,,,,,,,,,,,,,,,,
,,,,,,,,,,,,,,,,,,,,3,,,,,,,,,,,,,,,,,,,,,,,,,,,,,,,
,,,,,,,,,,,,,,,,,,,,3,,,,,,,,,,,,,,,,,,,,,,,,,,,,,,,
,,,,,,,,,,,,,,,,,,,,3,,,,,,,,,,,,,,,,,,,,,,,,,,,,,,,
,,,,,,,,,,,,,,,,,,,,3,,,,,,,,,,,,,,,,,,,,,,,,,,,,,,,
,,,,,,,,,,,,,,,,,,,,3,,,,,,,,,,,,,,,,,,,,,,,,,,,,,,,
,,,,,,,,,,,,,,,,,,,,3,,,,,,,,,,,,,,,,,,,,,,,,,,,,,,,
,,,,,,,,,,,,,,,,,,,,4,,,,,,,,,,,,,,,,,,,,,,,,,,,,,,,
,,,,,,,,,,,,,,,,,,,,4,,,,,,,,,,,,,,,,,,,,,,,,,,,,,,,
,,,,,,,,,,,,,,,,,,,,4,,,,,,,,,,,,,,,,,,,,,,,,,,,,,,,
,,,,,,,,,,,,,,,,,,,,2,,,,,,,,,,,,,,,,,,,,,,,,,,,,,,,
,,,,,,,,,,,,,,,,,,,,4,,,,,,,,,,,,,,,,,,,,,,,,,,,,,,,
,,,,,,,,,,,,,,,,,,,,4,,,,,,,,,,,,,,,,,,,,,,,,,,,,,,,
,,,,,,,,,,,,,,,,,,,,보류,,,,,,,,,,,,,,,,,,,,,,,,,,,,,,,
,,,,,,,,,,,,,,,,,,,,3,,,,,,,,,,,,,,,,,,,,,,,,,,,,,,,
,,,,,,,,,,,,,,,,,,,,3,,,,,,,,,,,,,,,,,,,,,,,,,,,,,,,
,,,,,,,,,,,,,,,,,,,,3,,,,,,,,,,,,,,,,,,,,,,,,,,,,,,,
,,,,,,,,,,,,,,,,,,,,보류,,,,,,,,,,,,,,,,,,,,,,,,,,,,,,,
,,,,,,,,,,,,,,,,,,,,1,,,,,,,,,,,,,,,,,,,,,,,,,,,,,,,
,,,,,,,,,,,,,,,,,,,,3,,,,,,,,,,,,,,,,,,,,,,,,,,,,,,,
,,,,,,,,,,,,,,,,,,,,3,,,,,,,,,,,,,,,,,,,,,,,,,,,,,,,
,,,,,,,,,,,,,,,,,,,,1,,,,,,,,,,,,,,,,,,,,,,,,,,,,,,,
,,,,,,,,,,,,,,,,,,,,3,,,,,,,,,,,,,,,,,,,,,,,,,,,,,,,
,,,,,,,,,,,,,,,,,,,,1,,,,,,,,,,,,,,,,,,,,,,,,,,,,,,,
,,,,,,,,,,,,,,,,,,,,4,,,,,,,,,,,,,,,,,,,,,,,,,,,,,,,
,,,,,,,,,,,,,,,,,,,,4,,,,,,,,,,,,,,,,,,,,,,,,,,,,,,,
,,,,,,,,,,,,,,,,,,,,1,,,,,,,,,,,,,,,,,,,,,,,,,,,,,,,
,,,,,,,,,,,,,,,,,,,,4,,,,,,,,,,,,,,,,,,,,,,,,,,,,,,,
,,,,,,,,,,,,,,,,,,,,4,,,,,,,,,,,,,,,,,,,,,,,,,,,,,,,
,,,,,,,,,,,,,,,,,,,,4,,,,,,,,,,,,,,,,,,,,,,,,,,,,,,,
,,,,,,,,,,,,,,,,,,,,3,,,,,,,,,,,,,,,,,,,,,,,,,,,,,,,
,,,,,,,,,,,,,,,,,,,,3,,,,,,,,,,,,,,,,,,,,,,,,,,,,,,,
,,,,,,,,,,,,,,,,,,,,3,,,,,,,,,,,,,,,,,,,,,,,,,,,,,,,
,,,,,,,,,,,,,,,,,,,,1,,,,,,,,,,,,,,,,,,,,,,,,,,,,,,,
,,,,,,,,,,,,,,,,,,,,4,,,,,,,,,,,,,,,,,,,,,,,,,,,,,,,
,,,,,,,,,,,,,,,,,,,,4,,,,,,,,,,,,,,,,,,,,,,,,,,,,,,,
,,,,,,,,,,,,,,,,,,,,4,,,,,,,,,,,,,,,,,,,,,,,,,,,,,,,
,,,,,,,,,,,,,,,,,,,,4,,,,,,,,,,,,,,,,,,,,,,,,,,,,,,,
,,,,,,,,,,,,,,,,,,,,4,,,,,,,,,,,,,,,,,,,,,,,,,,,,,,,
,,,,,,,,,,,,,,,,,,,,보류,,,,,,,,,,,,,,,,,,,,,,,,,,,,,,,
,,,,,,,,,,,,,,,,,,,,보류,,,,,,,,,,,,,,,,,,,,,,,,,,,,,,,
,,,,,,,,,,,,,,,,,,,,보류,,,,,,,,,,,,,,,,,,,,,,,,,,,,,,,
,,,,,,,,,,,,,,,,,,,,보류,,,,,,,,,,,,,,,,,,,,,,,,,,,,,,,
,,,,,,,,,,,,,,,,,,,,보류,,,,,,,,,,,,,,,,,,,,,,,,,,,,,,,
,,,,,,,,,,,,,,,,,,,,보류,,,,,,,,,,,,,,,,,,,,,,,,,,,,,,,
,,,,,,,,,,,,,,,,,,,,보류,,,,,,,,,,,,,,,,,,,,,,,,,,,,,,,
,,,,,,,,,,,,,,,,,,,,보류,,,,,,,,,,,,,,,,,,,,,,,,,,,,,,,
,,,,,,,,,,,,,,,,,,,,보류,,,,,,,,,,,,,,,,,,,,,,,,,,,,,,,
,,,,,,,,,,,,,,,,,,,,보류,,,,,,,,,,,,,,,,,,,,,,,,,,,,,,,
,,,,,,,,,,,,,,,,,,,,보류,,,,,,,,,,,,,,,,,,,,,,,,,,,,,,,
,,,,,,,,,,,,,,,,,,,,보류,,,,,,,,,,,,,,,,,,,,,,,,,,,,,,,
,,,,,,,,,,,,,,,,,,,,보류,,,,,,,,,,,,,,,,,,,,,,,,,,,,,,,
,,,,,,,,,,,,,,,,,,,,보류,,,,,,,,,,,,,,,,,,,,,,,,,,,,,,,
,,,,,,,,,,,,,,,,,,,,보류,,,,,,,,,,,,,,,,,,,,,,,,,,,,,,,
,,,,,,,,,,,,,,,,,,,,보류,,,,,,,,,,,,,,,,,,,,,,,,,,,,,,,
,,,,,,,,,,,,,,,,,,,,보류,,,,,,,,,,,,,,,,,,,,,,,,,,,,,,,
,,,,,,,,,,,,,,,,,,,,보류,,,,,,,,,,,,,,,,,,,,,,,,,,,,,,,
,,,,,,,,,,,,,,,,,,,,보류,,,,,,,,,,,,,,,,,,,,,,,,,,,,,,,
,,,,,,,,,,,,,,,,,,,,보류,,,,,,,,,,,,,,,,,,,,,,,,,,,,,,,
,,,,,,,,,,,,,,,,,,,,보류,,,,,,,,,,,,,,,,,,,,,,,,,,,,,,,
,,,,,,,,,,,,,,,,,,,,보류,,,,,,,,,,,,,,,,,,,,,,,,,,,,,,,
,,,,,,,,,,,,,,,,,,,,보류,,,,,,,,,,,,,,,,,,,,,,,,,,,,,,,
,,,,,,,,,,,,,,,,,,,,보류,,,,,,,,,,,,,,,,,,,,,,,,,,,,,,,
,,,,,,,,,,,,,,,,,,,,보류,,,,,,,,,,,,,,,,,,,,,,,,,,,,,,,
,,,,,,,,,,,,,,,,,,,,보류,,,,,,,,,,,,,,,,,,,,,,,,,,,,,,,
,,,,,,,,,,,,,,,,,,,,보류,,,,,,,,,,,,,,,,,,,,,,,,,,,,,,,
,,,,,,,,,,,,,,,,,,,,보류,,,,,,,,,,,,,,,,,,,,,,,,,,,,,,,
,,,,,,,,,,,,,,,,,,,,보류,,,,,,,,,,,,,,,,,,,,,,,,,,,,,,,
,,,,,,,,,,,,,,,,,,,,보류,,,,,,,,,,,,,,,,,,,,,,,,,,,,,,,
,,,,,,,,,,,,,,,,,,,,보류,,,,,,,,,,,,,,,,,,,,,,,,,,,,,,,
,,,,,,,,,,,,,,,,,,,,보류,,,,,,,,,,,,,,,,,,,,,,,,,,,,,,,
,,,,,,,,,,,,,,,,,,,,보류,,,,,,,,,,,,,,,,,,,,,,,,,,,,,,,
,,,,,,,,,,,,,,,,,,,,보류,,,,,,,,,,,,,,,,,,,,,,,,,,,,,,,
,,,,,,,,,,,,,,,,,,,,보류,,,,,,,,,,,,,,,,,,,,,,,,,,,,,,,
,,,,,,,,,,,,,,,,,,,,보류,,,,,,,,,,,,,,,,,,,,,,,,,,,,,,,
,,,,,,,,,,,,,,,,,,,,보류,,,,,,,,,,,,,,,,,,,,,,,,,,,,,,,
,,,,,,,,,,,,,,,,,,,,보류,,,,,,,,,,,,,,,,,,,,,,,,,,,,,,,
,,,,,,,,,,,,,,,,,,,,보류,,,,,,,,,,,,,,,,,,,,,,,,,,,,,,,
,,,,,,,,,,,,,,,,,,,,보류,,,,,,,,,,,,,,,,,,,,,,,,,,,,,,,
,,,,,,,,,,,,,,,,,,,,보류,,,,,,,,,,,,,,,,,,,,,,,,,,,,,,,
,,,,,,,,,,,,,,,,,,,,보류,,,,,,,,,,,,,,,,,,,,,,,,,,,,,,,
,,,,,,,,,,,,,,,,,,,,보류,,,,,,,,,,,,,,,,,,,,,,,,,,,,,,,
,,,,,,,,,,,,,,,,,,,,보류,,,,,,,,,,,,,,,,,,,,,,,,,,,,,,,
,,,,,,,,,,,,,,,,,,,,보류,,,,,,,,,,,,,,,,,,,,,,,,,,,,,,,
,,,,,,,,,,,,,,,,,,,,보류,,,,,,,,,,,,,,,,,,,,,,,,,,,,,,,
,,,,,,,,,,,,,,,,,,,,보류,,,,,,,,,,,,,,,,,,,,,,,,,,,,,,,
,,,,,,,,,,,,,,,,,,,,보류,,,,,,,,,,,,,,,,,,,,,,,,,,,,,,,
,,,,,,,,,,,,,,,,,,,,4,,,,,,,,,,,,,,,,,,,,,,,,,,,,,,,
,,,,,,,,,,,,,,,,,,,,4,,,,,,,,,,,,,,,,,,,,,,,,,,,,,,,
,,,,,,,,,,,,,,,,,,,,4,,,,,,,,,,,,,,,,,,,,,,,,,,,,,,,
,,,,,,,,,,,,,,,,,,,,보류,,,,,,,,,,,,,,,,,,,,,,,,,,,,,,,
,,,,,,,,,,,,,,,,,,,,보류,,,,,,,,,,,,,,,,,,,,,,,,,,,,,,,
,,,,,,,,,,,,,,,,,,,,보류,,,,,,,,,,,,,,,,,,,,,,,,,,,,,,,
,,,,,,,,,,,,,,,,,,,,보류,,,,,,,,,,,,,,,,,,,,,,,,,,,,,,,
,,,,,,,,,,,,,,,,,,,,보류,,,,,,,,,,,,,,,,,,,,,,,,,,,,,,,
,,,,,,,,,,,,,,,,,,,,보류,,,,,,,,,,,,,,,,,,,,,,,,,,,,,,,
,,,,,,,,,,,,,,,,,,,,보류,,,,,,,,,,,,,,,,,,,,,,,,,,,,,,,
,,,,,,,,,,,,,,,,,,,,보류,,,,,,,,,,,,,,,,,,,,,,,,,,,,,,,
,,,,,,,,,,,,,,,,,,,,보류,,,,,,,,,,,,,,,,,,,,,,,,,,,,,,,
,,,,,,,,,,,,,,,,,,,,보류,,,,,,,,,,,,,,,,,,,,,,,,,,,,,,,
,,,,,,,,,,,,,,,,,,,,보류,,,,,,,,,,,,,,,,,,,,,,,,,,,,,,,
,,,,,,,,,,,,,,,,,,,,보류,,,,,,,,,,,,,,,,,,,,,,,,,,,,,,,
,,,,,,,,,,,,,,,,,,,,보류,,,,,,,,,,,,,,,,,,,,,,,,,,,,,,,
,,,,,,,,,,,,,,,,,,,,보류,,,,,,,,,,,,,,,,,,,,,,,,,,,,,,,
,,,,,,,,,,,,,,,,,,,,보류,,,,,,,,,,,,,,,,,,,,,,,,,,,,,,,
,,,,,,,,,,,,,,,,,,,,보류,,,,,,,,,,,,,,,,,,,,,,,,,,,,,,,
,,,,,,,,,,,,,,,,,,,,보류,,,,,,,,,,,,,,,,,,,,,,,,,,,,,,,
,,,,,,,,,,,,,,,,,,,,보류,,,,,,,,,,,,,,,,,,,,,,,,,,,,,,,
,,,,,,,,,,,,,,,,,,,,보류,,,,,,,,,,,,,,,,,,,,,,,,,,,,,,,
,,,,,,,,,,,,,,,,,,,,보류,,,,,,,,,,,,,,,,,,,,,,,,,,,,,,,
,,,,,,,,,,,,,,,,,,,,보류,,,,,,,,,,,,,,,,,,,,,,,,,,,,,,,
,,,,,,,,,,,,,,,,,,,,보류,,,,,,,,,,,,,,,,,,,,,,,,,,,,,,,
,,,,,,,,,,,,,,,,,,,,보류,,,,,,,,,,,,,,,,,,,,,,,,,,,,,,,
,,,,,,,,,,,,,,,,,,,,보류,,,,,,,,,,,,,,,,,,,,,,,,,,,,,,,
,,,,,,,,,,,,,,,,,,,,4,,,,,,,,,,,,,,,,,,,,,,,,,,,,,,,
,,,,,,,,,,,,,,,,,,,,보류,,,,,,,,,,,,,,,,,,,,,,,,,,,,,,,
,,,,,,,,,,,,,,,,,,,,보류,,,,,,,,,,,,,,,,,,,,,,,,,,,,,,,